gen_seed,size_requested,size_effective,alpha,n_repeats,fpr_mean,fpr_std,fpr_min,fpr_max,calibration_error_mean,fpr_mean_std
0,30,30,0.05,100,0.0260058823529411,0.0233201362415672,0.004,0.1203529411764706,0.0239941176470588,
0,50,50,0.05,100,0.0284882352941176,0.0172455851629469,0.0050588235294117,0.0995294117647058,0.0215117647058823,
0,100,100,0.05,100,0.0368364705882352,0.0127235486660538,0.0145882352941176,0.0849411764705882,0.0131635294117647,
0,200,200,0.05,100,0.0375835294117647,0.010144648238814,0.0231764705882352,0.0627058823529411,0.0124164705882352,
0,500,500,0.05,100,0.0356470588235294,6.938893903907228e-18,0.0356470588235294,0.0356470588235294,0.0143529411764705,
1,30,30,0.05,100,0.0202870588235294,0.022308130440201,0.0004705882352941,0.1018823529411764,0.0297129411764705,
1,50,50,0.05,100,0.0237788235294117,0.0195735028859147,0.0004705882352941,0.0929411764705882,0.0262211764705882,
1,100,100,0.05,100,0.0330505882352941,0.0144353876501116,0.0058823529411764,0.0658823529411764,0.0169494117647058,
1,200,200,0.05,100,0.0318105882352941,0.0084638191090095,0.0155294117647058,0.0631764705882352,0.0181894117647058,
1,500,500,0.05,100,0.0310588235294117,1.7347234759768068e-17,0.0310588235294117,0.0310588235294117,0.0189411764705882,
2,30,30,0.05,100,0.0246411764705882,0.0252024680232644,0.000235294117647,0.1504705882352941,0.0253588235294117,
2,50,50,0.05,100,0.0281164705882352,0.0176888641684799,0.0003529411764705,0.0996470588235294,0.0218835294117647,
2,100,100,0.05,100,0.0383682352941176,0.0145251354030696,0.0111764705882352,0.0996470588235294,0.0116317647058823,
2,200,200,0.05,100,0.0373929411764705,0.0069163808364948,0.0192941176470588,0.0504705882352941,0.0126070588235294,
2,500,500,0.05,100,0.0361176470588235,6.938893903907228e-18,0.0361176470588235,0.0361176470588235,0.0138823529411764,
3,30,30,0.05,100,0.0267494117647058,0.0241500078732247,0.0011764705882352,0.1224705882352941,0.0232505882352941,
3,50,50,0.05,100,0.03152,0.0206685269989058,0.0031764705882352,0.1218823529411764,0.01848,
3,100,100,0.05,100,0.0383694117647058,0.0171906872672305,0.0170588235294117,0.0808235294117647,0.0116305882352941,
3,200,200,0.05,100,0.0342529411764705,0.011008563825888,0.0195294117647058,0.070235294117647,0.0157470588235294,
3,500,500,0.05,100,0.0301176470588235,3.469446951953614e-18,0.0301176470588235,0.0301176470588235,0.0198823529411764,
4,30,30,0.05,100,0.0167270588235294,0.0216900556360468,0.0,0.1277647058823529,0.0332729411764705,
4,50,50,0.05,100,0.0226658823529411,0.0161130540471582,0.0025882352941176,0.0765882352941176,0.0273341176470588,
4,100,100,0.05,100,0.0267058823529411,0.0099287147789948,0.0084705882352941,0.0652941176470588,0.0232941176470588,
4,200,200,0.05,100,0.0275658823529411,0.0060502782686441,0.0117647058823529,0.0498823529411764,0.0224341176470588,
4,500,500,0.05,100,0.0291764705882352,0.0,0.0291764705882352,0.0291764705882352,0.0208235294117647,
all,30,30,0.05,100,0.0228821176470588,,0.0,0.1504705882352941,0.0271178823529411,0.0042552096626789
all,50,50,0.05,100,0.0269138823529411,,0.0003529411764705,0.1218823529411764,0.0230861176470588,0.0036405776757471
all,100,100,0.05,100,0.0346661176470588,,0.0058823529411764,0.0996470588235294,0.0153338823529411,0.0049524179827062
all,200,200,0.05,100,0.0337211764705882,,0.0117647058823529,0.070235294117647,0.0162788235294117,0.0041898804600962
all,500,500,0.05,100,0.0324235294117647,,0.0291764705882352,0.0361176470588235,0.0175764705882352,0.0032311203023571
