gen_seed,method,alpha,threshold,attack_id,family,empirical_fpr,empirical_tpr,calibration_error,delta_fpr,fpr_violation,worst_case_fpr,worst_case_tpr,worst_attack_fpr,worst_attack_tpr,empirical_fpr_std,empirical_tpr_std,worst_case_fpr_std,worst_case_tpr_std
0,M3,0.05,-49.37412643432617,blurring,ID-single,0.04,0.996,0.01,-0.01,0,,,,,,,,
0,M3,0.05,-49.37412643432617,blurring+noise,same-family composite,0.066,0.994,0.016,0.016,1,,,,,,,,
0,M3,0.05,-49.37412643432617,cropping,ID-single,0.04,0.682,0.01,-0.01,0,,,,,,,,
0,M3,0.05,-49.37412643432617,cropping+jpeg,same-family composite,0.032,0.45,0.018,-0.018,0,,,,,,,,
0,M3,0.05,-49.37412643432617,jpeg+cropping,same-family composite,0.016,0.35,0.034,-0.034,0,,,,,,,,
0,M3,0.05,-49.37412643432617,jpeg_q30,ID-single,0.028,0.994,0.022,-0.022,0,,,,,,,,
0,M3,0.05,-49.37412643432617,jpeg_q50,ID-single,0.022,0.996,0.028,-0.028,0,,,,,,,,
0,M3,0.05,-49.37412643432617,jpeg_q70,ID-single,0.026,0.996,0.024,-0.024,0,,,,,,,,
0,M3,0.05,-49.37412643432617,jpeg_q90,ID-single,0.034,0.998,0.016,-0.016,0,,,,,,,,
0,M3,0.05,-49.37412643432617,noise+blurring+jpeg,cross-family composite,0.016,0.966,0.034,-0.034,0,,,,,,,,
0,M3,0.05,-49.37412643432617,noise_s001,ID-single,0.042,0.998,0.008,-0.008,0,,,,,,,,
0,M3,0.05,-49.37412643432617,noise_s003,ID-single,0.06,0.998,0.0099999999999999,0.0099999999999999,1,,,,,,,,
0,M3,0.05,-49.37412643432617,noise_s005,ID-single,0.064,0.996,0.0139999999999999,0.0139999999999999,1,,,,,,,,
0,M3,0.05,-49.37412643432617,noise_s008,ID-single,0.068,0.99,0.018,0.018,1,,,,,,,,
0,M3,0.05,-49.37412643432617,none,ID-single,0.038,0.996,0.012,-0.012,0,,,,,,,,
0,M3,0.05,-49.37412643432617,rotation,ID-single,0.002,0.044,0.048,-0.048,0,,,,,,,,
0,M3,0.05,-49.37412643432617,rotation+cropping+jpeg,cross-family composite,0.012,0.038,0.038,-0.038,0,,,,,,,,
0,M3,0.05,-49.37412643432617,_worst,ID-single,0.068,0.044,0.018,0.018,3,0.068,0.044,noise_s008,rotation,,,,
0,M3,0.05,-49.37412643432617,_worst,cross-family composite,0.016,0.038,0.034,-0.034,0,0.016,0.038,noise+blurring+jpeg,rotation+cropping+jpeg,,,,
0,M3,0.05,-49.37412643432617,_worst,same-family composite,0.066,0.35,0.016,0.016,1,0.066,0.35,blurring+noise,jpeg+cropping,,,,
1,M3,0.05,-49.068580627441406,blurring,ID-single,0.028,0.998,0.022,-0.022,0,,,,,,,,
1,M3,0.05,-49.068580627441406,blurring+noise,same-family composite,0.068,1.0,0.018,0.018,1,,,,,,,,
1,M3,0.05,-49.068580627441406,cropping,ID-single,0.03,0.634,0.02,-0.02,0,,,,,,,,
1,M3,0.05,-49.068580627441406,cropping+jpeg,same-family composite,0.03,0.408,0.02,-0.02,0,,,,,,,,
1,M3,0.05,-49.068580627441406,jpeg+cropping,same-family composite,0.014,0.292,0.036,-0.036,0,,,,,,,,
1,M3,0.05,-49.068580627441406,jpeg_q30,ID-single,0.032,0.986,0.018,-0.018,0,,,,,,,,
1,M3,0.05,-49.068580627441406,jpeg_q50,ID-single,0.014,0.994,0.036,-0.036,0,,,,,,,,
1,M3,0.05,-49.068580627441406,jpeg_q70,ID-single,0.026,0.998,0.024,-0.024,0,,,,,,,,
1,M3,0.05,-49.068580627441406,jpeg_q90,ID-single,0.04,1.0,0.01,-0.01,0,,,,,,,,
1,M3,0.05,-49.068580627441406,noise+blurring+jpeg,cross-family composite,0.01,0.948,0.04,-0.04,0,,,,,,,,
1,M3,0.05,-49.068580627441406,noise_s001,ID-single,0.034,1.0,0.016,-0.016,0,,,,,,,,
1,M3,0.05,-49.068580627441406,noise_s003,ID-single,0.048,1.0,0.002,-0.002,0,,,,,,,,
1,M3,0.05,-49.068580627441406,noise_s005,ID-single,0.054,1.0,0.0039999999999999,0.0039999999999999,1,,,,,,,,
1,M3,0.05,-49.068580627441406,noise_s008,ID-single,0.052,0.998,0.0019999999999999,0.0019999999999999,1,,,,,,,,
1,M3,0.05,-49.068580627441406,none,ID-single,0.038,1.0,0.012,-0.012,0,,,,,,,,
1,M3,0.05,-49.068580627441406,rotation,ID-single,0.0,0.032,0.05,-0.05,0,,,,,,,,
1,M3,0.05,-49.068580627441406,rotation+cropping+jpeg,cross-family composite,0.01,0.018,0.04,-0.04,0,,,,,,,,
1,M3,0.05,-49.068580627441406,_worst,ID-single,0.054,0.032,0.0039999999999999,0.0039999999999999,2,0.054,0.032,noise_s005,rotation,,,,
1,M3,0.05,-49.068580627441406,_worst,cross-family composite,0.01,0.018,0.04,-0.04,0,0.01,0.018,noise+blurring+jpeg,rotation+cropping+jpeg,,,,
1,M3,0.05,-49.068580627441406,_worst,same-family composite,0.068,0.292,0.018,0.018,1,0.068,0.292,blurring+noise,jpeg+cropping,,,,
2,M3,0.05,-49.36642837524414,blurring,ID-single,0.034,1.0,0.016,-0.016,0,,,,,,,,
2,M3,0.05,-49.36642837524414,blurring+noise,same-family composite,0.074,0.998,0.0239999999999999,0.0239999999999999,1,,,,,,,,
2,M3,0.05,-49.36642837524414,cropping,ID-single,0.034,0.704,0.016,-0.016,0,,,,,,,,
2,M3,0.05,-49.36642837524414,cropping+jpeg,same-family composite,0.022,0.442,0.028,-0.028,0,,,,,,,,
2,M3,0.05,-49.36642837524414,jpeg+cropping,same-family composite,0.016,0.316,0.034,-0.034,0,,,,,,,,
2,M3,0.05,-49.36642837524414,jpeg_q30,ID-single,0.03,0.988,0.02,-0.02,0,,,,,,,,
2,M3,0.05,-49.36642837524414,jpeg_q50,ID-single,0.018,0.994,0.032,-0.032,0,,,,,,,,
2,M3,0.05,-49.36642837524414,jpeg_q70,ID-single,0.038,0.998,0.012,-0.012,0,,,,,,,,
2,M3,0.05,-49.36642837524414,jpeg_q90,ID-single,0.042,1.0,0.008,-0.008,0,,,,,,,,
2,M3,0.05,-49.36642837524414,noise+blurring+jpeg,cross-family composite,0.012,0.976,0.038,-0.038,0,,,,,,,,
2,M3,0.05,-49.36642837524414,noise_s001,ID-single,0.046,1.0,0.004,-0.004,0,,,,,,,,
2,M3,0.05,-49.36642837524414,noise_s003,ID-single,0.052,1.0,0.0019999999999999,0.0019999999999999,1,,,,,,,,
2,M3,0.05,-49.36642837524414,noise_s005,ID-single,0.068,0.998,0.018,0.018,1,,,,,,,,
2,M3,0.05,-49.36642837524414,noise_s008,ID-single,0.068,0.994,0.018,0.018,1,,,,,,,,
2,M3,0.05,-49.36642837524414,none,ID-single,0.042,1.0,0.008,-0.008,0,,,,,,,,
2,M3,0.05,-49.36642837524414,rotation,ID-single,0.004,0.054,0.046,-0.046,0,,,,,,,,
2,M3,0.05,-49.36642837524414,rotation+cropping+jpeg,cross-family composite,0.014,0.034,0.036,-0.036,0,,,,,,,,
2,M3,0.05,-49.36642837524414,_worst,ID-single,0.068,0.054,0.018,0.018,3,0.068,0.054,noise_s005,rotation,,,,
2,M3,0.05,-49.36642837524414,_worst,cross-family composite,0.014,0.034,0.036,-0.036,0,0.014,0.034,rotation+cropping+jpeg,rotation+cropping+jpeg,,,,
2,M3,0.05,-49.36642837524414,_worst,same-family composite,0.074,0.316,0.0239999999999999,0.0239999999999999,1,0.074,0.316,blurring+noise,jpeg+cropping,,,,
3,M3,0.05,-49.06353759765625,blurring,ID-single,0.04,1.0,0.01,-0.01,0,,,,,,,,
3,M3,0.05,-49.06353759765625,blurring+noise,same-family composite,0.062,0.998,0.0119999999999999,0.0119999999999999,1,,,,,,,,
3,M3,0.05,-49.06353759765625,cropping,ID-single,0.03,0.672,0.02,-0.02,0,,,,,,,,
3,M3,0.05,-49.06353759765625,cropping+jpeg,same-family composite,0.016,0.412,0.034,-0.034,0,,,,,,,,
3,M3,0.05,-49.06353759765625,jpeg+cropping,same-family composite,0.01,0.346,0.04,-0.04,0,,,,,,,,
3,M3,0.05,-49.06353759765625,jpeg_q30,ID-single,0.026,0.986,0.024,-0.024,0,,,,,,,,
3,M3,0.05,-49.06353759765625,jpeg_q50,ID-single,0.016,0.994,0.034,-0.034,0,,,,,,,,
3,M3,0.05,-49.06353759765625,jpeg_q70,ID-single,0.02,1.0,0.03,-0.03,0,,,,,,,,
3,M3,0.05,-49.06353759765625,jpeg_q90,ID-single,0.03,1.0,0.02,-0.02,0,,,,,,,,
3,M3,0.05,-49.06353759765625,noise+blurring+jpeg,cross-family composite,0.008,0.986,0.042,-0.042,0,,,,,,,,
3,M3,0.05,-49.06353759765625,noise_s001,ID-single,0.03,1.0,0.02,-0.02,0,,,,,,,,
3,M3,0.05,-49.06353759765625,noise_s003,ID-single,0.048,1.0,0.002,-0.002,0,,,,,,,,
3,M3,0.05,-49.06353759765625,noise_s005,ID-single,0.068,1.0,0.018,0.018,1,,,,,,,,
3,M3,0.05,-49.06353759765625,noise_s008,ID-single,0.064,0.998,0.0139999999999999,0.0139999999999999,1,,,,,,,,
3,M3,0.05,-49.06353759765625,none,ID-single,0.032,1.0,0.018,-0.018,0,,,,,,,,
3,M3,0.05,-49.06353759765625,rotation,ID-single,0.004,0.022,0.046,-0.046,0,,,,,,,,
3,M3,0.05,-49.06353759765625,rotation+cropping+jpeg,cross-family composite,0.008,0.014,0.042,-0.042,0,,,,,,,,
3,M3,0.05,-49.06353759765625,_worst,ID-single,0.068,0.022,0.018,0.018,2,0.068,0.022,noise_s005,rotation,,,,
3,M3,0.05,-49.06353759765625,_worst,cross-family composite,0.008,0.014,0.042,-0.042,0,0.008,0.014,noise+blurring+jpeg,rotation+cropping+jpeg,,,,
3,M3,0.05,-49.06353759765625,_worst,same-family composite,0.062,0.346,0.0119999999999999,0.0119999999999999,1,0.062,0.346,blurring+noise,jpeg+cropping,,,,
4,M3,0.05,-49.15279769897461,blurring,ID-single,0.026,1.0,0.024,-0.024,0,,,,,,,,
4,M3,0.05,-49.15279769897461,blurring+noise,same-family composite,0.068,0.998,0.018,0.018,1,,,,,,,,
4,M3,0.05,-49.15279769897461,cropping,ID-single,0.034,0.658,0.016,-0.016,0,,,,,,,,
4,M3,0.05,-49.15279769897461,cropping+jpeg,same-family composite,0.018,0.412,0.032,-0.032,0,,,,,,,,
4,M3,0.05,-49.15279769897461,jpeg+cropping,same-family composite,0.018,0.31,0.032,-0.032,0,,,,,,,,
4,M3,0.05,-49.15279769897461,jpeg_q30,ID-single,0.028,0.986,0.022,-0.022,0,,,,,,,,
4,M3,0.05,-49.15279769897461,jpeg_q50,ID-single,0.008,1.0,0.042,-0.042,0,,,,,,,,
4,M3,0.05,-49.15279769897461,jpeg_q70,ID-single,0.024,0.998,0.026,-0.026,0,,,,,,,,
4,M3,0.05,-49.15279769897461,jpeg_q90,ID-single,0.026,1.0,0.024,-0.024,0,,,,,,,,
4,M3,0.05,-49.15279769897461,noise+blurring+jpeg,cross-family composite,0.008,0.962,0.042,-0.042,0,,,,,,,,
4,M3,0.05,-49.15279769897461,noise_s001,ID-single,0.036,1.0,0.014,-0.014,0,,,,,,,,
4,M3,0.05,-49.15279769897461,noise_s003,ID-single,0.058,0.998,0.008,0.008,1,,,,,,,,
4,M3,0.05,-49.15279769897461,noise_s005,ID-single,0.062,0.998,0.0119999999999999,0.0119999999999999,1,,,,,,,,
4,M3,0.05,-49.15279769897461,noise_s008,ID-single,0.052,0.994,0.0019999999999999,0.0019999999999999,1,,,,,,,,
4,M3,0.05,-49.15279769897461,none,ID-single,0.03,1.0,0.02,-0.02,0,,,,,,,,
4,M3,0.05,-49.15279769897461,rotation,ID-single,0.0,0.026,0.05,-0.05,0,,,,,,,,
4,M3,0.05,-49.15279769897461,rotation+cropping+jpeg,cross-family composite,0.0,0.02,0.05,-0.05,0,,,,,,,,
4,M3,0.05,-49.15279769897461,_worst,ID-single,0.062,0.026,0.0119999999999999,0.0119999999999999,3,0.062,0.026,noise_s005,rotation,,,,
4,M3,0.05,-49.15279769897461,_worst,cross-family composite,0.008,0.02,0.042,-0.042,0,0.008,0.02,noise+blurring+jpeg,rotation+cropping+jpeg,,,,
4,M3,0.05,-49.15279769897461,_worst,same-family composite,0.068,0.31,0.018,0.018,1,0.068,0.31,blurring+noise,jpeg+cropping,,,,
all,M3,0.05,,_worst,ID-single,0.064,0.0356,0.014,0.014,13,0.064,0.0356,noise_s005,rotation,0.0061644140029689,0.0132211951048307,0.0061644140029689,0.0132211951048307
all,M3,0.05,,_worst,cross-family composite,0.0112,0.0248,0.0388,-0.0388,0,0.0112,0.0248,noise+blurring+jpeg,rotation+cropping+jpeg,0.0036331804249169,0.0105451410611712,0.0036331804249169,0.0105451410611712
all,M3,0.05,,_worst,same-family composite,0.0676,0.3228,0.0175999999999999,0.0175999999999999,5,0.0676,0.3228,blurring+noise,jpeg+cropping,0.0043358966777357,0.0246819772303597,0.0043358966777357,0.0246819772303597
all,M3,0.05,,blurring,ID-single,0.0336,0.9988,0.0164,-0.0164,0,,,,,0.0065421708935184,0.0017888543819998,,
all,M3,0.05,,blurring+noise,same-family composite,0.0676,0.9976,0.0175999999999999,0.0175999999999999,5,,,,,0.0043358966777357,0.0021908902300206,,
all,M3,0.05,,cropping,ID-single,0.0336,0.67,0.0164,-0.0164,0,,,,,0.0040987803063838,0.0261916017074175,,
all,M3,0.05,,cropping+jpeg,same-family composite,0.0236,0.4248,0.0264,-0.0264,0,,,,,0.0071274118724821,0.0196265126805553,,
all,M3,0.05,,jpeg+cropping,same-family composite,0.0147999999999999,0.3228,0.0352,-0.0352,0,,,,,0.0030331501776206,0.0246819772303597,,
all,M3,0.05,,jpeg_q30,ID-single,0.0288,0.988,0.0212,-0.0212,0,,,,,0.0022803508501982,0.0034641016151377,,
all,M3,0.05,,jpeg_q50,ID-single,0.0156,0.9956,0.0344,-0.0344,0,,,,,0.0051768716422179,0.002607680962081,,
all,M3,0.05,,jpeg_q70,ID-single,0.0268,0.998,0.0232,-0.0232,0,,,,,0.0067230945255886,0.0014142135623731,,
all,M3,0.05,,jpeg_q90,ID-single,0.0344,0.9996,0.0156,-0.0156,0,,,,,0.0066932802122726,0.0008944271909999,,
all,M3,0.05,,noise+blurring+jpeg,cross-family composite,0.0108,0.9676,0.0392,-0.0392,0,,,,,0.0033466401061363,0.014380542409798,,
all,M3,0.05,,noise_s001,ID-single,0.0376,0.9996,0.0124,-0.0124,0,,,,,0.0063874877690685,0.0008944271909999,,
all,M3,0.05,,noise_s003,ID-single,0.0532,0.9992,0.0047999999999999,0.0031999999999999,3,,,,,0.0055856960175075,0.0010954451150103,,
all,M3,0.05,,noise_s005,ID-single,0.0632,0.9984,0.0132,0.0132,5,,,,,0.0057619441163551,0.0016733200530681,,
all,M3,0.05,,noise_s008,ID-single,0.0608,0.9948,0.0107999999999999,0.0107999999999999,5,,,,,0.0081975606127676,0.0033466401061363,,
all,M3,0.05,,none,ID-single,0.036,0.9992,0.014,-0.014,0,,,,,0.0048989794855663,0.0017888543819998,,
all,M3,0.05,,rotation,ID-single,0.002,0.0356,0.048,-0.048,0,,,,,0.002,0.0132211951048307,,
all,M3,0.05,,rotation+cropping+jpeg,cross-family composite,0.0087999999999999,0.0248,0.0412,-0.0412,0,,,,,0.0054037024344425,0.0105451410611712,,
