,calibration_error,calibration_error,calibration_error,empirical_fpr,empirical_fpr,empirical_fpr,empirical_tpr,empirical_tpr,empirical_tpr
method,M1,M2,M3,M1,M2,M3,M1,M2,M3
attack_id,,,,,,,,,
blurring,0.0488,0.0472,0.0164,0.0012,0.0028,0.0336,0.982,0.9884,0.9988
blurring+noise,0.05,0.0476,0.0176,0.0,0.0024,0.0676,0.932,0.9656,0.9976
cropping,0.0492,0.0492,0.0164,0.0008,0.0008,0.0336,0.1136,0.2108,0.67
cropping+jpeg,0.0492,0.048,0.0264,0.0008,0.002,0.0236,0.0268,0.0608,0.4248
jpeg+cropping,0.0492,0.0484,0.0352,0.0008,0.0016,0.0148,0.0112,0.034,0.3228
jpeg_q30,0.0468,0.044,0.0212,0.0032,0.006,0.0288,0.842,0.8912,0.988
jpeg_q50,0.0484,0.0484,0.0344,0.0016,0.0016,0.0156,0.9104,0.9456,0.9956
jpeg_q70,0.0496,0.0496,0.0232,0.0004,0.0004,0.0268,0.9748,0.9864,0.998
jpeg_q90,0.0492,0.0468,0.0156,0.0008,0.0032,0.0344,0.9856,0.9904,0.9996
noise+blurring+jpeg,0.05,0.05,0.0392,0.0,0.0,0.0108,0.7796,0.834,0.9676
noise_s001,0.05,0.0492,0.0124,0.0,0.0008,0.0376,0.9832,0.9896,0.9996
noise_s003,0.05,0.0488,0.0048,0.0,0.0012,0.0532,0.9724,0.9864,0.9992
noise_s005,0.0496,0.0472,0.0132,0.0004,0.0028,0.0632,0.944,0.9704,0.9984
noise_s008,0.0492,0.0468,0.0108,0.0008,0.0032,0.0608,0.8332,0.8924,0.9948
none,0.0492,0.0476,0.014,0.0008,0.0024,0.036,0.9844,0.9912,0.9992
rotation,0.05,0.0496,0.048,0.0,0.0004,0.002,0.0004,0.0008,0.0356
rotation+cropping+jpeg,0.0496,0.0492,0.0412,0.0004,0.0008,0.0088,0.0004,0.0012,0.0248
