prompt_id,prompt
000000,"a digital painting of a desert caravan in a moonlit field, in vivid color"
000001,"a low-poly 3D render of a snow-covered village in the fog, with dramatic lighting"
000002,"a black-and-white photograph of a bustling marketplace at golden hour, with a warm color palette"
000003,"a low-poly 3D render of a lighthouse under a starry sky, rendered in fine detail"
000004,"an oil painting of a glass greenhouse at golden hour, in vivid color"
000005,"a studio photograph of a coral reef under a starry sky, in muted tones"
000006,"a low-poly 3D render of a bowl of fruit in a quiet alley, rendered in fine detail"
000007,"a studio photograph of a lighthouse during a snowstorm, in vivid color"
000008,"a stained-glass depiction of a desert caravan under a starry sky, with dramatic lighting"
000009,"a black-and-white photograph of a vintage car in a bustling square, in vivid color"
000010,"a digital painting of an empty street in a quiet alley, in muted tones"
000011,"a digital painting of a desert caravan beside a river, with long shadows"
000012,"a vintage postcard illustration of a herd of horses in a moonlit field, in muted tones"
000013,"a stained-glass depiction of a hot air balloon at midnight, in muted tones"
000014,"a pastel drawing of a bustling marketplace at dawn, with a shallow depth of field"
000015,"a pastel drawing of an empty street in a quiet alley, with dramatic lighting"
000016,"a studio photograph of a dense forest near a waterfall, with a cool color palette"
000017,"a digital painting of a floating castle beside a river, in high contrast"
000018,"a watercolor illustration of an empty street on a cliff edge, in muted tones"
000019,"a high-resolution photograph of a steam locomotive on the horizon, in vivid color"
000020,"a stained-glass depiction of a city skyline near a waterfall, with dramatic lighting"
000021,"a digital painting of a stone bridge in a moonlit field, with long shadows"
000022,"a charcoal sketch of a person in a red coat on the horizon, in vivid color"
000023,"a black-and-white photograph of a Japanese garden under neon lights, in muted tones"
000024,"an ink wash painting of a person in a red coat on the horizon, with dramatic lighting"
000025,"a black-and-white photograph of a vintage car at sunset, rendered in fine detail"
000026,"a low-poly 3D render of a snow-covered village beside a river, rendered in fine detail"
000027,"a charcoal sketch of a bowl of fruit in an empty plaza, rendered in fine detail"
000028,"a black-and-white photograph of a steam locomotive in a bustling square, in vivid color"
000029,"a high-resolution photograph of a wandering robot in the fog, with long shadows"
000030,"a stained-glass depiction of a herd of horses in heavy rain, rendered in fine detail"
000031,"a vintage postcard illustration of a floating castle during a snowstorm, with soft focus"
000032,"a watercolor illustration of a stone bridge on the horizon, in high contrast"
000033,"an ink wash painting of a desert caravan on a cliff edge, with dramatic lighting"
000034,"a watercolor illustration of a dense forest near a waterfall, with a warm color palette"
000035,"a pastel drawing of a vase of flowers at midnight, in high contrast"
000036,"a vintage postcard illustration of a city skyline under neon lights, with soft focus"
000037,"an oil painting of a steam locomotive in a quiet alley, with soft focus"
000038,"a studio photograph of a steam locomotive in the fog, with soft focus"
000039,"a digital painting of a wandering robot in heavy rain, with dramatic lighting"
000040,"an oil painting of an empty street at sunset, in high contrast"
000041,"an ink wash painting of a city skyline at dawn, with a warm color palette"
000042,"a low-poly 3D render of a hot air balloon at golden hour, with a warm color palette"
000043,"a watercolor illustration of a hot air balloon near a waterfall, with a cool color palette"
000044,"a high-resolution photograph of a coral reef in a moonlit field, rendered in fine detail"
000045,"an oil painting of a stone bridge beside a river, with a warm color palette"
000046,"a digital painting of a lighthouse in heavy rain, with a warm color palette"
000047,"a stained-glass depiction of a wandering robot in the fog, with long shadows"
000048,"an ink wash painting of a stone bridge at sunset, with a warm color palette"
000049,"a stained-glass depiction of a lighthouse near a waterfall, with long shadows"
000050,"an oil painting of a city skyline at golden hour, with soft focus"
000051,"a black-and-white photograph of a city skyline beside a river, in vivid color"
000052,"a low-poly 3D render of a violinist under a starry sky, with a cool color palette"
000053,"a high-resolution photograph of a desert caravan during a snowstorm, with long shadows"
000054,"a digital painting of a vintage car at sunset, rendered in fine detail"
000055,"a low-poly 3D render of a coral reef at golden hour, in muted tones"
000056,"a watercolor illustration of a vintage car under a starry sky, in vivid color"
000057,"an oil painting of a Japanese garden at midnight, with long shadows"
000058,"an ink wash painting of a stone bridge at midnight, in high contrast"
000059,"a studio photograph of a desert caravan near a waterfall, with dramatic lighting"
000060,"a high-resolution photograph of a vintage car under a starry sky, with a cool color palette"
000061,"a charcoal sketch of an astronaut on the horizon, with long shadows"
000062,"a digital painting of a snow-covered village in a moonlit field, with soft focus"
000063,"a black-and-white photograph of a herd of horses in a moonlit field, with dramatic lighting"
000064,"an oil painting of a hot air balloon at dawn, with a cool color palette"
000065,"a digital painting of a bowl of fruit beside a river, with a warm color palette"
000066,"an oil painting of a snow-covered village in a quiet alley, with a warm color palette"
000067,"a watercolor illustration of a lighthouse under a starry sky, with a warm color palette"
000068,"a black-and-white photograph of a violinist in a bustling square, with a shallow depth of field"
000069,"a high-resolution photograph of a floating castle surrounded by autumn leaves, in vivid color"
000070,"an oil painting of a mountain landscape in the fog, with a cool color palette"
000071,"a high-resolution photograph of a person in a red coat at midnight, with dramatic lighting"
000072,"a watercolor illustration of a herd of horses near a waterfall, with a warm color palette"
000073,"a stained-glass depiction of a floating castle under a starry sky, in high contrast"
000074,"a stained-glass depiction of a city skyline in a quiet alley, with dramatic lighting"
000075,"a pastel drawing of a clockwork bird surrounded by autumn leaves, with soft focus"
000076,"a low-poly 3D render of a lighthouse under a starry sky, with soft focus"
000077,"an ink wash painting of a snow-covered village near a waterfall, with a warm color palette"
000078,"a vintage postcard illustration of a vase of flowers in heavy rain, in muted tones"
000079,"a stained-glass depiction of a floating castle near a waterfall, with a cool color palette"
000080,"a watercolor illustration of a floating castle on the horizon, with long shadows"
000081,"a studio photograph of a herd of horses in the fog, rendered in fine detail"
000082,"a pastel drawing of a vase of flowers near a waterfall, with long shadows"
000083,"a black-and-white photograph of a violinist in heavy rain, with soft focus"
000084,"a vintage postcard illustration of a clockwork bird in a moonlit field, with long shadows"
000085,"a pastel drawing of a Japanese garden at sunset, in vivid color"
000086,"a low-poly 3D render of a snow-covered village surrounded by autumn leaves, with a warm color palette"
000087,"a vintage postcard illustration of a herd of horses in a quiet alley, in high contrast"
000088,"a vintage postcard illustration of an empty street near a waterfall, rendered in fine detail"
000089,"an oil painting of a dense forest at golden hour, with a cool color palette"
000090,"an ink wash painting of a violinist in the fog, with a shallow depth of field"
000091,"a stained-glass depiction of a herd of horses in heavy rain, in vivid color"
000092,"a stained-glass depiction of an empty street in the fog, rendered in fine detail"
000093,"a black-and-white photograph of a person in a red coat at golden hour, with a shallow depth of field"
000094,"a studio photograph of a person in a red coat at dawn, in high contrast"
000095,"a watercolor illustration of a person in a red coat in an empty plaza, with soft focus"
000096,"a low-poly 3D render of a city skyline in an empty plaza, with a shallow depth of field"
000097,"a black-and-white photograph of a wandering robot at sunset, with a warm color palette"
000098,"a black-and-white photograph of a mountain landscape in a moonlit field, in vivid color"
000099,"a high-resolution photograph of an astronaut on a cliff edge, with dramatic lighting"
000100,"an ink wash painting of a snow-covered village on a cliff edge, with soft focus"
000101,"a pastel drawing of an empty street in an empty plaza, in high contrast"
000102,"a pastel drawing of a hot air balloon in a bustling square, with a cool color palette"
000103,"a vintage postcard illustration of a herd of horses on a cliff edge, in high contrast"
000104,"a charcoal sketch of a clockwork bird near a waterfall, in high contrast"
000105,"a black-and-white photograph of a Japanese garden at golden hour, with soft focus"
000106,"a stained-glass depiction of a violinist near a waterfall, with a cool color palette"
000107,"a stained-glass depiction of a wandering robot at dawn, in vivid color"
000108,"a low-poly 3D render of a hot air balloon at dawn, with soft focus"
000109,"an oil painting of a steam locomotive in a quiet alley, with a cool color palette"
000110,"an oil painting of a city skyline in a quiet alley, rendered in fine detail"
000111,"an oil painting of a spaceship in a moonlit field, with long shadows"
000112,"a watercolor illustration of a floating castle at golden hour, with a shallow depth of field"
000113,"a digital painting of a snow-covered village under neon lights, with a shallow depth of field"
000114,"an oil painting of a spaceship during a snowstorm, in high contrast"
000115,"an oil painting of an empty street under neon lights, rendered in fine detail"
000116,"a low-poly 3D render of a bustling marketplace in a bustling square, rendered in fine detail"
000117,"a stained-glass depiction of a bustling marketplace surrounded by autumn leaves, in muted tones"
000118,"a studio photograph of a herd of horses at midnight, with a shallow depth of field"
000119,"an oil painting of a clockwork bird at sunset, in high contrast"
000120,"a charcoal sketch of a lighthouse under neon lights, with dramatic lighting"
000121,"a watercolor illustration of a city skyline during a snowstorm, rendered in fine detail"
000122,"a high-resolution photograph of a glass greenhouse surrounded by autumn leaves, rendered in fine detail"
000123,"a studio photograph of a vintage car in a moonlit field, with a shallow depth of field"
000124,"a digital painting of a bowl of fruit in a moonlit field, with a shallow depth of field"
000125,"a pastel drawing of a bowl of fruit in a quiet alley, rendered in fine detail"
000126,"a charcoal sketch of a vintage car at midnight, with soft focus"
000127,"a high-resolution photograph of an empty street in heavy rain, with long shadows"
000128,"a watercolor illustration of a city skyline under a starry sky, in high contrast"
000129,"a stained-glass depiction of a violinist under a starry sky, in muted tones"
000130,"a black-and-white photograph of a dense forest in a bustling square, with a cool color palette"
000131,"a stained-glass depiction of a desert caravan during a snowstorm, with a warm color palette"
000132,"a charcoal sketch of a bowl of fruit in a bustling square, with long shadows"
000133,"a low-poly 3D render of an empty street during a snowstorm, in muted tones"
000134,"an oil painting of a person in a red coat at midnight, with long shadows"
000135,"an ink wash painting of a lighthouse on a cliff edge, with long shadows"
000136,"an ink wash painting of a vintage car under a starry sky, with a warm color palette"
000137,"a digital painting of a dense forest under a starry sky, in vivid color"
000138,"a digital painting of a person in a red coat at sunset, with dramatic lighting"
000139,"a studio photograph of a vase of flowers in an empty plaza, with a shallow depth of field"
000140,"a high-resolution photograph of a hot air balloon during a snowstorm, with a cool color palette"
000141,"a charcoal sketch of a person in a red coat at golden hour, with dramatic lighting"
000142,"a vintage postcard illustration of a violinist in the fog, with soft focus"
000143,"a watercolor illustration of a stone bridge under a starry sky, in muted tones"
000144,"a high-resolution photograph of a clockwork bird on a cliff edge, with long shadows"
000145,"a stained-glass depiction of a vase of flowers beside a river, with long shadows"
000146,"a studio photograph of an astronaut at sunset, with a warm color palette"
000147,"a vintage postcard illustration of a vintage car under neon lights, in muted tones"
000148,"a high-resolution photograph of a glass greenhouse in a quiet alley, rendered in fine detail"
000149,"a low-poly 3D render of a snow-covered village in a moonlit field, with long shadows"
000150,"a vintage postcard illustration of a wandering robot on the horizon, with soft focus"
000151,"a studio photograph of a steam locomotive during a snowstorm, with dramatic lighting"
000152,"a high-resolution photograph of a desert caravan during a snowstorm, with soft focus"
000153,"an oil painting of a bustling marketplace at sunset, rendered in fine detail"
000154,"a vintage postcard illustration of a vintage car under a starry sky, with a warm color palette"
000155,"a pastel drawing of a stone bridge in heavy rain, with a warm color palette"
000156,"a high-resolution photograph of an empty street in a bustling square, with dramatic lighting"
000157,"a low-poly 3D render of a lighthouse at golden hour, with soft focus"
000158,"a vintage postcard illustration of a dense forest on the horizon, with dramatic lighting"
000159,"a stained-glass depiction of a steam locomotive under a starry sky, with a shallow depth of field"
000160,"a vintage postcard illustration of a floating castle in an empty plaza, in high contrast"
000161,"a studio photograph of a violinist in an empty plaza, with a shallow depth of field"
000162,"a stained-glass depiction of a herd of horses in a bustling square, with long shadows"
000163,"a vintage postcard illustration of a person in a red coat beside a river, in muted tones"
000164,"a low-poly 3D render of a clockwork bird on the horizon, in muted tones"
000165,"a vintage postcard illustration of a snow-covered village in heavy rain, with a shallow depth of field"
000166,"a low-poly 3D render of a vintage car near a waterfall, in high contrast"
000167,"a vintage postcard illustration of a vintage car at sunset, with dramatic lighting"
000168,"a high-resolution photograph of a coral reef under a starry sky, with dramatic lighting"
000169,"a pastel drawing of a mountain landscape in a bustling square, with soft focus"
000170,"a digital painting of a stone bridge in a moonlit field, with soft focus"
000171,"a stained-glass depiction of an astronaut in heavy rain, in muted tones"
000172,"a charcoal sketch of a violinist under a starry sky, with a warm color palette"
000173,"an ink wash painting of an astronaut during a snowstorm, in muted tones"
000174,"a watercolor illustration of a bowl of fruit in heavy rain, in high contrast"
000175,"a pastel drawing of a bustling marketplace on the horizon, with a cool color palette"
000176,"a charcoal sketch of a city skyline on the horizon, in high contrast"
000177,"a watercolor illustration of a herd of horses on a cliff edge, rendered in fine detail"
000178,"a black-and-white photograph of an astronaut at midnight, in vivid color"
000179,"a pastel drawing of a vase of flowers in a quiet alley, in vivid color"
000180,"an ink wash painting of a city skyline beside a river, with a cool color palette"
000181,"a watercolor illustration of a person in a red coat at midnight, with long shadows"
000182,"a high-resolution photograph of a spaceship in a quiet alley, with long shadows"
000183,"a digital painting of a city skyline in a moonlit field, in vivid color"
000184,"a black-and-white photograph of a steam locomotive in an empty plaza, with dramatic lighting"
000185,"an ink wash painting of a Japanese garden on the horizon, with long shadows"
000186,"a charcoal sketch of a snow-covered village in an empty plaza, with a cool color palette"
000187,"a high-resolution photograph of a glass greenhouse in an empty plaza, rendered in fine detail"
000188,"a vintage postcard illustration of an empty street in a quiet alley, in vivid color"
000189,"an oil painting of a wandering robot near a waterfall, in muted tones"
000190,"a watercolor illustration of a vintage car at golden hour, rendered in fine detail"
000191,"a watercolor illustration of a vintage car at midnight, with dramatic lighting"
000192,"a low-poly 3D render of a snow-covered village in a moonlit field, with dramatic lighting"
000193,"an oil painting of a glass greenhouse near a waterfall, with a cool color palette"
000194,"a low-poly 3D render of a herd of horses in a bustling square, in muted tones"
000195,"a studio photograph of an empty street under neon lights, in high contrast"
000196,"a pastel drawing of an astronaut at golden hour, rendered in fine detail"
000197,"a charcoal sketch of a clockwork bird in a bustling square, with dramatic lighting"
000198,"an ink wash painting of a person in a red coat on a cliff edge, with soft focus"
000199,"an oil painting of a Japanese garden in a quiet alley, in vivid color"
000200,"a watercolor illustration of a bowl of fruit during a snowstorm, with a warm color palette"
000201,"a vintage postcard illustration of a herd of horses under neon lights, in vivid color"
000202,"a pastel drawing of a spaceship at sunset, in high contrast"
000203,"a charcoal sketch of a steam locomotive on a cliff edge, in vivid color"
000204,"an oil painting of a violinist under neon lights, with long shadows"
000205,"an oil painting of a desert caravan during a snowstorm, in muted tones"
000206,"a digital painting of a glass greenhouse in a bustling square, with dramatic lighting"
000207,"an oil painting of a clockwork bird beside a river, in muted tones"
000208,"a vintage postcard illustration of a person in a red coat at midnight, with long shadows"
000209,"a vintage postcard illustration of a herd of horses on the horizon, with a warm color palette"
000210,"a charcoal sketch of a hot air balloon on the horizon, in muted tones"
000211,"a studio photograph of a bowl of fruit at sunset, in muted tones"
000212,"a pastel drawing of a stone bridge in a moonlit field, with a cool color palette"
000213,"a black-and-white photograph of a bowl of fruit at golden hour, rendered in fine detail"
000214,"a low-poly 3D render of a person in a red coat beside a river, with long shadows"
000215,"a low-poly 3D render of an empty street during a snowstorm, with a shallow depth of field"
000216,"a studio photograph of a vase of flowers near a waterfall, with long shadows"
000217,"a vintage postcard illustration of a stone bridge surrounded by autumn leaves, with soft focus"
000218,"a watercolor illustration of a dense forest on a cliff edge, in muted tones"
000219,"a black-and-white photograph of a coral reef at dawn, in vivid color"
000220,"a stained-glass depiction of a stone bridge at midnight, with a cool color palette"
000221,"a watercolor illustration of a floating castle in an empty plaza, with soft focus"
000222,"a low-poly 3D render of a dense forest in heavy rain, with a warm color palette"
000223,"a high-resolution photograph of a steam locomotive during a snowstorm, in vivid color"
000224,"a studio photograph of a violinist on a cliff edge, in vivid color"
000225,"a black-and-white photograph of a violinist during a snowstorm, rendered in fine detail"
000226,"a black-and-white photograph of a desert caravan during a snowstorm, with long shadows"
000227,"a watercolor illustration of a violinist under a starry sky, with soft focus"
000228,"a stained-glass depiction of a coral reef under a starry sky, with a cool color palette"
000229,"a vintage postcard illustration of a desert caravan beside a river, rendered in fine detail"
000230,"a watercolor illustration of a clockwork bird in an empty plaza, with a cool color palette"
000231,"a studio photograph of an empty street in a moonlit field, in vivid color"
000232,"a vintage postcard illustration of a steam locomotive beside a river, in high contrast"
000233,"a charcoal sketch of a hot air balloon on a cliff edge, with dramatic lighting"
000234,"a charcoal sketch of a wandering robot during a snowstorm, with a shallow depth of field"
000235,"a studio photograph of a bowl of fruit under a starry sky, with a shallow depth of field"
000236,"a stained-glass depiction of a herd of horses in a quiet alley, in vivid color"
000237,"a charcoal sketch of a hot air balloon surrounded by autumn leaves, with a warm color palette"
000238,"a stained-glass depiction of a vase of flowers near a waterfall, in high contrast"
000239,"an ink wash painting of a person in a red coat at midnight, with a cool color palette"
000240,"a watercolor illustration of a spaceship in a moonlit field, with soft focus"
000241,"a digital painting of a bowl of fruit in a quiet alley, with a cool color palette"
000242,"a digital painting of a stone bridge under neon lights, with a shallow depth of field"
000243,"a vintage postcard illustration of a spaceship in a bustling square, with long shadows"
000244,"a pastel drawing of a city skyline under a starry sky, with a shallow depth of field"
000245,"a digital painting of an astronaut in an empty plaza, with dramatic lighting"
000246,"a studio photograph of a vase of flowers in a quiet alley, with soft focus"
000247,"a studio photograph of a dense forest in heavy rain, with a warm color palette"
000248,"a vintage postcard illustration of a spaceship at sunset, with long shadows"
000249,"a watercolor illustration of a wandering robot in a bustling square, with a warm color palette"
000250,"a charcoal sketch of a vintage car at sunset, with a warm color palette"
000251,"a vintage postcard illustration of a violinist in heavy rain, with soft focus"
000252,"a black-and-white photograph of an empty street in a moonlit field, in muted tones"
000253,"a black-and-white photograph of a hot air balloon beside a river, with a shallow depth of field"
000254,"a black-and-white photograph of a vase of flowers at midnight, with dramatic lighting"
000255,"a digital painting of a coral reef under neon lights, with soft focus"
000256,"a high-resolution photograph of an empty street at midnight, with dramatic lighting"
000257,"an oil painting of a person in a red coat at golden hour, in high contrast"
000258,"a stained-glass depiction of a hot air balloon in a quiet alley, with a shallow depth of field"
000259,"an ink wash painting of a bustling marketplace on the horizon, with long shadows"
000260,"a black-and-white photograph of a dense forest at sunset, with a shallow depth of field"
000261,"a studio photograph of a lighthouse in a quiet alley, with dramatic lighting"
000262,"a studio photograph of a vase of flowers in the fog, with a cool color palette"
000263,"a high-resolution photograph of a Japanese garden under neon lights, with a shallow depth of field"
000264,"a low-poly 3D render of a stone bridge in heavy rain, with a cool color palette"
000265,"an ink wash painting of a lighthouse under a starry sky, in muted tones"
000266,"a vintage postcard illustration of a mountain landscape at midnight, in muted tones"
000267,"a charcoal sketch of a wandering robot at sunset, in vivid color"
000268,"a studio photograph of a bowl of fruit at sunset, with dramatic lighting"
000269,"a black-and-white photograph of a hot air balloon near a waterfall, rendered in fine detail"
000270,"a high-resolution photograph of an astronaut on a cliff edge, in high contrast"
000271,"an ink wash painting of a wandering robot at golden hour, with a shallow depth of field"
000272,"a watercolor illustration of a clockwork bird at sunset, with a shallow depth of field"
000273,"a stained-glass depiction of a Japanese garden on a cliff edge, with a shallow depth of field"
000274,"an ink wash painting of a stone bridge in a quiet alley, with a warm color palette"
000275,"a high-resolution photograph of a desert caravan at sunset, in muted tones"
000276,"a digital painting of a coral reef during a snowstorm, with long shadows"
000277,"a watercolor illustration of a mountain landscape at golden hour, in muted tones"
000278,"an oil painting of a clockwork bird in a bustling square, rendered in fine detail"
000279,"a studio photograph of a steam locomotive at dawn, rendered in fine detail"
000280,"a studio photograph of a bowl of fruit under neon lights, with long shadows"
000281,"an oil painting of a mountain landscape at golden hour, in vivid color"
000282,"an ink wash painting of a violinist in heavy rain, rendered in fine detail"
000283,"an ink wash painting of a vintage car in the fog, rendered in fine detail"
000284,"a high-resolution photograph of a clockwork bird on the horizon, in high contrast"
000285,"a watercolor illustration of a clockwork bird in heavy rain, in muted tones"
000286,"a vintage postcard illustration of a violinist in an empty plaza, rendered in fine detail"
000287,"a low-poly 3D render of a desert caravan at sunset, with soft focus"
000288,"a high-resolution photograph of a city skyline at sunset, rendered in fine detail"
000289,"a black-and-white photograph of a hot air balloon at sunset, with long shadows"
000290,"an ink wash painting of a lighthouse in a bustling square, in muted tones"
000291,"a charcoal sketch of a lighthouse at sunset, with dramatic lighting"
000292,"a high-resolution photograph of a city skyline in an empty plaza, with dramatic lighting"
000293,"a high-resolution photograph of a clockwork bird under a starry sky, rendered in fine detail"
000294,"an ink wash painting of a snow-covered village beside a river, with a warm color palette"
000295,"a digital painting of an empty street under neon lights, with soft focus"
000296,"a studio photograph of a spaceship beside a river, with long shadows"
000297,"an ink wash painting of a person in a red coat at golden hour, in muted tones"
000298,"a watercolor illustration of a Japanese garden surrounded by autumn leaves, with a cool color palette"
000299,"a charcoal sketch of a dense forest under a starry sky, with soft focus"
000300,"an ink wash painting of a bowl of fruit in a bustling square, with a shallow depth of field"
000301,"a vintage postcard illustration of a herd of horses on a cliff edge, with a warm color palette"
000302,"a studio photograph of a steam locomotive on the horizon, with long shadows"
000303,"a vintage postcard illustration of a clockwork bird at dawn, in high contrast"
000304,"a studio photograph of an astronaut at sunset, with long shadows"
000305,"a charcoal sketch of a desert caravan at sunset, with a cool color palette"
000306,"a pastel drawing of a dense forest in the fog, rendered in fine detail"
000307,"a stained-glass depiction of a person in a red coat in a bustling square, in muted tones"
000308,"a black-and-white photograph of a violinist beside a river, with a warm color palette"
000309,"a stained-glass depiction of a spaceship during a snowstorm, with a shallow depth of field"
000310,"a pastel drawing of a floating castle in a quiet alley, in vivid color"
000311,"a high-resolution photograph of a glass greenhouse near a waterfall, rendered in fine detail"
000312,"a watercolor illustration of a clockwork bird at midnight, rendered in fine detail"
000313,"a digital painting of a city skyline on a cliff edge, with dramatic lighting"
000314,"a charcoal sketch of a city skyline beside a river, with long shadows"
000315,"a charcoal sketch of a spaceship during a snowstorm, with a warm color palette"
000316,"a low-poly 3D render of a hot air balloon under a starry sky, with dramatic lighting"
000317,"a low-poly 3D render of a mountain landscape at golden hour, in muted tones"
000318,"a black-and-white photograph of a snow-covered village near a waterfall, rendered in fine detail"
000319,"a charcoal sketch of a mountain landscape near a waterfall, rendered in fine detail"
000320,"a studio photograph of a clockwork bird during a snowstorm, with dramatic lighting"
000321,"a studio photograph of a snow-covered village under a starry sky, with a cool color palette"
000322,"a watercolor illustration of a mountain landscape in a moonlit field, in muted tones"
000323,"a studio photograph of a city skyline at midnight, with a cool color palette"
000324,"a digital painting of a lighthouse at sunset, with long shadows"
000325,"a studio photograph of a dense forest at golden hour, with a cool color palette"
000326,"an oil painting of a desert caravan in a moonlit field, in high contrast"
000327,"a low-poly 3D render of a bowl of fruit near a waterfall, rendered in fine detail"
000328,"a high-resolution photograph of a vintage car in a bustling square, with a cool color palette"
000329,"a stained-glass depiction of a floating castle in an empty plaza, with a shallow depth of field"
000330,"a charcoal sketch of a glass greenhouse in an empty plaza, in muted tones"
000331,"a black-and-white photograph of a spaceship in an empty plaza, with soft focus"
000332,"a watercolor illustration of a desert caravan in heavy rain, with soft focus"
000333,"a studio photograph of a stone bridge in an empty plaza, with dramatic lighting"
000334,"an ink wash painting of a floating castle at golden hour, rendered in fine detail"
000335,"a watercolor illustration of a person in a red coat on a cliff edge, with long shadows"
000336,"a studio photograph of a stone bridge under a starry sky, with a warm color palette"
000337,"a black-and-white photograph of a steam locomotive in a quiet alley, with a cool color palette"
000338,"a vintage postcard illustration of a vintage car near a waterfall, in high contrast"
000339,"a high-resolution photograph of a bowl of fruit in a moonlit field, rendered in fine detail"
000340,"a high-resolution photograph of a floating castle beside a river, with a shallow depth of field"
000341,"a pastel drawing of a dense forest in a moonlit field, in vivid color"
000342,"a digital painting of a dense forest in a quiet alley, in vivid color"
000343,"a pastel drawing of a stone bridge at golden hour, rendered in fine detail"
000344,"a low-poly 3D render of a bustling marketplace beside a river, with a cool color palette"
000345,"a watercolor illustration of a city skyline near a waterfall, with a warm color palette"
000346,"a digital painting of a bowl of fruit during a snowstorm, with a cool color palette"
000347,"an oil painting of a dense forest under neon lights, with a shallow depth of field"
000348,"a charcoal sketch of a desert caravan in a moonlit field, in high contrast"
000349,"a watercolor illustration of a spaceship in a bustling square, with a cool color palette"
000350,"an ink wash painting of a clockwork bird in heavy rain, rendered in fine detail"
000351,"a watercolor illustration of an empty street under neon lights, with a cool color palette"
000352,"a low-poly 3D render of a lighthouse under neon lights, in high contrast"
000353,"a vintage postcard illustration of a herd of horses on a cliff edge, with soft focus"
000354,"a black-and-white photograph of a mountain landscape under neon lights, in vivid color"
000355,"a high-resolution photograph of a steam locomotive beside a river, with a shallow depth of field"
000356,"a stained-glass depiction of a stone bridge in the fog, with long shadows"
000357,"a charcoal sketch of a bustling marketplace during a snowstorm, in high contrast"
000358,"a black-and-white photograph of a wandering robot in heavy rain, with a shallow depth of field"
000359,"a vintage postcard illustration of a clockwork bird in a moonlit field, with dramatic lighting"
000360,"an ink wash painting of a herd of horses in a quiet alley, with a warm color palette"
000361,"a digital painting of a person in a red coat on the horizon, with long shadows"
000362,"an oil painting of a glass greenhouse in an empty plaza, rendered in fine detail"
000363,"a digital painting of a desert caravan in a moonlit field, with a cool color palette"
000364,"a stained-glass depiction of a coral reef under neon lights, with long shadows"
000365,"an ink wash painting of a hot air balloon on the horizon, with long shadows"
000366,"a pastel drawing of a desert caravan on the horizon, in vivid color"
000367,"a stained-glass depiction of a coral reef in the fog, with a shallow depth of field"
000368,"a pastel drawing of a bustling marketplace in a moonlit field, with a cool color palette"
000369,"a charcoal sketch of a Japanese garden at golden hour, rendered in fine detail"
000370,"a charcoal sketch of a person in a red coat in an empty plaza, with a shallow depth of field"
000371,"an oil painting of a coral reef in a bustling square, in vivid color"
000372,"a stained-glass depiction of a lighthouse at midnight, in muted tones"
000373,"an ink wash painting of a dense forest in a moonlit field, in vivid color"
000374,"a studio photograph of a clockwork bird in a bustling square, with dramatic lighting"
000375,"a stained-glass depiction of a herd of horses at midnight, with long shadows"
000376,"a vintage postcard illustration of a steam locomotive in an empty plaza, with soft focus"
000377,"a pastel drawing of a dense forest during a snowstorm, with a shallow depth of field"
000378,"a studio photograph of a steam locomotive at sunset, in muted tones"
000379,"a watercolor illustration of a floating castle in heavy rain, rendered in fine detail"
000380,"a black-and-white photograph of a steam locomotive in a moonlit field, with a warm color palette"
000381,"a watercolor illustration of an astronaut on a cliff edge, with a shallow depth of field"
000382,"a vintage postcard illustration of a vase of flowers in a quiet alley, with soft focus"
000383,"a digital painting of a herd of horses on the horizon, in muted tones"
000384,"a stained-glass depiction of an astronaut near a waterfall, with a shallow depth of field"
000385,"an oil painting of a wandering robot during a snowstorm, rendered in fine detail"
000386,"a pastel drawing of a city skyline in a bustling square, with a warm color palette"
000387,"an oil painting of a stone bridge in a bustling square, with long shadows"
000388,"a vintage postcard illustration of an empty street on a cliff edge, in vivid color"
000389,"a studio photograph of a steam locomotive at golden hour, in muted tones"
000390,"a pastel drawing of a floating castle under neon lights, rendered in fine detail"
000391,"a digital painting of a steam locomotive at dawn, in high contrast"
000392,"a vintage postcard illustration of a mountain landscape at midnight, in vivid color"
000393,"a vintage postcard illustration of a dense forest under neon lights, with a cool color palette"
000394,"a digital painting of a snow-covered village in a quiet alley, with dramatic lighting"
000395,"a vintage postcard illustration of a violinist near a waterfall, in muted tones"
000396,"a watercolor illustration of a Japanese garden at dawn, with soft focus"
000397,"a studio photograph of a glass greenhouse in a quiet alley, in high contrast"
000398,"a vintage postcard illustration of a spaceship at dawn, with dramatic lighting"
000399,"an ink wash painting of a herd of horses at golden hour, with a shallow depth of field"
000400,"a stained-glass depiction of a stone bridge under neon lights, in high contrast"
000401,"a digital painting of a steam locomotive on the horizon, in vivid color"
000402,"an oil painting of a wandering robot in an empty plaza, in muted tones"
000403,"a low-poly 3D render of a vase of flowers beside a river, in high contrast"
000404,"a pastel drawing of a bowl of fruit surrounded by autumn leaves, with a cool color palette"
000405,"a studio photograph of a violinist beside a river, with a cool color palette"
000406,"a low-poly 3D render of an astronaut in the fog, with long shadows"
000407,"a charcoal sketch of a vintage car on the horizon, with a warm color palette"
000408,"a watercolor illustration of a herd of horses during a snowstorm, with a cool color palette"
000409,"a watercolor illustration of a spaceship surrounded by autumn leaves, with dramatic lighting"
000410,"a studio photograph of a glass greenhouse in a bustling square, rendered in fine detail"
000411,"a high-resolution photograph of a clockwork bird beside a river, with a warm color palette"
000412,"an oil painting of a desert caravan in the fog, with a cool color palette"
000413,"a studio photograph of a herd of horses near a waterfall, with soft focus"
000414,"a low-poly 3D render of a desert caravan at midnight, with a warm color palette"
000415,"a charcoal sketch of an empty street in heavy rain, with a cool color palette"
000416,"a low-poly 3D render of a desert caravan in a bustling square, in muted tones"
000417,"a watercolor illustration of a stone bridge near a waterfall, with a cool color palette"
000418,"a black-and-white photograph of a spaceship under neon lights, in high contrast"
000419,"a vintage postcard illustration of a desert caravan in a quiet alley, with soft focus"
000420,"a vintage postcard illustration of a person in a red coat in heavy rain, with a cool color palette"
000421,"a digital painting of a herd of horses beside a river, in vivid color"
000422,"a watercolor illustration of a spaceship under neon lights, with a cool color palette"
000423,"a stained-glass depiction of a lighthouse in the fog, with soft focus"
000424,"a high-resolution photograph of a floating castle at dawn, with dramatic lighting"
000425,"a stained-glass depiction of a mountain landscape in a bustling square, rendered in fine detail"
000426,"a high-resolution photograph of a bowl of fruit under a starry sky, with a shallow depth of field"
000427,"a watercolor illustration of a desert caravan in the fog, in muted tones"
000428,"an oil painting of a glass greenhouse under a starry sky, with a shallow depth of field"
000429,"a low-poly 3D render of a snow-covered village surrounded by autumn leaves, in muted tones"
000430,"a studio photograph of a dense forest at dawn, with a warm color palette"
000431,"an ink wash painting of a floating castle on the horizon, with long shadows"
000432,"an oil painting of a snow-covered village on the horizon, rendered in fine detail"
000433,"a vintage postcard illustration of a stone bridge near a waterfall, with a cool color palette"
000434,"an oil painting of a snow-covered village at midnight, with dramatic lighting"
000435,"a vintage postcard illustration of a dense forest in an empty plaza, in vivid color"
000436,"a black-and-white photograph of a floating castle in a bustling square, rendered in fine detail"
000437,"a low-poly 3D render of a bowl of fruit beside a river, with soft focus"
000438,"an ink wash painting of a floating castle in heavy rain, with a shallow depth of field"
000439,"a pastel drawing of a mountain landscape surrounded by autumn leaves, with a cool color palette"
000440,"a high-resolution photograph of a floating castle in heavy rain, with dramatic lighting"
000441,"a pastel drawing of a violinist in an empty plaza, with a shallow depth of field"
000442,"a charcoal sketch of a bustling marketplace during a snowstorm, with a shallow depth of field"
000443,"an ink wash painting of a lighthouse at midnight, rendered in fine detail"
000444,"a digital painting of a wandering robot in heavy rain, in high contrast"
000445,"a watercolor illustration of a lighthouse under neon lights, rendered in fine detail"
000446,"an ink wash painting of a mountain landscape under a starry sky, with long shadows"
000447,"a charcoal sketch of a stone bridge at midnight, with a cool color palette"
000448,"a high-resolution photograph of an astronaut on the horizon, with long shadows"
000449,"a vintage postcard illustration of a dense forest at midnight, with dramatic lighting"
000450,"a black-and-white photograph of a Japanese garden in a moonlit field, in vivid color"
000451,"a digital painting of a steam locomotive at midnight, with a shallow depth of field"
000452,"an ink wash painting of a dense forest at sunset, with soft focus"
000453,"a pastel drawing of a vintage car on a cliff edge, with a cool color palette"
000454,"a digital painting of a person in a red coat during a snowstorm, in muted tones"
000455,"a vintage postcard illustration of a city skyline at midnight, with long shadows"
000456,"a charcoal sketch of a snow-covered village under neon lights, with dramatic lighting"
000457,"a high-resolution photograph of a glass greenhouse under neon lights, with dramatic lighting"
000458,"a low-poly 3D render of a stone bridge at golden hour, with a cool color palette"
000459,"a charcoal sketch of a violinist in the fog, with a shallow depth of field"
000460,"an oil painting of a steam locomotive at sunset, with a shallow depth of field"
000461,"a charcoal sketch of a city skyline in an empty plaza, in vivid color"
000462,"an ink wash painting of a Japanese garden on the horizon, with a cool color palette"
000463,"a black-and-white photograph of a vintage car under neon lights, in muted tones"
000464,"an ink wash painting of a violinist on a cliff edge, in high contrast"
000465,"a charcoal sketch of a city skyline at sunset, in high contrast"
000466,"a vintage postcard illustration of a spaceship in a bustling square, with a cool color palette"
000467,"a studio photograph of a city skyline near a waterfall, with a cool color palette"
000468,"a vintage postcard illustration of a Japanese garden in an empty plaza, in vivid color"
000469,"a studio photograph of a vintage car on the horizon, with soft focus"
000470,"an oil painting of an astronaut at midnight, with a shallow depth of field"
000471,"a high-resolution photograph of a snow-covered village during a snowstorm, with a shallow depth of field"
000472,"a low-poly 3D render of a city skyline at midnight, with dramatic lighting"
000473,"a watercolor illustration of a coral reef under a starry sky, with long shadows"
000474,"a low-poly 3D render of a clockwork bird beside a river, with a cool color palette"
000475,"a vintage postcard illustration of a Japanese garden in heavy rain, with dramatic lighting"
000476,"a low-poly 3D render of a bowl of fruit in a quiet alley, in high contrast"
000477,"a low-poly 3D render of a snow-covered village on a cliff edge, in high contrast"
000478,"a high-resolution photograph of a lighthouse at midnight, in high contrast"
000479,"a stained-glass depiction of a Japanese garden in a moonlit field, in vivid color"
000480,"a black-and-white photograph of a vintage car at golden hour, with a shallow depth of field"
000481,"an ink wash painting of an astronaut in a moonlit field, with a warm color palette"
000482,"a low-poly 3D render of a Japanese garden at sunset, in high contrast"
000483,"a stained-glass depiction of a Japanese garden in a quiet alley, with long shadows"
000484,"a digital painting of a stone bridge under a starry sky, with dramatic lighting"
000485,"a pastel drawing of a glass greenhouse in a moonlit field, in vivid color"
000486,"a low-poly 3D render of a city skyline at golden hour, with long shadows"
000487,"a vintage postcard illustration of a bowl of fruit during a snowstorm, rendered in fine detail"
000488,"a digital painting of a city skyline under a starry sky, in vivid color"
000489,"a stained-glass depiction of a vintage car under neon lights, in vivid color"
000490,"a stained-glass depiction of a spaceship during a snowstorm, in high contrast"
000491,"an ink wash painting of a dense forest under a starry sky, with dramatic lighting"
000492,"a black-and-white photograph of a city skyline near a waterfall, in muted tones"
000493,"a studio photograph of a herd of horses in an empty plaza, in vivid color"
000494,"a stained-glass depiction of a bowl of fruit in the fog, with soft focus"
000495,"a black-and-white photograph of a snow-covered village in an empty plaza, with a cool color palette"
000496,"a digital painting of a floating castle at dawn, with soft focus"
000497,"a watercolor illustration of a Japanese garden in a bustling square, in vivid color"
000498,"a black-and-white photograph of a vintage car at dawn, with soft focus"
000499,"an oil painting of a dense forest in heavy rain, in vivid color"
000500,"a pastel drawing of a steam locomotive under neon lights, with a cool color palette"
000501,"an ink wash painting of a stone bridge beside a river, in muted tones"
000502,"a black-and-white photograph of a desert caravan in a moonlit field, in vivid color"
000503,"a watercolor illustration of a herd of horses at sunset, in high contrast"
000504,"a studio photograph of a coral reef on the horizon, in high contrast"
000505,"a stained-glass depiction of a herd of horses on a cliff edge, rendered in fine detail"
000506,"a digital painting of a floating castle near a waterfall, with soft focus"
000507,"a stained-glass depiction of a hot air balloon surrounded by autumn leaves, with a warm color palette"
000508,"a low-poly 3D render of a desert caravan on a cliff edge, with soft focus"
000509,"a charcoal sketch of a snow-covered village near a waterfall, in high contrast"
000510,"a black-and-white photograph of a city skyline in heavy rain, in high contrast"
000511,"a black-and-white photograph of a clockwork bird under neon lights, in vivid color"
000512,"a watercolor illustration of a bowl of fruit at dawn, in vivid color"
000513,"a charcoal sketch of a mountain landscape under a starry sky, with dramatic lighting"
000514,"a watercolor illustration of a snow-covered village on the horizon, with long shadows"
000515,"a black-and-white photograph of a mountain landscape near a waterfall, with long shadows"
000516,"a digital painting of a bustling marketplace during a snowstorm, with a warm color palette"
000517,"a charcoal sketch of a violinist in the fog, rendered in fine detail"
000518,"a digital painting of a mountain landscape surrounded by autumn leaves, in high contrast"
000519,"a stained-glass depiction of a mountain landscape on the horizon, in high contrast"
000520,"a vintage postcard illustration of a herd of horses on the horizon, in vivid color"
000521,"a low-poly 3D render of an empty street in a quiet alley, with long shadows"
000522,"a studio photograph of a dense forest at midnight, in muted tones"
000523,"a watercolor illustration of a coral reef in the fog, with a shallow depth of field"
000524,"a watercolor illustration of a city skyline in the fog, in high contrast"
000525,"a charcoal sketch of a mountain landscape at sunset, with soft focus"
000526,"a digital painting of a wandering robot at sunset, with a cool color palette"
000527,"a watercolor illustration of a desert caravan during a snowstorm, with a warm color palette"
000528,"a black-and-white photograph of a hot air balloon in a quiet alley, with soft focus"
000529,"an oil painting of a lighthouse in heavy rain, in vivid color"
000530,"an ink wash painting of a violinist under neon lights, with a warm color palette"
000531,"a digital painting of a city skyline beside a river, in muted tones"
000532,"a stained-glass depiction of a clockwork bird beside a river, rendered in fine detail"
000533,"an oil painting of a steam locomotive in a moonlit field, with a warm color palette"
000534,"a studio photograph of a herd of horses at dawn, with a shallow depth of field"
000535,"a low-poly 3D render of a herd of horses surrounded by autumn leaves, with a shallow depth of field"
000536,"a low-poly 3D render of a vase of flowers at sunset, in high contrast"
000537,"a stained-glass depiction of a spaceship under a starry sky, in vivid color"
000538,"a stained-glass depiction of a coral reef in a moonlit field, with a cool color palette"
000539,"a black-and-white photograph of a desert caravan on a cliff edge, with a shallow depth of field"
000540,"a vintage postcard illustration of a snow-covered village in an empty plaza, rendered in fine detail"
000541,"an ink wash painting of a city skyline in a bustling square, with a warm color palette"
000542,"a high-resolution photograph of a stone bridge on the horizon, in vivid color"
000543,"a charcoal sketch of a hot air balloon during a snowstorm, with soft focus"
000544,"a stained-glass depiction of a city skyline in a quiet alley, with soft focus"
000545,"a digital painting of a vintage car at sunset, with dramatic lighting"
000546,"a studio photograph of a mountain landscape near a waterfall, rendered in fine detail"
000547,"an oil painting of a spaceship under a starry sky, in high contrast"
000548,"a studio photograph of a herd of horses at dawn, with dramatic lighting"
000549,"a high-resolution photograph of a dense forest at sunset, in high contrast"
000550,"a digital painting of a desert caravan at golden hour, in vivid color"
000551,"a pastel drawing of a floating castle in a moonlit field, with soft focus"
000552,"an oil painting of a clockwork bird under a starry sky, with a cool color palette"
000553,"a high-resolution photograph of a hot air balloon beside a river, rendered in fine detail"
000554,"a watercolor illustration of a coral reef in a bustling square, in vivid color"
000555,"a studio photograph of a vase of flowers at golden hour, in high contrast"
000556,"a high-resolution photograph of an astronaut beside a river, with a warm color palette"
000557,"a studio photograph of a mountain landscape in a quiet alley, with soft focus"
000558,"a digital painting of a hot air balloon on the horizon, with a cool color palette"
000559,"a pastel drawing of a clockwork bird in heavy rain, with a shallow depth of field"
000560,"a charcoal sketch of a glass greenhouse in the fog, with a shallow depth of field"
000561,"a vintage postcard illustration of a lighthouse beside a river, in muted tones"
000562,"a low-poly 3D render of a lighthouse in an empty plaza, in muted tones"
000563,"a stained-glass depiction of a glass greenhouse near a waterfall, with a cool color palette"
000564,"a low-poly 3D render of a snow-covered village under a starry sky, with dramatic lighting"
000565,"an oil painting of a bustling marketplace beside a river, with a cool color palette"
000566,"a watercolor illustration of a vase of flowers at sunset, with long shadows"
000567,"a charcoal sketch of an astronaut during a snowstorm, with a warm color palette"
000568,"a digital painting of a spaceship under neon lights, with a shallow depth of field"
000569,"a vintage postcard illustration of a steam locomotive on the horizon, with long shadows"
000570,"a stained-glass depiction of a city skyline in an empty plaza, with a cool color palette"
000571,"a pastel drawing of a bustling marketplace at sunset, in muted tones"
000572,"a charcoal sketch of a bowl of fruit in a bustling square, with a cool color palette"
000573,"an oil painting of a spaceship in a bustling square, in muted tones"
000574,"an oil painting of a hot air balloon in an empty plaza, with a shallow depth of field"
000575,"a charcoal sketch of a city skyline in heavy rain, with a cool color palette"
000576,"a stained-glass depiction of a Japanese garden in the fog, with a shallow depth of field"
000577,"a stained-glass depiction of a glass greenhouse during a snowstorm, in vivid color"
000578,"a charcoal sketch of a coral reef at midnight, with long shadows"
000579,"a studio photograph of a vase of flowers on a cliff edge, with dramatic lighting"
000580,"a high-resolution photograph of a clockwork bird in an empty plaza, rendered in fine detail"
000581,"a black-and-white photograph of a stone bridge at midnight, in muted tones"
000582,"an ink wash painting of a clockwork bird in an empty plaza, with soft focus"
000583,"a vintage postcard illustration of a glass greenhouse under neon lights, with a shallow depth of field"
000584,"a stained-glass depiction of a wandering robot in the fog, with soft focus"
000585,"a watercolor illustration of a city skyline beside a river, with soft focus"
000586,"a pastel drawing of a violinist in an empty plaza, in high contrast"
000587,"a charcoal sketch of a person in a red coat in an empty plaza, with long shadows"
000588,"a low-poly 3D render of a floating castle surrounded by autumn leaves, in vivid color"
000589,"a digital painting of a snow-covered village in a quiet alley, with a shallow depth of field"
000590,"a pastel drawing of a lighthouse under neon lights, with a warm color palette"
000591,"a vintage postcard illustration of a vase of flowers beside a river, with long shadows"
000592,"an ink wash painting of an empty street in the fog, with dramatic lighting"
000593,"a low-poly 3D render of a person in a red coat at dawn, with a cool color palette"
000594,"a vintage postcard illustration of a person in a red coat at sunset, with a cool color palette"
000595,"a watercolor illustration of a spaceship in a bustling square, with a warm color palette"
000596,"a high-resolution photograph of a hot air balloon in an empty plaza, in muted tones"
000597,"an oil painting of an astronaut in the fog, with long shadows"
000598,"a low-poly 3D render of a floating castle in a moonlit field, in high contrast"
000599,"a digital painting of a floating castle on a cliff edge, in muted tones"
000600,"a vintage postcard illustration of a bowl of fruit at sunset, in vivid color"
000601,"a stained-glass depiction of a herd of horses in heavy rain, with long shadows"
000602,"an oil painting of a dense forest beside a river, in vivid color"
000603,"a pastel drawing of a coral reef surrounded by autumn leaves, with dramatic lighting"
000604,"a charcoal sketch of a snow-covered village at dawn, with soft focus"
000605,"a digital painting of a person in a red coat at sunset, in high contrast"
000606,"a watercolor illustration of a desert caravan near a waterfall, with long shadows"
000607,"a high-resolution photograph of a wandering robot on the horizon, in vivid color"
000608,"a stained-glass depiction of a vintage car in a quiet alley, with a cool color palette"
000609,"a vintage postcard illustration of a Japanese garden on the horizon, with soft focus"
000610,"a black-and-white photograph of a bustling marketplace on the horizon, with dramatic lighting"
000611,"a vintage postcard illustration of a bustling marketplace in a bustling square, rendered in fine detail"
000612,"a vintage postcard illustration of a coral reef on a cliff edge, in high contrast"
000613,"a charcoal sketch of a vase of flowers in heavy rain, with a cool color palette"
000614,"a low-poly 3D render of a Japanese garden in the fog, with long shadows"
000615,"an ink wash painting of a clockwork bird in an empty plaza, in high contrast"
000616,"a charcoal sketch of a city skyline in the fog, with a warm color palette"
000617,"a digital painting of a vase of flowers in heavy rain, with a warm color palette"
000618,"a studio photograph of a vase of flowers on a cliff edge, in muted tones"
000619,"a digital painting of a snow-covered village in the fog, rendered in fine detail"
000620,"a high-resolution photograph of a coral reef in heavy rain, in vivid color"
000621,"a stained-glass depiction of an empty street in a moonlit field, with a shallow depth of field"
000622,"a high-resolution photograph of a glass greenhouse beside a river, with soft focus"
000623,"a charcoal sketch of a lighthouse beside a river, with a warm color palette"
000624,"a high-resolution photograph of an empty street on the horizon, in muted tones"
000625,"a pastel drawing of a steam locomotive at sunset, with a shallow depth of field"
000626,"a charcoal sketch of a steam locomotive surrounded by autumn leaves, with soft focus"
000627,"a charcoal sketch of a floating castle during a snowstorm, with soft focus"
000628,"a charcoal sketch of a lighthouse in heavy rain, with soft focus"
000629,"a watercolor illustration of a mountain landscape in heavy rain, rendered in fine detail"
000630,"a pastel drawing of a herd of horses at dawn, with a cool color palette"
000631,"a digital painting of an astronaut in the fog, in high contrast"
000632,"a stained-glass depiction of a person in a red coat at dawn, with a warm color palette"
000633,"a pastel drawing of a coral reef at midnight, with a shallow depth of field"
000634,"a vintage postcard illustration of a wandering robot surrounded by autumn leaves, with long shadows"
000635,"an oil painting of an astronaut near a waterfall, with dramatic lighting"
000636,"a pastel drawing of a clockwork bird in an empty plaza, with a warm color palette"
000637,"a high-resolution photograph of a wandering robot in the fog, with a shallow depth of field"
000638,"a high-resolution photograph of a city skyline in a moonlit field, rendered in fine detail"
000639,"an oil painting of a bowl of fruit in a quiet alley, with a warm color palette"
000640,"a charcoal sketch of a steam locomotive beside a river, with soft focus"
000641,"a charcoal sketch of a lighthouse under a starry sky, with a shallow depth of field"
000642,"a high-resolution photograph of a desert caravan in the fog, in vivid color"
000643,"an oil painting of a stone bridge at golden hour, with a cool color palette"
000644,"a vintage postcard illustration of a coral reef at dawn, with soft focus"
000645,"an ink wash painting of a clockwork bird in a bustling square, with a cool color palette"
000646,"a watercolor illustration of a violinist surrounded by autumn leaves, with a cool color palette"
000647,"a studio photograph of a dense forest in a bustling square, in vivid color"
000648,"a charcoal sketch of a coral reef surrounded by autumn leaves, with a warm color palette"
000649,"a watercolor illustration of a mountain landscape under a starry sky, with dramatic lighting"
000650,"a pastel drawing of a Japanese garden at sunset, with soft focus"
000651,"an ink wash painting of a vase of flowers under neon lights, with a cool color palette"
000652,"a studio photograph of a bowl of fruit at golden hour, with dramatic lighting"
000653,"a low-poly 3D render of a hot air balloon under neon lights, with a warm color palette"
000654,"a vintage postcard illustration of a hot air balloon during a snowstorm, with a shallow depth of field"
000655,"a stained-glass depiction of a violinist in a bustling square, in high contrast"
000656,"a pastel drawing of a city skyline beside a river, rendered in fine detail"
000657,"an ink wash painting of a person in a red coat in a moonlit field, with soft focus"
000658,"a studio photograph of a coral reef in heavy rain, rendered in fine detail"
000659,"an ink wash painting of a stone bridge at sunset, with dramatic lighting"
000660,"a vintage postcard illustration of an astronaut in a moonlit field, with long shadows"
000661,"a low-poly 3D render of a vintage car in a bustling square, rendered in fine detail"
000662,"a studio photograph of a stone bridge in a quiet alley, with long shadows"
000663,"an oil painting of a glass greenhouse surrounded by autumn leaves, with dramatic lighting"
000664,"a black-and-white photograph of a dense forest under neon lights, with a shallow depth of field"
000665,"a digital painting of a spaceship during a snowstorm, with a shallow depth of field"
000666,"a digital painting of a floating castle on the horizon, with dramatic lighting"
000667,"a watercolor illustration of a stone bridge at sunset, with soft focus"
000668,"a digital painting of a desert caravan in a moonlit field, with a warm color palette"
000669,"a studio photograph of a lighthouse surrounded by autumn leaves, with a shallow depth of field"
000670,"a stained-glass depiction of a mountain landscape at midnight, with a cool color palette"
000671,"a stained-glass depiction of a person in a red coat in a moonlit field, with long shadows"
000672,"an ink wash painting of a spaceship in heavy rain, with long shadows"
000673,"a black-and-white photograph of a violinist at dawn, with long shadows"
000674,"an ink wash painting of a bustling marketplace at midnight, with soft focus"
000675,"a digital painting of a glass greenhouse at golden hour, with soft focus"
000676,"a charcoal sketch of a hot air balloon at sunset, with a warm color palette"
000677,"an oil painting of a bowl of fruit under a starry sky, in muted tones"
000678,"a high-resolution photograph of a mountain landscape under neon lights, with soft focus"
000679,"a studio photograph of a bustling marketplace on the horizon, with long shadows"
000680,"a vintage postcard illustration of a spaceship in heavy rain, with long shadows"
000681,"a digital painting of a violinist during a snowstorm, in vivid color"
000682,"a high-resolution photograph of a person in a red coat surrounded by autumn leaves, with a warm color palette"
000683,"a low-poly 3D render of a hot air balloon under a starry sky, rendered in fine detail"
000684,"a stained-glass depiction of a desert caravan in a bustling square, in high contrast"
000685,"a studio photograph of a violinist surrounded by autumn leaves, with a warm color palette"
000686,"a vintage postcard illustration of an astronaut in a quiet alley, with a cool color palette"
000687,"a studio photograph of a city skyline in heavy rain, in muted tones"
000688,"an oil painting of a vintage car during a snowstorm, in muted tones"
000689,"a vintage postcard illustration of a stone bridge at midnight, with long shadows"
000690,"a studio photograph of a steam locomotive beside a river, with long shadows"
000691,"an ink wash painting of a person in a red coat in a quiet alley, in vivid color"
000692,"a high-resolution photograph of a hot air balloon near a waterfall, in vivid color"
000693,"a charcoal sketch of a vase of flowers at dawn, in vivid color"
000694,"a pastel drawing of a dense forest beside a river, with a cool color palette"
000695,"a studio photograph of a floating castle beside a river, in high contrast"
000696,"a vintage postcard illustration of a Japanese garden beside a river, with dramatic lighting"
000697,"a black-and-white photograph of an empty street near a waterfall, with a warm color palette"
000698,"a vintage postcard illustration of a glass greenhouse at dawn, with soft focus"
000699,"a stained-glass depiction of a snow-covered village during a snowstorm, with soft focus"
000700,"a stained-glass depiction of a Japanese garden under a starry sky, with dramatic lighting"
000701,"a vintage postcard illustration of a glass greenhouse on a cliff edge, with a warm color palette"
000702,"a black-and-white photograph of a hot air balloon on a cliff edge, with a shallow depth of field"
000703,"a black-and-white photograph of a vintage car in a moonlit field, with a warm color palette"
000704,"a pastel drawing of an empty street in a bustling square, with long shadows"
000705,"a studio photograph of a glass greenhouse near a waterfall, with long shadows"
000706,"a watercolor illustration of a steam locomotive in a quiet alley, with a warm color palette"
000707,"a vintage postcard illustration of a Japanese garden on the horizon, with dramatic lighting"
000708,"a studio photograph of a bustling marketplace surrounded by autumn leaves, in muted tones"
000709,"a digital painting of a glass greenhouse surrounded by autumn leaves, with a warm color palette"
000710,"a black-and-white photograph of a Japanese garden at dawn, with dramatic lighting"
000711,"an oil painting of a bowl of fruit under a starry sky, with dramatic lighting"
000712,"a black-and-white photograph of a lighthouse during a snowstorm, with soft focus"
000713,"a digital painting of a Japanese garden in heavy rain, with long shadows"
000714,"an ink wash painting of a hot air balloon at midnight, in muted tones"
000715,"a vintage postcard illustration of a mountain landscape on a cliff edge, rendered in fine detail"
000716,"a studio photograph of a mountain landscape at sunset, with a cool color palette"
000717,"a low-poly 3D render of a clockwork bird on the horizon, with a shallow depth of field"
000718,"a watercolor illustration of a bowl of fruit in a quiet alley, with a shallow depth of field"
000719,"a charcoal sketch of a Japanese garden at sunset, with soft focus"
000720,"a studio photograph of a dense forest at sunset, rendered in fine detail"
000721,"an ink wash painting of a bowl of fruit in a moonlit field, in muted tones"
000722,"a charcoal sketch of an empty street at midnight, in muted tones"
000723,"a black-and-white photograph of a bowl of fruit beside a river, with a warm color palette"
000724,"a pastel drawing of a clockwork bird at dawn, in vivid color"
000725,"a pastel drawing of a bustling marketplace at golden hour, with a warm color palette"
000726,"a stained-glass depiction of a bustling marketplace at golden hour, with a warm color palette"
000727,"a black-and-white photograph of a person in a red coat under neon lights, rendered in fine detail"
000728,"a low-poly 3D render of a clockwork bird beside a river, rendered in fine detail"
000729,"a vintage postcard illustration of a mountain landscape in a bustling square, with long shadows"
000730,"a digital painting of a snow-covered village at dawn, with a cool color palette"
000731,"a high-resolution photograph of a snow-covered village on a cliff edge, with long shadows"
000732,"a black-and-white photograph of a Japanese garden in an empty plaza, in high contrast"
000733,"a pastel drawing of an empty street in an empty plaza, with soft focus"
000734,"a watercolor illustration of a vase of flowers beside a river, with a shallow depth of field"
000735,"a studio photograph of a floating castle near a waterfall, with a shallow depth of field"
000736,"a vintage postcard illustration of a wandering robot on a cliff edge, with soft focus"
000737,"a watercolor illustration of an astronaut in a moonlit field, with a warm color palette"
000738,"a high-resolution photograph of a snow-covered village surrounded by autumn leaves, with soft focus"
000739,"a stained-glass depiction of a coral reef in heavy rain, in vivid color"
000740,"a studio photograph of an astronaut at midnight, in muted tones"
000741,"a vintage postcard illustration of a wandering robot in an empty plaza, with soft focus"
000742,"a vintage postcard illustration of a vintage car in an empty plaza, with a cool color palette"
000743,"a stained-glass depiction of a glass greenhouse at sunset, with dramatic lighting"
000744,"a digital painting of a stone bridge at dawn, with soft focus"
000745,"a black-and-white photograph of a city skyline in a moonlit field, rendered in fine detail"
000746,"a stained-glass depiction of a vase of flowers at golden hour, with a warm color palette"
000747,"a watercolor illustration of a glass greenhouse on the horizon, with a warm color palette"
000748,"an oil painting of a lighthouse during a snowstorm, with a cool color palette"
000749,"a digital painting of a coral reef at golden hour, in high contrast"
000750,"a stained-glass depiction of a floating castle at golden hour, in muted tones"
000751,"a digital painting of a dense forest at dawn, with dramatic lighting"
000752,"an ink wash painting of a spaceship during a snowstorm, with long shadows"
000753,"a digital painting of a herd of horses surrounded by autumn leaves, rendered in fine detail"
000754,"a stained-glass depiction of a steam locomotive under a starry sky, in vivid color"
000755,"a high-resolution photograph of a mountain landscape under a starry sky, in muted tones"
000756,"a pastel drawing of a bustling marketplace in an empty plaza, with soft focus"
000757,"an ink wash painting of a violinist in the fog, with a warm color palette"
000758,"a charcoal sketch of a clockwork bird on the horizon, with soft focus"
000759,"a digital painting of a spaceship at midnight, rendered in fine detail"
000760,"a pastel drawing of a vase of flowers in a quiet alley, with dramatic lighting"
000761,"a high-resolution photograph of a bustling marketplace at dawn, in high contrast"
000762,"a digital painting of a dense forest under a starry sky, with a warm color palette"
000763,"a stained-glass depiction of a lighthouse under a starry sky, with dramatic lighting"
000764,"a charcoal sketch of a lighthouse in an empty plaza, with a cool color palette"
000765,"a digital painting of a steam locomotive under neon lights, with a warm color palette"
000766,"a black-and-white photograph of a bustling marketplace in a bustling square, in high contrast"
000767,"a vintage postcard illustration of a dense forest in a bustling square, with a warm color palette"
000768,"a black-and-white photograph of a spaceship in an empty plaza, in high contrast"
000769,"a digital painting of a vase of flowers beside a river, with a shallow depth of field"
000770,"an oil painting of a snow-covered village at dawn, with long shadows"
000771,"a vintage postcard illustration of a glass greenhouse under neon lights, with a cool color palette"
000772,"a watercolor illustration of a city skyline at dawn, with a shallow depth of field"
000773,"a low-poly 3D render of a lighthouse in a moonlit field, with a shallow depth of field"
000774,"a stained-glass depiction of a Japanese garden surrounded by autumn leaves, with a shallow depth of field"
000775,"an oil painting of a violinist at midnight, with dramatic lighting"
000776,"an oil painting of a dense forest near a waterfall, with a cool color palette"
000777,"a pastel drawing of a city skyline in heavy rain, with a shallow depth of field"
000778,"a watercolor illustration of a Japanese garden at sunset, in vivid color"
000779,"a stained-glass depiction of a herd of horses in a bustling square, with a cool color palette"
000780,"a stained-glass depiction of a stone bridge at dawn, rendered in fine detail"
000781,"an oil painting of a floating castle under a starry sky, in vivid color"
000782,"a vintage postcard illustration of a glass greenhouse in an empty plaza, with a cool color palette"
000783,"a low-poly 3D render of a city skyline under neon lights, with dramatic lighting"
000784,"a stained-glass depiction of a desert caravan in a quiet alley, with long shadows"
000785,"a digital painting of a hot air balloon at golden hour, rendered in fine detail"
000786,"a vintage postcard illustration of a vase of flowers at dawn, with dramatic lighting"
000787,"a vintage postcard illustration of an empty street in a moonlit field, in vivid color"
000788,"a pastel drawing of a wandering robot at midnight, in high contrast"
000789,"an oil painting of a bustling marketplace under neon lights, with long shadows"
000790,"an oil painting of a lighthouse in an empty plaza, with a cool color palette"
000791,"an oil painting of a steam locomotive at golden hour, in muted tones"
000792,"a high-resolution photograph of a Japanese garden under neon lights, in muted tones"
000793,"a low-poly 3D render of a glass greenhouse in a moonlit field, with dramatic lighting"
000794,"a pastel drawing of a mountain landscape beside a river, with soft focus"
000795,"an ink wash painting of a bustling marketplace in a moonlit field, with a cool color palette"
000796,"a charcoal sketch of a clockwork bird at golden hour, with a warm color palette"
000797,"a low-poly 3D render of a vase of flowers during a snowstorm, with a cool color palette"
000798,"a digital painting of a person in a red coat at sunset, with a shallow depth of field"
000799,"a watercolor illustration of a bowl of fruit in a bustling square, with soft focus"
000800,"a studio photograph of a snow-covered village on a cliff edge, with long shadows"
000801,"an ink wash painting of a person in a red coat in a bustling square, in muted tones"
000802,"a charcoal sketch of a wandering robot surrounded by autumn leaves, with a cool color palette"
000803,"a vintage postcard illustration of a stone bridge on the horizon, with a shallow depth of field"
000804,"a watercolor illustration of a spaceship at dawn, in muted tones"
000805,"an ink wash painting of a floating castle in a bustling square, in muted tones"
000806,"an ink wash painting of an empty street in a quiet alley, with a warm color palette"
000807,"a digital painting of a coral reef in a bustling square, rendered in fine detail"
000808,"a vintage postcard illustration of a Japanese garden at midnight, with long shadows"
000809,"a studio photograph of a herd of horses beside a river, with soft focus"
000810,"a stained-glass depiction of a herd of horses under neon lights, with long shadows"
000811,"a black-and-white photograph of a desert caravan surrounded by autumn leaves, in high contrast"
000812,"a digital painting of a wandering robot in heavy rain, with a shallow depth of field"
000813,"an ink wash painting of a desert caravan on a cliff edge, in high contrast"
000814,"a high-resolution photograph of a coral reef at sunset, in vivid color"
000815,"an ink wash painting of a herd of horses at midnight, in muted tones"
000816,"a vintage postcard illustration of a dense forest in a quiet alley, with a shallow depth of field"
000817,"a low-poly 3D render of an astronaut at golden hour, with soft focus"
000818,"a charcoal sketch of a bowl of fruit in an empty plaza, with long shadows"
000819,"a pastel drawing of a bowl of fruit near a waterfall, with a shallow depth of field"
000820,"a digital painting of a vase of flowers at dawn, with long shadows"
000821,"a low-poly 3D render of a steam locomotive at sunset, with a shallow depth of field"
000822,"a watercolor illustration of a violinist in a moonlit field, with long shadows"
000823,"a low-poly 3D render of a coral reef beside a river, with a warm color palette"
000824,"an oil painting of a spaceship under a starry sky, with soft focus"
000825,"a high-resolution photograph of a wandering robot beside a river, in muted tones"
000826,"a pastel drawing of an astronaut in a quiet alley, with a warm color palette"
000827,"a watercolor illustration of a clockwork bird in a moonlit field, with a shallow depth of field"
000828,"an ink wash painting of a bowl of fruit in a quiet alley, with long shadows"
000829,"an oil painting of a stone bridge surrounded by autumn leaves, rendered in fine detail"
000830,"a digital painting of a city skyline surrounded by autumn leaves, in high contrast"
000831,"a stained-glass depiction of a dense forest on a cliff edge, with a shallow depth of field"
000832,"a black-and-white photograph of a steam locomotive at midnight, with a cool color palette"
000833,"a black-and-white photograph of a desert caravan at midnight, with soft focus"
000834,"a charcoal sketch of a violinist during a snowstorm, with long shadows"
000835,"a stained-glass depiction of a person in a red coat beside a river, in high contrast"
000836,"a charcoal sketch of a wandering robot surrounded by autumn leaves, with dramatic lighting"
000837,"a stained-glass depiction of a vase of flowers near a waterfall, with a shallow depth of field"
000838,"an ink wash painting of a hot air balloon near a waterfall, with a cool color palette"
000839,"a high-resolution photograph of a coral reef at sunset, rendered in fine detail"
000840,"a low-poly 3D render of a steam locomotive during a snowstorm, in muted tones"
000841,"a studio photograph of an astronaut in a moonlit field, with a warm color palette"
000842,"a charcoal sketch of a dense forest in a bustling square, in vivid color"
000843,"a stained-glass depiction of a coral reef surrounded by autumn leaves, rendered in fine detail"
000844,"a digital painting of a spaceship in heavy rain, with a shallow depth of field"
000845,"a black-and-white photograph of a steam locomotive under neon lights, with a cool color palette"
000846,"a watercolor illustration of a floating castle near a waterfall, in high contrast"
000847,"a studio photograph of a steam locomotive during a snowstorm, in vivid color"
000848,"a stained-glass depiction of a snow-covered village in heavy rain, rendered in fine detail"
000849,"a charcoal sketch of a steam locomotive under neon lights, in muted tones"
000850,"a stained-glass depiction of a snow-covered village on a cliff edge, with a cool color palette"
000851,"a digital painting of a coral reef on the horizon, with a cool color palette"
000852,"a watercolor illustration of a wandering robot in an empty plaza, rendered in fine detail"
000853,"a pastel drawing of a person in a red coat on a cliff edge, with a cool color palette"
000854,"a vintage postcard illustration of a snow-covered village at golden hour, with a cool color palette"
000855,"a digital painting of a hot air balloon under a starry sky, with a warm color palette"
000856,"a digital painting of a herd of horses under neon lights, in high contrast"
000857,"a stained-glass depiction of a snow-covered village on the horizon, in high contrast"
000858,"a high-resolution photograph of an astronaut at dawn, in high contrast"
000859,"a studio photograph of a wandering robot in the fog, with soft focus"
000860,"an ink wash painting of a steam locomotive under a starry sky, in vivid color"
000861,"a charcoal sketch of a steam locomotive near a waterfall, in high contrast"
000862,"a digital painting of an empty street on a cliff edge, with a shallow depth of field"
000863,"a pastel drawing of a vintage car surrounded by autumn leaves, with dramatic lighting"
000864,"an ink wash painting of a person in a red coat surrounded by autumn leaves, in vivid color"
000865,"a low-poly 3D render of an empty street in the fog, with soft focus"
000866,"a watercolor illustration of a desert caravan in an empty plaza, with a shallow depth of field"
000867,"a vintage postcard illustration of a city skyline under neon lights, in vivid color"
000868,"an oil painting of a desert caravan under neon lights, with a cool color palette"
000869,"a low-poly 3D render of an empty street at sunset, with a shallow depth of field"
000870,"a pastel drawing of a wandering robot in a moonlit field, in vivid color"
000871,"a charcoal sketch of a stone bridge under neon lights, in high contrast"
000872,"a pastel drawing of a mountain landscape on the horizon, with a warm color palette"
000873,"a watercolor illustration of an empty street under neon lights, with dramatic lighting"
000874,"a black-and-white photograph of a vintage car at midnight, in vivid color"
000875,"an ink wash painting of a Japanese garden in a bustling square, with dramatic lighting"
000876,"a pastel drawing of a steam locomotive at dawn, with a cool color palette"
000877,"a digital painting of a spaceship near a waterfall, rendered in fine detail"
000878,"a pastel drawing of a steam locomotive in an empty plaza, with a cool color palette"
000879,"a high-resolution photograph of a herd of horses in an empty plaza, rendered in fine detail"
000880,"an ink wash painting of a herd of horses during a snowstorm, in high contrast"
000881,"a charcoal sketch of a stone bridge near a waterfall, with long shadows"
000882,"a stained-glass depiction of a vintage car in an empty plaza, in muted tones"
000883,"a black-and-white photograph of a snow-covered village in a moonlit field, with a cool color palette"
000884,"an oil painting of a glass greenhouse under a starry sky, with dramatic lighting"
000885,"an oil painting of an empty street under a starry sky, with dramatic lighting"
000886,"a studio photograph of a wandering robot under neon lights, with a shallow depth of field"
000887,"a low-poly 3D render of a vintage car in an empty plaza, in muted tones"
000888,"a pastel drawing of a violinist in a moonlit field, rendered in fine detail"
000889,"a stained-glass depiction of a violinist near a waterfall, in vivid color"
000890,"a black-and-white photograph of a hot air balloon during a snowstorm, with long shadows"
000891,"a high-resolution photograph of a violinist beside a river, in muted tones"
000892,"an oil painting of a hot air balloon surrounded by autumn leaves, with a shallow depth of field"
000893,"a studio photograph of a glass greenhouse at golden hour, with long shadows"
000894,"a low-poly 3D render of a violinist in a moonlit field, with dramatic lighting"
000895,"an oil painting of a steam locomotive beside a river, with dramatic lighting"
000896,"a charcoal sketch of a wandering robot at sunset, with soft focus"
000897,"a low-poly 3D render of a vintage car in an empty plaza, with a warm color palette"
000898,"an ink wash painting of a dense forest at golden hour, in high contrast"
000899,"a black-and-white photograph of a stone bridge in an empty plaza, rendered in fine detail"
000900,"a digital painting of a herd of horses at dawn, rendered in fine detail"
000901,"a stained-glass depiction of a Japanese garden near a waterfall, rendered in fine detail"
000902,"a high-resolution photograph of a dense forest in a bustling square, with long shadows"
000903,"a digital painting of a herd of horses near a waterfall, with dramatic lighting"
000904,"a charcoal sketch of a steam locomotive at golden hour, with long shadows"
000905,"a pastel drawing of a person in a red coat at midnight, in muted tones"
000906,"a digital painting of a person in a red coat near a waterfall, with a shallow depth of field"
000907,"a high-resolution photograph of a clockwork bird in the fog, with long shadows"
000908,"a studio photograph of a stone bridge in an empty plaza, rendered in fine detail"
000909,"a high-resolution photograph of a vase of flowers at golden hour, with a cool color palette"
000910,"a digital painting of a herd of horses in a bustling square, in vivid color"
000911,"a stained-glass depiction of a Japanese garden in a bustling square, with long shadows"
000912,"a digital painting of a glass greenhouse near a waterfall, with a shallow depth of field"
000913,"a stained-glass depiction of an empty street in a moonlit field, with a warm color palette"
000914,"an oil painting of a person in a red coat in an empty plaza, rendered in fine detail"
000915,"a stained-glass depiction of a steam locomotive at sunset, in muted tones"
000916,"an ink wash painting of a person in a red coat at sunset, in muted tones"
000917,"an oil painting of a Japanese garden in an empty plaza, in high contrast"
000918,"a watercolor illustration of a lighthouse during a snowstorm, with long shadows"
000919,"a stained-glass depiction of a desert caravan under neon lights, in vivid color"
000920,"a high-resolution photograph of a spaceship beside a river, with a cool color palette"
000921,"a high-resolution photograph of a floating castle on the horizon, in high contrast"
000922,"a vintage postcard illustration of a bowl of fruit at golden hour, with soft focus"
000923,"a black-and-white photograph of a person in a red coat under neon lights, with a cool color palette"
000924,"a low-poly 3D render of a dense forest beside a river, with soft focus"
000925,"a studio photograph of a floating castle at golden hour, in muted tones"
000926,"a vintage postcard illustration of a city skyline surrounded by autumn leaves, rendered in fine detail"
000927,"an oil painting of a stone bridge at golden hour, in vivid color"
000928,"a high-resolution photograph of an empty street in the fog, with long shadows"
000929,"a stained-glass depiction of a herd of horses at dawn, in vivid color"
000930,"a vintage postcard illustration of a city skyline in a moonlit field, in vivid color"
000931,"a charcoal sketch of a glass greenhouse under neon lights, with long shadows"
000932,"an oil painting of a herd of horses during a snowstorm, with dramatic lighting"
000933,"a low-poly 3D render of a vase of flowers at dawn, with a shallow depth of field"
000934,"an oil painting of a mountain landscape during a snowstorm, with a shallow depth of field"
000935,"a digital painting of a hot air balloon in heavy rain, in high contrast"
000936,"a low-poly 3D render of a violinist at golden hour, rendered in fine detail"
000937,"a vintage postcard illustration of a herd of horses at golden hour, with long shadows"
000938,"a digital painting of a desert caravan on a cliff edge, in high contrast"
000939,"an ink wash painting of a stone bridge near a waterfall, in vivid color"
000940,"a studio photograph of a bowl of fruit surrounded by autumn leaves, with a shallow depth of field"
000941,"a studio photograph of a desert caravan under neon lights, with long shadows"
000942,"a black-and-white photograph of a clockwork bird in a moonlit field, with a shallow depth of field"
000943,"a studio photograph of an empty street in an empty plaza, with a shallow depth of field"
000944,"a studio photograph of an astronaut under neon lights, in muted tones"
000945,"an oil painting of a vintage car in a bustling square, with a shallow depth of field"
000946,"an oil painting of a mountain landscape surrounded by autumn leaves, with a warm color palette"
000947,"a charcoal sketch of a violinist near a waterfall, with a warm color palette"
000948,"a charcoal sketch of a steam locomotive near a waterfall, in muted tones"
000949,"an oil painting of a desert caravan in a moonlit field, with soft focus"
000950,"a stained-glass depiction of a desert caravan at midnight, with long shadows"
000951,"a digital painting of a bowl of fruit at midnight, with a shallow depth of field"
000952,"a digital painting of a coral reef under a starry sky, with soft focus"
000953,"a vintage postcard illustration of a bustling marketplace under a starry sky, in muted tones"
000954,"an oil painting of a wandering robot at dawn, in muted tones"
000955,"a studio photograph of a vase of flowers in the fog, with a warm color palette"
000956,"a vintage postcard illustration of a snow-covered village at golden hour, with long shadows"
000957,"a digital painting of a bowl of fruit at dawn, with dramatic lighting"
000958,"a digital painting of a floating castle at dawn, with dramatic lighting"
000959,"an ink wash painting of a bustling marketplace during a snowstorm, in vivid color"
000960,"a vintage postcard illustration of a stone bridge at golden hour, with a warm color palette"
000961,"a studio photograph of a dense forest in the fog, in high contrast"
000962,"a stained-glass depiction of a hot air balloon in an empty plaza, in high contrast"
000963,"a watercolor illustration of a stone bridge in a bustling square, rendered in fine detail"
000964,"a stained-glass depiction of a city skyline on a cliff edge, in vivid color"
000965,"a high-resolution photograph of a person in a red coat at midnight, with a warm color palette"
000966,"a digital painting of a person in a red coat beside a river, in vivid color"
000967,"a charcoal sketch of a glass greenhouse near a waterfall, with a cool color palette"
000968,"a watercolor illustration of a city skyline in the fog, with a cool color palette"
000969,"a high-resolution photograph of a dense forest at sunset, rendered in fine detail"
000970,"a digital painting of a dense forest at sunset, with dramatic lighting"
000971,"a high-resolution photograph of a floating castle under neon lights, in vivid color"
000972,"a digital painting of a hot air balloon in an empty plaza, with a shallow depth of field"
000973,"a watercolor illustration of a bowl of fruit at dawn, with a warm color palette"
000974,"a low-poly 3D render of a snow-covered village during a snowstorm, with dramatic lighting"
000975,"a charcoal sketch of a bustling marketplace in a moonlit field, rendered in fine detail"
000976,"a black-and-white photograph of a dense forest surrounded by autumn leaves, with long shadows"
000977,"a charcoal sketch of a spaceship on a cliff edge, with long shadows"
000978,"a studio photograph of an astronaut at midnight, with a warm color palette"
000979,"a low-poly 3D render of an astronaut on a cliff edge, with a cool color palette"
000980,"a vintage postcard illustration of a violinist surrounded by autumn leaves, with a warm color palette"
000981,"a pastel drawing of an astronaut during a snowstorm, with soft focus"
000982,"a low-poly 3D render of a coral reef surrounded by autumn leaves, with long shadows"
000983,"a black-and-white photograph of a steam locomotive in the fog, in muted tones"
000984,"a watercolor illustration of a steam locomotive under a starry sky, with a warm color palette"
000985,"a low-poly 3D render of a spaceship in an empty plaza, with long shadows"
000986,"a low-poly 3D render of a lighthouse on the horizon, with long shadows"
000987,"a digital painting of a wandering robot on the horizon, with a cool color palette"
000988,"a vintage postcard illustration of a dense forest on the horizon, rendered in fine detail"
000989,"a low-poly 3D render of a stone bridge near a waterfall, rendered in fine detail"
000990,"a charcoal sketch of a vase of flowers near a waterfall, rendered in fine detail"
000991,"a watercolor illustration of a mountain landscape in an empty plaza, with long shadows"
000992,"a high-resolution photograph of a bowl of fruit in a moonlit field, in high contrast"
000993,"a vintage postcard illustration of a hot air balloon in a moonlit field, with a shallow depth of field"
000994,"a low-poly 3D render of a mountain landscape surrounded by autumn leaves, rendered in fine detail"
000995,"a high-resolution photograph of a Japanese garden at golden hour, with a cool color palette"
000996,"a high-resolution photograph of a hot air balloon in the fog, with long shadows"
000997,"a black-and-white photograph of a spaceship in an empty plaza, with a cool color palette"
000998,"a stained-glass depiction of a violinist on a cliff edge, with soft focus"
000999,"an oil painting of an empty street in a bustling square, with dramatic lighting"
