image_id,attack_id,score_z
000000323496,none,-55.24430465698242
000000323496,jpeg_q50,-56.189117431640625
000000479155,none,-58.330352783203125
000000479155,jpeg_q50,-59.8110466003418
000000068078,none,-54.16632843017578
000000068078,jpeg_q50,-55.757789611816406
000000340451,none,-62.579368591308594
000000340451,jpeg_q50,-64.07164764404297
000000378605,none,-58.56230163574219
000000378605,jpeg_q50,-59.19930648803711
000000156071,none,-54.926143646240234
000000156071,jpeg_q50,-56.21538543701172
000000555050,none,-59.50230407714844
000000555050,jpeg_q50,-60.47280502319336
000000228144,none,-54.650428771972656
000000228144,jpeg_q50,-54.72845458984375
000000410878,none,-55.480960845947266
000000410878,jpeg_q50,-55.495765686035156
000000173091,none,-53.82550048828125
000000173091,jpeg_q50,-53.95803451538086
000000382111,none,-56.8599967956543
000000382111,jpeg_q50,-58.73680114746094
000000563349,none,-57.516658782958984
000000563349,jpeg_q50,-55.08526611328125
000000111207,none,-59.07777786254883
000000111207,jpeg_q50,-61.289581298828125
000000550939,none,-57.70158767700195
000000550939,jpeg_q50,-58.43461990356445
000000166277,none,-57.74844741821289
000000166277,jpeg_q50,-60.026397705078125
000000017714,none,-57.12839889526367
000000017714,jpeg_q50,-59.601463317871094
000000519208,none,-54.05870819091797
000000519208,jpeg_q50,-56.81279754638672
000000140583,none,-52.79673767089844
000000140583,jpeg_q50,-52.8123893737793
000000098392,none,-57.247314453125
000000098392,jpeg_q50,-56.5007209777832
000000531135,none,-58.038143157958984
000000531135,jpeg_q50,-59.16849136352539
000000274219,none,-55.85820007324219
000000274219,jpeg_q50,-57.52150344848633
000000060507,none,-56.0703010559082
000000060507,jpeg_q50,-58.094486236572266
000000524108,none,-58.55253601074219
000000524108,jpeg_q50,-59.771217346191406
000000485844,none,-53.92103576660156
000000485844,jpeg_q50,-56.12769317626953
000000546823,none,-56.369205474853516
000000546823,jpeg_q50,-58.097476959228516
000000280891,none,-59.65069580078125
000000280891,jpeg_q50,-61.04724884033203
000000133631,none,-58.15939712524414
000000133631,jpeg_q50,-59.05365753173828
000000344611,none,-58.39225387573242
000000344611,jpeg_q50,-61.293853759765625
000000571313,none,-57.062625885009766
000000571313,jpeg_q50,-59.239986419677734
000000091500,none,-56.372772216796875
000000091500,jpeg_q50,-59.169952392578125
000000397133,none,-54.277687072753906
000000397133,jpeg_q50,-55.8730583190918
000000412531,none,-58.79946517944336
000000412531,jpeg_q50,-59.77666091918945
000000098853,none,-57.076969146728516
000000098853,jpeg_q50,-59.91265106201172
000000212800,none,-58.19757080078125
000000212800,jpeg_q50,-58.84674835205078
000000229311,none,-57.18806838989258
000000229311,jpeg_q50,-59.65679168701172
000000055150,none,-60.19014358520508
000000055150,jpeg_q50,-61.69720458984375
000000127517,none,-60.6939582824707
000000127517,jpeg_q50,-62.56156921386719
000000099242,none,-49.9291877746582
000000099242,jpeg_q50,-52.3228759765625
000000513688,none,-59.427940368652344
000000513688,jpeg_q50,-60.7395133972168
000000133969,none,-57.121803283691406
000000133969,jpeg_q50,-60.23265838623047
000000298904,none,-54.900638580322266
000000298904,jpeg_q50,-56.2304573059082
000000567197,none,-55.89715576171875
000000567197,jpeg_q50,-55.398231506347656
000000356248,none,-56.70502471923828
000000356248,jpeg_q50,-58.44392013549805
000000107851,none,-54.23664093017578
000000107851,jpeg_q50,-54.05049133300781
000000534639,none,-57.75994110107422
000000534639,jpeg_q50,-59.369197845458984
000000411530,none,-56.9543571472168
000000411530,jpeg_q50,-57.5826301574707
000000545730,none,-54.49802780151367
000000545730,jpeg_q50,-57.20252990722656
000000154431,none,-56.86662673950195
000000154431,jpeg_q50,-58.19053649902344
000000082085,none,-57.64274597167969
000000082085,jpeg_q50,-59.578399658203125
000000076468,none,-54.18308639526367
000000076468,jpeg_q50,-56.981407165527344
000000251065,none,-55.56005096435547
000000251065,jpeg_q50,-56.13733673095703
000000254016,none,-59.47209548950195
000000254016,jpeg_q50,-62.69352722167969
000000411665,none,-57.10026931762695
000000411665,jpeg_q50,-59.2614631652832
000000376310,none,-60.645565032958984
000000376310,jpeg_q50,-63.092063903808594
000000380203,none,-57.578468322753906
000000380203,jpeg_q50,-58.24992752075195
000000421455,none,-56.369102478027344
000000421455,jpeg_q50,-57.28802490234375
000000106757,none,-54.61339569091797
000000106757,jpeg_q50,-55.57435607910156
000000066135,none,-51.94577407836914
000000066135,jpeg_q50,-52.877723693847656
000000397303,none,-56.12627029418945
000000397303,jpeg_q50,-57.34639358520508
000000206027,none,-54.30326843261719
000000206027,jpeg_q50,-57.44645690917969
000000200421,none,-55.23347854614258
000000200421,jpeg_q50,-56.256046295166016
000000427649,none,-51.338584899902344
000000427649,jpeg_q50,-51.40583419799805
000000343937,none,-53.0457878112793
000000343937,jpeg_q50,-53.13682556152344
000000073153,none,-58.53532409667969
000000073153,jpeg_q50,-59.04754638671875
000000321214,none,-53.71674728393555
000000321214,jpeg_q50,-54.227725982666016
000000015338,none,-55.609588623046875
000000015338,jpeg_q50,-57.29121398925781
000000577584,none,-56.80875778198242
000000577584,jpeg_q50,-57.35276412963867
000000468245,none,-52.172325134277344
000000468245,jpeg_q50,-56.39603805541992
000000382743,none,-52.348899841308594
000000382743,jpeg_q50,-52.75874710083008
000000378244,none,-58.85716247558594
000000378244,jpeg_q50,-58.57649612426758
000000288062,none,-62.099578857421875
000000288062,jpeg_q50,-62.50508117675781
000000154425,none,-56.68146896362305
000000154425,jpeg_q50,-56.340614318847656
000000403353,none,-58.08454513549805
000000403353,jpeg_q50,-60.72321701049805
000000088250,none,-55.00309753417969
000000088250,jpeg_q50,-55.40959548950195
000000318138,none,-54.07530975341797
000000318138,jpeg_q50,-56.31821060180664
000000273715,none,-57.02550506591797
000000273715,jpeg_q50,-57.11006546020508
000000309655,none,-54.94993591308594
000000309655,jpeg_q50,-56.29064178466797
000000484760,none,-57.30141067504883
000000484760,jpeg_q50,-59.001033782958984
000000217872,none,-46.35518264770508
000000217872,jpeg_q50,-47.979976654052734
000000338428,none,-61.579742431640625
000000338428,jpeg_q50,-61.73849868774414
000000068093,none,-59.8150520324707
000000068093,jpeg_q50,-60.60365295410156
000000383842,none,-57.29165267944336
000000383842,jpeg_q50,-59.60859298706055
000000231879,none,-60.649444580078125
000000231879,jpeg_q50,-61.5706672668457
000000542856,none,-53.28300476074219
000000542856,jpeg_q50,-56.11961364746094
000000177213,none,-59.00766372680664
000000177213,jpeg_q50,-59.400169372558594
000000157098,none,-56.2857551574707
000000157098,jpeg_q50,-58.42339324951172
000000177935,none,-55.2180061340332
000000177935,jpeg_q50,-57.713226318359375
000000163118,none,-50.18415069580078
000000163118,jpeg_q50,-53.416053771972656
000000179487,none,-57.66799545288086
000000179487,jpeg_q50,-58.78773880004883
000000131131,none,-60.266746520996094
000000131131,jpeg_q50,-60.42435073852539
000000326082,none,-55.91392517089844
000000326082,jpeg_q50,-57.41067886352539
000000039477,none,-56.59394454956055
000000039477,jpeg_q50,-59.19915771484375
000000182417,none,-55.40250778198242
000000182417,jpeg_q50,-58.76942825317383
000000171050,none,-57.89775466918945
000000171050,jpeg_q50,-59.17843246459961
000000514914,none,-56.06161880493164
000000514914,jpeg_q50,-59.19472122192383
000000206135,none,-58.703269958496094
000000206135,jpeg_q50,-59.34925079345703
000000232244,none,-56.85549545288086
000000232244,jpeg_q50,-57.86592102050781
000000391648,none,-53.51300048828125
000000391648,jpeg_q50,-56.37797546386719
000000130613,none,-59.36654281616211
000000130613,jpeg_q50,-61.71029281616211
000000455157,none,-53.803916931152344
000000455157,jpeg_q50,-55.66889572143555
000000417249,none,-55.85905075073242
000000417249,jpeg_q50,-57.776119232177734
000000356612,none,-55.32563781738281
000000356612,jpeg_q50,-57.83663558959961
000000550426,none,-58.52658462524414
000000550426,jpeg_q50,-59.38938903808594
000000090284,none,-51.585899353027344
000000090284,jpeg_q50,-53.16545486450195
000000267434,none,-60.99442672729492
000000267434,jpeg_q50,-61.852046966552734
000000493864,none,-53.69495391845703
000000493864,jpeg_q50,-55.32762145996094
000000038048,none,-62.3443717956543
000000038048,jpeg_q50,-63.38956832885742
000000305695,none,-53.616981506347656
000000305695,jpeg_q50,-55.6236572265625
000000329219,none,-57.1367073059082
000000329219,jpeg_q50,-57.60479736328125
000000221155,none,-54.52976989746094
000000221155,jpeg_q50,-56.282867431640625
000000474039,none,-60.35514450073242
000000474039,jpeg_q50,-62.0809440612793
000000146831,none,-53.48625946044922
000000146831,jpeg_q50,-57.02861404418945
000000407646,none,-52.12804412841797
000000407646,jpeg_q50,-53.59182357788086
000000056545,none,-68.49978637695312
000000056545,jpeg_q50,-69.4388656616211
000000023230,none,-56.17682647705078
000000023230,jpeg_q50,-57.4995231628418
000000293324,none,-49.96870040893555
000000293324,jpeg_q50,-52.47987365722656
000000314914,none,-55.714683532714844
000000314914,jpeg_q50,-56.92332458496094
000000051309,none,-55.631195068359375
000000051309,jpeg_q50,-56.94921875
000000116479,none,-57.97029495239258
000000116479,jpeg_q50,-58.609947204589844
000000378116,none,-56.461273193359375
000000378116,jpeg_q50,-57.06364440917969
000000416837,none,-55.33149719238281
000000416837,jpeg_q50,-56.17756652832031
000000009448,none,-55.08746337890625
000000009448,jpeg_q50,-55.29132843017578
000000430961,none,-63.34687423706055
000000430961,jpeg_q50,-64.78736114501953
000000383606,none,-55.13637161254883
000000383606,jpeg_q50,-56.5956916809082
000000446117,none,-58.86876678466797
000000446117,jpeg_q50,-59.56859588623047
000000340930,none,-53.206993103027344
000000340930,jpeg_q50,-57.42441177368164
000000066706,none,-60.0904426574707
000000066706,jpeg_q50,-61.66176223754883
000000414673,none,-55.74648666381836
000000414673,jpeg_q50,-57.6230583190918
000000305609,none,-52.99346923828125
000000305609,jpeg_q50,-52.61726379394531
000000230166,none,-56.89714431762695
000000230166,jpeg_q50,-57.918556213378906
000000577976,none,-56.1875
000000577976,jpeg_q50,-56.88869857788086
000000296222,none,-56.80492401123047
000000296222,jpeg_q50,-59.0803337097168
000000455981,none,-55.07979202270508
000000455981,jpeg_q50,-58.12366485595703
000000426376,none,-48.87344741821289
000000426376,jpeg_q50,-50.582313537597656
000000350679,none,-54.53622055053711
000000350679,jpeg_q50,-55.9752197265625
000000165351,none,-57.640350341796875
000000165351,jpeg_q50,-57.6517219543457
000000014007,none,-54.34083938598633
000000014007,jpeg_q50,-56.114036560058594
000000384661,none,-60.014320373535156
000000384661,jpeg_q50,-61.60360336303711
000000516708,none,-59.77376937866211
000000516708,jpeg_q50,-60.5123405456543
000000005037,none,-58.174163818359375
000000005037,jpeg_q50,-59.7542610168457
000000368961,none,-56.11359405517578
000000368961,jpeg_q50,-58.94674301147461
000000156278,none,-57.107383728027344
000000156278,jpeg_q50,-59.27802276611328
000000309495,none,-54.47329330444336
000000309495,jpeg_q50,-59.17702102661133
000000140203,none,-53.20423126220703
000000140203,jpeg_q50,-56.024173736572266
000000481582,none,-55.34748458862305
000000481582,jpeg_q50,-56.31475067138672
000000297353,none,-54.721824645996094
000000297353,jpeg_q50,-54.111732482910156
000000502336,none,-56.64823913574219
000000502336,jpeg_q50,-58.20207595825195
000000481413,none,-54.9674072265625
000000481413,jpeg_q50,-54.525390625
000000266768,none,-58.79353713989258
000000266768,jpeg_q50,-58.73325729370117
000000326542,none,-49.573001861572266
000000326542,jpeg_q50,-50.3557014465332
000000224664,none,-55.697750091552734
000000224664,jpeg_q50,-55.30134201049805
000000082180,none,-62.628273010253906
000000082180,jpeg_q50,-62.61249923706055
000000159977,none,-56.160865783691406
000000159977,jpeg_q50,-55.875938415527344
000000292082,none,-58.399147033691406
000000292082,jpeg_q50,-57.206024169921875
000000074646,none,-50.40144348144531
000000074646,jpeg_q50,-52.78949737548828
000000025394,none,-54.53689956665039
000000025394,jpeg_q50,-59.77299118041992
000000361571,none,-59.73341751098633
000000361571,jpeg_q50,-60.59840393066406
000000391722,none,-54.381046295166016
000000391722,jpeg_q50,-54.96238708496094
000000311190,none,-57.07089614868164
000000311190,jpeg_q50,-59.5428466796875
000000482319,none,-55.91740417480469
000000482319,jpeg_q50,-58.42396545410156
000000292446,none,-50.15739440917969
000000292446,jpeg_q50,-51.117374420166016
000000043737,none,-57.99359893798828
000000043737,jpeg_q50,-59.167118072509766
000000472623,none,-53.248695373535156
000000472623,jpeg_q50,-55.98272705078125
000000377635,none,-56.9615592956543
000000377635,jpeg_q50,-58.239540100097656
000000167540,none,-53.09162521362305
000000167540,jpeg_q50,-52.57933807373047
000000161781,none,-57.62763977050781
000000161781,jpeg_q50,-60.766944885253906
000000441491,none,-50.613059997558594
000000441491,jpeg_q50,-52.66909408569336
000000520871,none,-59.32365417480469
000000520871,jpeg_q50,-63.074058532714844
000000219283,none,-51.4381217956543
000000219283,jpeg_q50,-51.380584716796875
000000112298,none,-53.199703216552734
000000112298,jpeg_q50,-52.33192443847656
000000050896,none,-58.860042572021484
000000050896,jpeg_q50,-59.458492279052734
000000504589,none,-59.953163146972656
000000504589,jpeg_q50,-61.07975387573242
000000210030,none,-52.02394104003906
000000210030,jpeg_q50,-56.54001998901367
000000122046,none,-57.70343780517578
000000122046,jpeg_q50,-59.516117095947266
000000442480,none,-49.9301872253418
000000442480,jpeg_q50,-53.766029357910156
000000508602,none,-59.05835723876953
000000508602,jpeg_q50,-61.43126678466797
000000531134,none,-59.17825698852539
000000531134,jpeg_q50,-61.19182205200195
000000402774,none,-54.71363067626953
000000402774,jpeg_q50,-57.45877456665039
000000492758,none,-58.12626266479492
000000492758,jpeg_q50,-61.652156829833984
000000555705,none,-58.32384490966797
000000555705,jpeg_q50,-61.07198715209961
000000002473,none,-56.793418884277344
000000002473,jpeg_q50,-60.47075271606445
000000460229,none,-56.040164947509766
000000460229,jpeg_q50,-58.06850814819336
000000369771,none,-57.56809997558594
000000369771,jpeg_q50,-57.659244537353516
000000509656,none,-55.52790451049805
000000509656,jpeg_q50,-56.80257797241211
000000431140,none,-57.3826904296875
000000431140,jpeg_q50,-58.4843864440918
000000038825,none,-57.18736267089844
000000038825,jpeg_q50,-58.23081970214844
000000142620,none,-57.04598617553711
000000142620,jpeg_q50,-59.986328125
000000248980,none,-58.93473815917969
000000248980,jpeg_q50,-59.36410140991211
000000395575,none,-56.125572204589844
000000395575,jpeg_q50,-58.04084396362305
000000407650,none,-49.44662094116211
000000407650,jpeg_q50,-50.121665954589844
000000015272,none,-55.8342170715332
000000015272,jpeg_q50,-56.764713287353516
000000498032,none,-53.707305908203125
000000498032,jpeg_q50,-55.11249923706055
000000079969,none,-52.67789077758789
000000079969,jpeg_q50,-55.099796295166016
000000507473,none,-54.318485260009766
000000507473,jpeg_q50,-55.19742965698242
000000257896,none,-56.79555130004883
000000257896,jpeg_q50,-59.76790237426758
000000344795,none,-53.704837799072266
000000344795,jpeg_q50,-56.09054183959961
000000263403,none,-52.57700729370117
000000263403,jpeg_q50,-52.18498611450195
000000145591,none,-59.246612548828125
000000145591,jpeg_q50,-61.80854415893555
000000069213,none,-59.2928466796875
000000069213,jpeg_q50,-59.87311553955078
000000343496,none,-58.470703125
000000343496,jpeg_q50,-60.26580810546875
000000505169,none,-53.9329719543457
000000505169,jpeg_q50,-52.61156463623047
000000060052,none,-58.17383575439453
000000060052,jpeg_q50,-58.68492126464844
000000067896,none,-57.81161880493164
000000067896,jpeg_q50,-60.319068908691406
000000424975,none,-56.992374420166016
000000424975,jpeg_q50,-59.176055908203125
000000253835,none,-52.62986373901367
000000253835,jpeg_q50,-54.55249786376953
000000539143,none,-56.77330017089844
000000539143,jpeg_q50,-56.70405197143555
000000032570,none,-55.198734283447266
000000032570,jpeg_q50,-57.613555908203125
000000002592,none,-52.39019012451172
000000002592,jpeg_q50,-53.97334671020508
000000292908,none,-59.933555603027344
000000292908,jpeg_q50,-60.79587936401367
000000379842,none,-55.73659133911133
000000379842,jpeg_q50,-59.46470642089844
000000460967,none,-56.95271682739258
000000460967,jpeg_q50,-57.928592681884766
000000051976,none,-52.11637496948242
000000051976,jpeg_q50,-52.8514404296875
000000504000,none,-56.4927864074707
000000504000,jpeg_q50,-57.90045928955078
000000308631,none,-58.136322021484375
000000308631,jpeg_q50,-60.928680419921875
000000022705,none,-56.57142639160156
000000022705,jpeg_q50,-58.23114013671875
000000242287,none,-55.47432327270508
000000242287,jpeg_q50,-56.486602783203125
000000236166,none,-55.248451232910156
000000236166,jpeg_q50,-58.494266510009766
000000044699,none,-55.73228454589844
000000044699,jpeg_q50,-57.428443908691406
000000025181,none,-57.397254943847656
000000025181,jpeg_q50,-56.800758361816406
000000449190,none,-56.596717834472656
000000449190,jpeg_q50,-57.89385223388672
000000286908,none,-59.95941925048828
000000286908,jpeg_q50,-61.28459548950195
000000185157,none,-52.2910041809082
000000185157,jpeg_q50,-52.97380065917969
000000467511,none,-58.586360931396484
000000467511,jpeg_q50,-62.65985107421875
000000437898,none,-55.49236297607422
000000437898,jpeg_q50,-58.576446533203125
000000039670,none,-57.64240646362305
000000039670,jpeg_q50,-58.31681823730469
000000314251,none,-55.94450378417969
000000314251,jpeg_q50,-56.52218246459961
000000420069,none,-55.46259307861328
000000420069,jpeg_q50,-58.35230255126953
000000377497,none,-60.62980270385742
000000377497,jpeg_q50,-60.84473419189453
000000434459,none,-55.94774627685547
000000434459,jpeg_q50,-59.15610885620117
000000365095,none,-52.292808532714844
000000365095,jpeg_q50,-52.02842712402344
000000281687,none,-57.55672073364258
000000281687,jpeg_q50,-59.940696716308594
000000143998,none,-53.537776947021484
000000143998,jpeg_q50,-55.31648254394531
000000216516,none,-53.03402328491211
000000216516,jpeg_q50,-53.45217514038086
000000260106,none,-60.755470275878906
000000260106,jpeg_q50,-61.12660598754883
000000376856,none,-53.50353240966797
000000376856,jpeg_q50,-55.269325256347656
000000516804,none,-52.590362548828125
000000516804,jpeg_q50,-54.079593658447266
000000565853,none,-53.23294448852539
000000565853,jpeg_q50,-54.85497283935547
000000478286,none,-50.776275634765625
000000478286,jpeg_q50,-53.64021682739258
000000426268,none,-56.71454620361328
000000426268,jpeg_q50,-57.778587341308594
000000025424,none,-59.440425872802734
000000025424,jpeg_q50,-60.7349853515625
000000255749,none,-52.384765625
000000255749,jpeg_q50,-53.38642120361328
000000005586,none,-56.53596496582031
000000005586,jpeg_q50,-59.50263214111328
000000325114,none,-50.353965759277344
000000325114,jpeg_q50,-51.52503967285156
000000157847,none,-49.57542037963867
000000157847,jpeg_q50,-53.0966796875
000000052413,none,-57.77777862548828
000000052413,jpeg_q50,-59.6737060546875
000000226984,none,-58.30613327026367
000000226984,jpeg_q50,-60.036338806152344
000000357888,none,-57.79131317138672
000000357888,jpeg_q50,-60.089820861816406
000000292456,none,-62.877899169921875
000000292456,jpeg_q50,-63.781028747558594
000000336232,none,-59.14793014526367
000000336232,jpeg_q50,-61.31428146362305
000000117197,none,-56.94136428833008
000000117197,jpeg_q50,-57.45140838623047
000000183709,none,-57.53725814819336
000000183709,jpeg_q50,-60.194374084472656
000000129054,none,-56.34233093261719
000000129054,jpeg_q50,-55.028045654296875
000000500716,none,-53.455413818359375
000000500716,jpeg_q50,-57.43352127075195
000000493772,none,-51.45613479614258
000000493772,jpeg_q50,-54.11500549316406
000000174482,none,-58.26228713989258
000000174482,jpeg_q50,-59.67497253417969
000000452793,none,-57.89223098754883
000000452793,jpeg_q50,-59.38800048828125
000000070158,none,-54.27915954589844
000000070158,jpeg_q50,-55.855140686035156
000000574810,none,-55.28340148925781
000000574810,jpeg_q50,-57.32981872558594
000000263594,none,-56.88361740112305
000000263594,jpeg_q50,-57.86834716796875
000000507223,none,-60.430274963378906
000000507223,jpeg_q50,-61.421180725097656
000000556000,none,-55.59153747558594
000000556000,jpeg_q50,-57.59496307373047
000000563882,none,-57.38468551635742
000000563882,jpeg_q50,-56.90766906738281
000000016502,none,-55.206085205078125
000000016502,jpeg_q50,-58.1263427734375
000000050380,none,-56.316856384277344
000000050380,jpeg_q50,-59.25844192504883
000000147223,none,-58.22137451171875
000000147223,jpeg_q50,-60.49396896362305
000000407524,none,-57.027442932128906
000000407524,jpeg_q50,-58.626121520996094
000000343466,none,-57.771915435791016
000000343466,jpeg_q50,-58.59209442138672
000000039769,none,-56.58555221557617
000000039769,jpeg_q50,-58.5478401184082
000000267169,none,-58.881866455078125
000000267169,jpeg_q50,-61.300994873046875
000000177714,none,-55.356807708740234
000000177714,jpeg_q50,-55.83884811401367
000000512194,none,-62.83939743041992
000000512194,jpeg_q50,-65.15980529785156
000000258541,none,-61.454891204833984
000000258541,jpeg_q50,-61.65129470825195
000000137950,none,-53.51939392089844
000000137950,jpeg_q50,-52.78520584106445
000000438774,none,-51.85051345825195
000000438774,jpeg_q50,-52.44334030151367
000000160666,none,-52.535892486572266
000000160666,jpeg_q50,-54.03401184082031
000000185250,none,-59.72764587402344
000000185250,jpeg_q50,-60.13347244262695
000000303499,none,-55.615447998046875
000000303499,jpeg_q50,-58.52833938598633
000000453841,none,-54.559547424316406
000000453841,jpeg_q50,-55.757080078125
000000459887,none,-57.272804260253906
000000459887,jpeg_q50,-58.4484977722168
000000474854,none,-53.53082275390625
000000474854,jpeg_q50,-54.1660041809082
000000416269,none,-56.27629470825195
000000416269,jpeg_q50,-55.63737869262695
000000308430,none,-60.24819564819336
000000308430,jpeg_q50,-60.81755828857422
000000054592,none,-55.729774475097656
000000054592,jpeg_q50,-56.71717071533203
000000122745,none,-45.10128402709961
000000122745,jpeg_q50,-48.257625579833984
000000271471,none,-50.202877044677734
000000271471,jpeg_q50,-52.548282623291016
000000273551,none,-56.265464782714844
000000273551,jpeg_q50,-57.06651306152344
000000459153,none,-53.66680145263672
000000459153,jpeg_q50,-56.13711166381836
000000397681,none,-61.48591232299805
000000397681,jpeg_q50,-62.18802261352539
000000080057,none,-53.95982360839844
000000080057,jpeg_q50,-54.87608337402344
000000388056,none,-62.85213088989258
000000388056,jpeg_q50,-65.84600830078125
000000520324,none,-53.16461181640625
000000520324,jpeg_q50,-52.928829193115234
000000398028,none,-54.93313980102539
000000398028,jpeg_q50,-59.335533142089844
000000044068,none,-52.360904693603516
000000044068,jpeg_q50,-54.07024002075195
000000292488,none,-55.45157241821289
000000292488,jpeg_q50,-54.6312255859375
000000348216,none,-55.33025360107422
000000348216,jpeg_q50,-58.493934631347656
000000415716,none,-53.678897857666016
000000415716,jpeg_q50,-58.0539436340332
000000572620,none,-61.432220458984375
000000572620,jpeg_q50,-62.425357818603516
000000269121,none,-55.24446487426758
000000269121,jpeg_q50,-55.86149215698242
000000319617,none,-56.06193923950195
000000319617,jpeg_q50,-57.99257278442383
000000555005,none,-53.823272705078125
000000555005,jpeg_q50,-55.33576965332031
000000220310,none,-58.96743392944336
000000220310,jpeg_q50,-60.43444061279297
000000225532,none,-56.027591705322266
000000225532,jpeg_q50,-57.8551139831543
000000569030,none,-63.57884216308594
000000569030,jpeg_q50,-65.24588012695312
000000045472,none,-54.73921585083008
000000045472,jpeg_q50,-55.102783203125
000000559099,none,-52.99812698364258
000000559099,jpeg_q50,-55.87957763671875
000000540932,none,-51.21992111206055
000000540932,jpeg_q50,-53.090484619140625
000000214869,none,-55.59284210205078
000000214869,jpeg_q50,-55.80222702026367
000000015746,none,-58.95198059082031
000000015746,jpeg_q50,-60.03811264038086
000000388258,none,-53.86044692993164
000000388258,jpeg_q50,-54.11681365966797
000000451693,none,-53.83578872680664
000000451693,jpeg_q50,-55.0578498840332
000000104424,none,-54.984275817871094
000000104424,jpeg_q50,-57.86945724487305
000000093154,none,-58.3554573059082
000000093154,jpeg_q50,-60.0083122253418
000000451435,none,-50.4969596862793
000000451435,jpeg_q50,-53.191219329833984
000000398237,none,-55.519432067871094
000000398237,jpeg_q50,-57.966270446777344
000000527784,none,-60.42830276489258
000000527784,jpeg_q50,-61.84465789794922
000000163640,none,-55.395713806152344
000000163640,jpeg_q50,-58.035255432128906
000000341973,none,-59.591854095458984
000000341973,jpeg_q50,-59.90265655517578
000000560266,none,-56.31306076049805
000000560266,jpeg_q50,-59.38576126098633
000000194716,none,-60.46241760253906
000000194716,jpeg_q50,-61.35121536254883
000000177489,none,-62.56664276123047
000000177489,jpeg_q50,-61.568321228027344
000000289415,none,-59.80717086791992
000000289415,jpeg_q50,-63.22176742553711
000000133819,none,-58.8508415222168
000000133819,jpeg_q50,-59.74201583862305
000000273420,none,-54.709476470947266
000000273420,jpeg_q50,-56.146697998046875
000000494869,none,-52.32365417480469
000000494869,jpeg_q50,-55.85068130493164
000000187243,none,-57.273277282714844
000000187243,jpeg_q50,-58.45412063598633
000000221281,none,-58.19502639770508
000000221281,jpeg_q50,-57.89787673950195
000000334006,none,-56.388336181640625
000000334006,jpeg_q50,-58.219764709472656
000000231747,none,-56.911231994628906
000000231747,jpeg_q50,-57.88837432861328
000000216277,none,-56.2030143737793
000000216277,jpeg_q50,-56.137489318847656
000000562207,none,-61.00197982788086
000000562207,jpeg_q50,-63.7504997253418
000000475484,none,-61.236122131347656
000000475484,jpeg_q50,-63.03268051147461
000000397279,none,-53.034393310546875
000000397279,jpeg_q50,-55.79957580566406
000000246454,none,-54.40633773803711
000000246454,jpeg_q50,-56.93606948852539
000000557672,none,-57.716941833496094
000000557672,jpeg_q50,-60.198909759521484
000000060835,none,-60.17030715942383
000000060835,jpeg_q50,-60.10509490966797
000000566282,none,-55.5279655456543
000000566282,jpeg_q50,-57.14882278442383
000000410487,none,-55.72007751464844
000000410487,jpeg_q50,-56.707515716552734
000000491497,none,-54.25259017944336
000000491497,jpeg_q50,-57.03306579589844
000000217400,none,-54.27769470214844
000000217400,jpeg_q50,-55.34772491455078
000000061268,none,-56.80168533325195
000000061268,jpeg_q50,-56.61235427856445
000000338325,none,-54.89617919921875
000000338325,jpeg_q50,-55.64366149902344
000000204329,none,-56.31626892089844
000000204329,jpeg_q50,-59.39536666870117
000000455716,none,-59.38734817504883
000000455716,jpeg_q50,-61.96371078491211
000000050844,none,-60.53969955444336
000000050844,jpeg_q50,-59.903053283691406
000000216419,none,-57.614253997802734
000000216419,jpeg_q50,-58.64175033569336
000000342128,none,-58.96809005737305
000000342128,jpeg_q50,-61.84120559692383
000000119995,none,-55.15332794189453
000000119995,jpeg_q50,-55.81827163696289
000000255664,none,-56.78089141845703
000000255664,jpeg_q50,-56.290157318115234
000000094944,none,-51.84761428833008
000000094944,jpeg_q50,-51.95746612548828
000000543528,none,-52.209869384765625
000000543528,jpeg_q50,-54.483070373535156
000000414638,none,-55.30320739746094
000000414638,jpeg_q50,-55.93885040283203
000000236412,none,-56.16170120239258
000000236412,jpeg_q50,-57.42463302612305
000000384616,none,-61.709632873535156
000000384616,jpeg_q50,-63.218936920166016
000000347254,none,-58.34938049316406
000000347254,jpeg_q50,-59.27838897705078
000000296284,none,-53.76774597167969
000000296284,jpeg_q50,-55.60694885253906
000000148662,none,-52.12001419067383
000000148662,jpeg_q50,-53.99164581298828
000000088218,none,-53.6029052734375
000000088218,jpeg_q50,-55.38151931762695
000000127476,none,-56.662139892578125
000000127476,jpeg_q50,-57.631954193115234
000000275198,none,-60.983436584472656
000000275198,jpeg_q50,-62.25984573364258
000000211042,none,-50.46177673339844
000000211042,jpeg_q50,-52.22749710083008
000000184338,none,-55.73601150512695
000000184338,jpeg_q50,-56.81680679321289
000000459272,none,-56.14138412475586
000000459272,jpeg_q50,-57.04689407348633
000000008277,none,-56.29574203491211
000000008277,jpeg_q50,-57.396461486816406
000000246308,none,-54.44051742553711
000000246308,jpeg_q50,-55.37718963623047
000000301061,none,-56.710166931152344
000000301061,jpeg_q50,-58.56182861328125
000000093965,none,-55.38825607299805
000000093965,jpeg_q50,-57.290374755859375
000000234807,none,-54.8586540222168
000000234807,jpeg_q50,-58.12289810180664
000000389566,none,-60.94636917114258
000000389566,jpeg_q50,-61.57581329345703
000000179112,none,-50.93636703491211
000000179112,jpeg_q50,-52.286834716796875
000000572388,none,-58.71064758300781
000000572388,jpeg_q50,-57.18900680541992
000000255917,none,-57.428955078125
000000255917,jpeg_q50,-57.98835754394531
000000463542,none,-57.395240783691406
000000463542,jpeg_q50,-58.27287292480469
000000105912,none,-57.912227630615234
000000105912,jpeg_q50,-57.161563873291016
000000536073,none,-59.084110260009766
000000536073,jpeg_q50,-59.68598937988281
000000328238,none,-54.09555435180664
000000328238,jpeg_q50,-55.6155891418457
000000500613,none,-54.47468948364258
000000500613,jpeg_q50,-54.32925796508789
000000189806,none,-56.68201446533203
000000189806,jpeg_q50,-58.59066390991211
000000343706,none,-55.5883903503418
000000343706,jpeg_q50,-55.553314208984375
000000236599,none,-59.08076477050781
000000236599,jpeg_q50,-60.50974655151367
000000565563,none,-59.44502258300781
000000565563,jpeg_q50,-59.811317443847656
000000425226,none,-58.539833068847656
000000425226,jpeg_q50,-61.63679504394531
000000361621,none,-55.61578369140625
000000361621,jpeg_q50,-56.530548095703125
000000266892,none,-54.07374572753906
000000266892,jpeg_q50,-56.37226486206055
000000020571,none,-56.69763946533203
000000020571,jpeg_q50,-57.004180908203125
000000153797,none,-54.04951858520508
000000153797,jpeg_q50,-56.669288635253906
000000357430,none,-56.480892181396484
000000357430,jpeg_q50,-58.047847747802734
000000333237,none,-52.526100158691406
000000333237,jpeg_q50,-53.52370071411133
000000310200,none,-56.95379638671875
000000310200,jpeg_q50,-59.025150299072266
000000080273,none,-52.95500946044922
000000080273,jpeg_q50,-53.872314453125
000000122969,none,-56.77111053466797
000000122969,jpeg_q50,-59.31655502319336
000000324715,none,-53.564029693603516
000000324715,jpeg_q50,-53.8551139831543
000000414795,none,-54.408653259277344
000000414795,jpeg_q50,-56.54661560058594
000000302536,none,-53.72650146484375
000000302536,jpeg_q50,-55.174835205078125
000000402720,none,-51.184566497802734
000000402720,jpeg_q50,-52.54532241821289
000000446703,none,-53.89759063720703
000000446703,jpeg_q50,-55.26758575439453
000000016228,none,-56.59095001220703
000000016228,jpeg_q50,-56.79928207397461
000000465129,none,-55.44295120239258
000000465129,jpeg_q50,-58.6328010559082
000000555972,none,-62.21818923950195
000000555972,jpeg_q50,-62.45014572143555
000000453166,none,-55.20951843261719
000000453166,jpeg_q50,-59.344486236572266
000000541123,none,-57.449710845947266
000000541123,jpeg_q50,-59.397186279296875
000000013348,none,-54.19126892089844
000000013348,jpeg_q50,-57.957008361816406
000000456292,none,-60.69209671020508
000000456292,jpeg_q50,-59.97815704345703
000000072281,none,-54.276092529296875
000000072281,jpeg_q50,-55.298709869384766
000000534605,none,-59.68187713623047
000000534605,jpeg_q50,-61.25895690917969
000000131273,none,-53.153141021728516
000000131273,jpeg_q50,-54.9121208190918
000000019402,none,-65.73008728027344
000000019402,jpeg_q50,-65.09451293945312
000000082715,none,-55.86699676513672
000000082715,jpeg_q50,-58.06489562988281
000000284764,none,-56.32707977294922
000000284764,jpeg_q50,-57.81916809082031
000000485972,none,-53.67830276489258
000000485972,jpeg_q50,-55.780635833740234
000000288430,none,-52.48745346069336
000000288430,jpeg_q50,-53.2470817565918
000000295809,none,-52.09856033325195
000000295809,jpeg_q50,-53.327178955078125
000000509131,none,-61.43726348876953
000000509131,jpeg_q50,-64.41512298583984
000000082696,none,-55.053443908691406
000000082696,jpeg_q50,-56.62839126586914
000000513524,none,-55.82767868041992
000000513524,jpeg_q50,-58.20712661743164
000000241326,none,-54.20230484008789
000000241326,jpeg_q50,-55.79831314086914
000000151000,none,-59.43600082397461
000000151000,jpeg_q50,-61.685081481933594
000000136466,none,-58.780391693115234
000000136466,jpeg_q50,-59.41300582885742
000000292330,none,-54.48122787475586
000000292330,jpeg_q50,-54.52066421508789
000000032735,none,-53.512577056884766
000000032735,jpeg_q50,-53.735992431640625
000000308799,none,-56.19544219970703
000000308799,jpeg_q50,-58.69110870361328
000000285349,none,-61.3775520324707
000000285349,jpeg_q50,-61.85310745239258
000000540280,none,-59.884971618652344
000000540280,jpeg_q50,-60.1679573059082
000000292997,none,-55.207679748535156
000000292997,jpeg_q50,-55.999813079833984
000000433134,none,-60.25179672241211
000000433134,jpeg_q50,-60.581932067871094
000000047769,none,-58.8504638671875
000000047769,jpeg_q50,-59.366172790527344
000000428867,none,-54.55170822143555
000000428867,jpeg_q50,-55.50916290283203
000000195918,none,-56.95714569091797
000000195918,jpeg_q50,-58.259151458740234
000000412240,none,-58.72651290893555
000000412240,jpeg_q50,-60.65286636352539
000000367095,none,-62.5456428527832
000000367095,jpeg_q50,-59.98537063598633
000000167128,none,-54.99223709106445
000000167128,jpeg_q50,-56.25758361816406
000000249180,none,-56.324737548828125
000000249180,jpeg_q50,-59.43144226074219
000000081766,none,-55.75818634033203
000000081766,jpeg_q50,-57.430721282958984
000000392722,none,-57.25084686279297
000000392722,jpeg_q50,-58.069480895996094
000000221872,none,-57.01578903198242
000000221872,jpeg_q50,-59.817142486572266
000000254814,none,-53.575836181640625
000000254814,jpeg_q50,-56.28743362426758
000000489611,none,-56.465206146240234
000000489611,jpeg_q50,-56.92789840698242
000000007888,none,-52.72760772705078
000000007888,jpeg_q50,-52.7869873046875
000000511384,none,-56.07384490966797
000000511384,jpeg_q50,-56.43107986450195
000000199055,none,-55.369476318359375
000000199055,jpeg_q50,-57.01765441894531
000000342397,none,-54.535343170166016
000000342397,jpeg_q50,-57.38140106201172
000000551215,none,-58.77991485595703
000000551215,jpeg_q50,-62.357086181640625
000000502136,none,-60.07929611206055
000000502136,jpeg_q50,-61.0350341796875
000000092177,none,-52.897491455078125
000000092177,jpeg_q50,-54.05623245239258
000000001425,none,-57.13838577270508
000000001425,jpeg_q50,-56.37977981567383
000000051938,none,-49.81414794921875
000000051938,jpeg_q50,-52.3098030090332
000000022371,none,-58.21660614013672
000000022371,jpeg_q50,-58.277469635009766
000000312406,none,-55.436492919921875
000000312406,jpeg_q50,-56.115379333496094
000000311180,none,-61.99348831176758
000000311180,jpeg_q50,-62.44186019897461
000000489339,none,-51.30935287475586
000000489339,jpeg_q50,-54.55681610107422
000000335529,none,-53.346439361572266
000000335529,jpeg_q50,-55.07217788696289
000000443303,none,-57.006961822509766
000000443303,jpeg_q50,-57.306156158447266
000000413247,none,-55.04151916503906
000000413247,jpeg_q50,-58.323516845703125
000000025593,none,-60.20020294189453
000000025593,jpeg_q50,-62.727272033691406
000000327306,none,-57.414100646972656
000000327306,jpeg_q50,-57.611080169677734
000000033104,none,-56.93342208862305
000000033104,jpeg_q50,-57.534732818603516
000000565877,none,-54.224815368652344
000000565877,jpeg_q50,-54.98285675048828
000000326248,none,-57.39952087402344
000000326248,jpeg_q50,-58.20606231689453
000000179392,none,-57.707698822021484
000000179392,jpeg_q50,-59.712432861328125
000000436617,none,-56.54905319213867
000000436617,jpeg_q50,-58.06853485107422
000000171788,none,-56.047088623046875
000000171788,jpeg_q50,-57.67998504638672
000000414261,none,-55.33808898925781
000000414261,jpeg_q50,-58.539920806884766
000000351530,none,-58.99753952026367
000000351530,jpeg_q50,-61.62220001220703
000000212072,none,-54.43779754638672
000000212072,jpeg_q50,-54.957069396972656
000000210520,none,-60.61677169799805
000000210520,jpeg_q50,-62.566402435302734
000000536038,none,-55.89921569824219
000000536038,jpeg_q50,-58.746803283691406
000000328286,none,-55.341373443603516
000000328286,jpeg_q50,-58.52742004394531
000000451043,none,-48.9798583984375
000000451043,jpeg_q50,-48.88686752319336
000000096493,none,-53.57339859008789
000000096493,jpeg_q50,-55.890987396240234
000000455085,none,-66.10212707519531
000000455085,jpeg_q50,-63.55965042114258
000000125778,none,-58.27734375
000000125778,jpeg_q50,-60.24869918823242
000000015254,none,-57.5604248046875
000000015254,jpeg_q50,-58.17195129394531
000000257478,none,-58.30842590332031
000000257478,jpeg_q50,-59.343204498291016
000000371529,none,-54.710479736328125
000000371529,jpeg_q50,-56.87644577026367
000000047740,none,-52.9647331237793
000000047740,jpeg_q50,-56.8186149597168
000000464689,none,-57.63520050048828
000000464689,jpeg_q50,-59.3068733215332
000000498747,none,-54.84720993041992
000000498747,jpeg_q50,-56.548194885253906
000000162858,none,-55.76319885253906
000000162858,jpeg_q50,-56.931610107421875
000000038829,none,-60.985408782958984
000000038829,jpeg_q50,-63.06330871582031
000000523807,none,-58.04535675048828
000000523807,jpeg_q50,-58.753135681152344
000000185890,none,-56.56276321411133
000000185890,jpeg_q50,-58.26652145385742
000000233033,none,-56.63029479980469
000000233033,jpeg_q50,-59.626529693603516
000000042296,none,-55.7323112487793
000000042296,jpeg_q50,-58.00517654418945
000000093437,none,-55.28721618652344
000000093437,jpeg_q50,-56.286128997802734
000000017379,none,-52.70859909057617
000000017379,jpeg_q50,-54.889244079589844
000000498709,none,-58.54397201538086
000000498709,jpeg_q50,-58.69351577758789
000000368752,none,-60.82152557373047
000000368752,jpeg_q50,-61.14126205444336
000000108026,none,-55.020286560058594
000000108026,jpeg_q50,-55.20530319213867
000000188592,none,-55.76486587524414
000000188592,jpeg_q50,-57.04637145996094
000000374982,none,-55.52827072143555
000000374982,jpeg_q50,-57.48616027832031
000000238410,none,-58.75210952758789
000000238410,jpeg_q50,-59.60118865966797
000000304812,none,-51.933197021484375
000000304812,jpeg_q50,-54.739986419677734
000000261036,none,-55.37942886352539
000000261036,jpeg_q50,-58.365360260009766
000000047112,none,-55.232940673828125
000000047112,jpeg_q50,-58.210906982421875
000000537053,none,-50.980995178222656
000000537053,jpeg_q50,-52.68629455566406
000000418062,none,-61.386993408203125
000000418062,jpeg_q50,-62.782508850097656
000000398810,none,-56.50250244140625
000000398810,jpeg_q50,-56.426429748535156
000000110884,none,-61.13372039794922
000000110884,jpeg_q50,-61.676658630371094
000000139260,none,-54.341941833496094
000000139260,jpeg_q50,-57.76443099975586
000000031118,none,-56.30703353881836
000000031118,jpeg_q50,-56.90437698364258
000000473219,none,-55.73700714111328
000000473219,jpeg_q50,-56.696929931640625
000000362716,none,-60.06147384643555
000000362716,jpeg_q50,-63.3639030456543
000000173033,none,-57.19644546508789
000000173033,jpeg_q50,-57.98637771606445
000000542127,none,-50.583370208740234
000000542127,jpeg_q50,-52.97815704345703
000000111951,none,-53.25236511230469
000000111951,jpeg_q50,-54.68254470825195
000000346638,none,-58.27300262451172
000000346638,jpeg_q50,-60.12959671020508
000000369323,none,-51.520469665527344
000000369323,jpeg_q50,-54.830867767333984
000000095786,none,-59.52865219116211
000000095786,jpeg_q50,-59.592891693115234
000000284296,none,-53.502593994140625
000000284296,jpeg_q50,-54.365936279296875
000000549930,none,-53.54316711425781
000000549930,jpeg_q50,-56.705787658691406
000000025986,none,-61.529273986816406
000000025986,jpeg_q50,-63.301334381103516
000000222863,none,-58.72465896606445
000000222863,jpeg_q50,-59.05486297607422
000000248810,none,-55.434837341308594
000000248810,jpeg_q50,-58.328636169433594
000000137294,none,-59.62469482421875
000000137294,jpeg_q50,-61.55412673950195
000000294695,none,-54.92330551147461
000000294695,jpeg_q50,-57.70466232299805
000000013177,none,-55.66680145263672
000000013177,jpeg_q50,-57.98085021972656
000000356432,none,-57.10441207885742
000000356432,jpeg_q50,-59.27775573730469
000000428111,none,-54.2863655090332
000000428111,jpeg_q50,-56.49655532836914
000000213035,none,-57.145503997802734
000000213035,jpeg_q50,-57.46582794189453
000000050679,none,-56.64327621459961
000000050679,jpeg_q50,-57.23973846435547
000000460147,none,-59.138954162597656
000000460147,jpeg_q50,-61.61199951171875
000000085195,none,-56.477596282958984
000000085195,jpeg_q50,-56.615360260009766
000000416256,none,-56.4495735168457
000000416256,jpeg_q50,-56.343441009521484
000000070254,none,-61.011260986328125
000000070254,jpeg_q50,-62.561561584472656
000000467315,none,-54.15123748779297
000000467315,jpeg_q50,-55.94998550415039
000000323571,none,-57.054290771484375
000000323571,jpeg_q50,-58.58686065673828
000000215245,none,-53.94215393066406
000000215245,jpeg_q50,-55.06039047241211
000000134722,none,-52.85194778442383
000000134722,jpeg_q50,-55.40505599975586
000000069795,none,-62.26443099975586
000000069795,jpeg_q50,-62.83774185180664
000000119365,none,-57.89181900024414
000000119365,jpeg_q50,-58.86292266845703
000000183246,none,-56.9566535949707
000000183246,jpeg_q50,-59.655784606933594
000000431848,none,-59.15267562866211
000000431848,jpeg_q50,-60.37208938598633
000000085682,none,-54.623985290527344
000000085682,jpeg_q50,-57.53396987915039
000000479732,none,-59.227210998535156
000000479732,jpeg_q50,-60.9531364440918
000000437331,none,-56.66725540161133
000000437331,jpeg_q50,-57.38236999511719
000000098287,none,-55.48976135253906
000000098287,jpeg_q50,-56.278663635253906
000000061108,none,-54.06814956665039
000000061108,jpeg_q50,-56.356414794921875
000000105249,none,-51.84871292114258
000000105249,jpeg_q50,-53.5972900390625
000000537672,none,-56.153533935546875
000000537672,jpeg_q50,-57.642330169677734
000000534664,none,-59.585838317871094
000000534664,jpeg_q50,-60.759735107421875
000000131379,none,-57.693607330322266
000000131379,jpeg_q50,-59.105655670166016
000000192964,none,-54.32099151611328
000000192964,jpeg_q50,-55.26117706298828
000000183500,none,-53.51968765258789
000000183500,jpeg_q50,-55.622581481933594
000000493613,none,-55.45357894897461
000000493613,jpeg_q50,-56.14042663574219
000000303908,none,-56.106204986572266
000000303908,jpeg_q50,-56.15260696411133
000000205105,none,-53.95967102050781
000000205105,jpeg_q50,-54.996158599853516
000000451571,none,-53.018455505371094
000000451571,jpeg_q50,-55.24427795410156
000000333956,none,-54.52775955200195
000000333956,jpeg_q50,-54.662967681884766
000000369442,none,-54.10992431640625
000000369442,jpeg_q50,-54.984622955322266
000000104455,none,-56.15873718261719
000000104455,jpeg_q50,-58.73054504394531
000000085665,none,-50.53386306762695
000000085665,jpeg_q50,-47.437583923339844
000000098716,none,-52.4432487487793
000000098716,jpeg_q50,-53.229896545410156
000000176778,none,-56.54574203491211
000000176778,jpeg_q50,-57.702110290527344
000000420281,none,-59.42097854614258
000000420281,jpeg_q50,-61.7962532043457
000000576955,none,-56.178070068359375
000000576955,jpeg_q50,-57.20996856689453
000000142324,none,-54.482666015625
000000142324,jpeg_q50,-56.65061569213867
000000405205,none,-65.25721740722656
000000405205,jpeg_q50,-67.14958190917969
000000180792,none,-54.760772705078125
000000180792,jpeg_q50,-55.257179260253906
000000453001,none,-56.759437561035156
000000453001,jpeg_q50,-57.92209243774414
000000327592,none,-54.686946868896484
000000327592,jpeg_q50,-57.09846496582031
000000201072,none,-55.29343032836914
000000201072,jpeg_q50,-57.624080657958984
000000105335,none,-59.51886749267578
000000105335,jpeg_q50,-61.321929931640625
000000018837,none,-57.09355163574219
000000018837,jpeg_q50,-59.31348419189453
000000566923,none,-60.7697868347168
000000566923,jpeg_q50,-62.4289665222168
000000405195,none,-58.0941162109375
000000405195,jpeg_q50,-59.70111083984375
000000334977,none,-54.87260055541992
000000334977,jpeg_q50,-54.60558319091797
000000360564,none,-51.52011489868164
000000360564,jpeg_q50,-55.62318420410156
000000408696,none,-55.50615692138672
000000408696,jpeg_q50,-57.883785247802734
000000577862,none,-59.738258361816406
000000577862,jpeg_q50,-61.57362365722656
000000091619,none,-55.33949661254883
000000091619,jpeg_q50,-57.66352844238281
000000291551,none,-62.63134002685547
000000291551,jpeg_q50,-64.37317657470703
000000490936,none,-55.16397476196289
000000490936,jpeg_q50,-57.54343795776367
000000293804,none,-52.41415023803711
000000293804,jpeg_q50,-54.27474594116211
000000473869,none,-57.61478805541992
000000473869,jpeg_q50,-59.762454986572266
000000445365,none,-55.31917953491211
000000445365,jpeg_q50,-57.74226379394531
000000416745,none,-53.141700744628906
000000416745,jpeg_q50,-54.07804489135742
000000129416,none,-55.698036193847656
000000129416,jpeg_q50,-54.54785919189453
000000055022,none,-54.50892639160156
000000055022,jpeg_q50,-54.52800369262695
000000372203,none,-53.70647048950195
000000372203,jpeg_q50,-56.26029968261719
000000150265,none,-55.21131134033203
000000150265,jpeg_q50,-57.21223068237305
000000440336,none,-56.16001892089844
000000440336,jpeg_q50,-60.85928726196289
000000088951,none,-56.24032974243164
000000088951,jpeg_q50,-56.7525634765625
000000032861,none,-52.13086700439453
000000032861,jpeg_q50,-53.21236801147461
000000532855,none,-52.62937927246094
000000532855,jpeg_q50,-55.43165969848633
000000523033,none,-54.95674514770508
000000523033,jpeg_q50,-54.715553283691406
000000373382,none,-56.7515754699707
000000373382,jpeg_q50,-57.09453582763672
000000068628,none,-54.28567886352539
000000068628,jpeg_q50,-56.74455642700195
000000110282,none,-56.733665466308594
000000110282,jpeg_q50,-57.217201232910156
000000376307,none,-60.731327056884766
000000376307,jpeg_q50,-60.51660919189453
000000565597,none,-50.9998893737793
000000565597,jpeg_q50,-53.410606384277344
000000036936,none,-56.898277282714844
000000036936,jpeg_q50,-56.35258865356445
000000509735,none,-55.978946685791016
000000509735,jpeg_q50,-56.780094146728516
000000309678,none,-48.69301223754883
000000309678,jpeg_q50,-54.47553253173828
000000501243,none,-57.99822998046875
000000501243,jpeg_q50,-58.32680130004883
000000082812,none,-60.32408142089844
000000082812,jpeg_q50,-62.29460525512695
000000308476,none,-56.50364685058594
000000308476,jpeg_q50,-58.580787658691406
000000210032,none,-55.639766693115234
000000210032,jpeg_q50,-58.196022033691406
000000382009,none,-56.574283599853516
000000382009,jpeg_q50,-58.67368698120117
000000360393,none,-55.930763244628906
000000360393,jpeg_q50,-57.84230041503906
000000088848,none,-59.39109802246094
000000088848,jpeg_q50,-60.407493591308594
000000566042,none,-57.7475700378418
000000566042,jpeg_q50,-59.4398078918457
000000085157,none,-57.316070556640625
000000085157,jpeg_q50,-59.36238479614258
000000032610,none,-54.73233413696289
000000032610,jpeg_q50,-57.14484786987305
000000289343,none,-53.50518035888672
000000289343,jpeg_q50,-53.665748596191406
000000475387,none,-58.810123443603516
000000475387,jpeg_q50,-59.447235107421875
000000213422,none,-56.96493911743164
000000213422,jpeg_q50,-58.53539276123047
000000119677,none,-56.415916442871094
000000119677,jpeg_q50,-57.04456329345703
000000259597,none,-55.90373229980469
000000259597,jpeg_q50,-56.65898895263672
000000288882,none,-58.987884521484375
000000288882,jpeg_q50,-61.238494873046875
000000490515,none,-52.82053756713867
000000490515,jpeg_q50,-54.04916000366211
000000448263,none,-59.02068328857422
000000448263,jpeg_q50,-60.74948501586914
000000261732,none,-55.640445709228516
000000261732,jpeg_q50,-58.21731948852539
000000488075,none,-54.010536193847656
000000488075,jpeg_q50,-55.229331970214844
000000553511,none,-55.73151397705078
000000553511,jpeg_q50,-59.09955596923828
000000504580,none,-51.45913314819336
000000504580,jpeg_q50,-54.02751922607422
000000511999,none,-59.18391799926758
000000511999,jpeg_q50,-60.43351364135742
000000175364,none,-56.73646545410156
000000175364,jpeg_q50,-57.90208435058594
000000003845,none,-58.57960510253906
000000003845,jpeg_q50,-59.31904602050781
000000045229,none,-51.47804260253906
000000045229,jpeg_q50,-52.56593322753906
000000022479,none,-58.5546760559082
000000022479,jpeg_q50,-60.060752868652344
000000048564,none,-57.81751251220703
000000048564,jpeg_q50,-61.97201156616211
000000357748,none,-53.031829833984375
000000357748,jpeg_q50,-55.788753509521484
000000344100,none,-56.301448822021484
000000344100,jpeg_q50,-56.70072555541992
000000189752,none,-56.43806076049805
000000189752,jpeg_q50,-56.794281005859375
000000040471,none,-60.015403747558594
000000040471,jpeg_q50,-61.33075714111328
000000460927,none,-52.08626174926758
000000460927,jpeg_q50,-52.106239318847656
000000135410,none,-59.64792251586914
000000135410,jpeg_q50,-60.504390716552734
000000129135,none,-60.01084899902344
000000129135,jpeg_q50,-62.37953567504883
000000282912,none,-60.3899040222168
000000282912,jpeg_q50,-59.69223403930664
000000311303,none,-58.649696350097656
000000311303,jpeg_q50,-60.34646224975586
000000145620,none,-57.17118453979492
000000145620,jpeg_q50,-55.554683685302734
000000117744,none,-59.37230682373047
000000117744,jpeg_q50,-60.8508415222168
000000005992,none,-56.66000747680664
000000005992,jpeg_q50,-58.35660934448242
000000575187,none,-58.47010040283203
000000575187,jpeg_q50,-60.760520935058594
000000530052,none,-61.2713623046875
000000530052,jpeg_q50,-61.369895935058594
000000552842,none,-55.982608795166016
000000552842,jpeg_q50,-55.239906311035156
000000546626,none,-54.22541809082031
000000546626,jpeg_q50,-55.862571716308594
000000404922,none,-56.73085403442383
000000404922,jpeg_q50,-59.294647216796875
000000442009,none,-58.24065017700195
000000442009,jpeg_q50,-59.18367004394531
000000333402,none,-56.70903015136719
000000333402,jpeg_q50,-58.226173400878906
000000492878,none,-55.71906280517578
000000492878,jpeg_q50,-56.47472381591797
000000554291,none,-56.983612060546875
000000554291,jpeg_q50,-60.50437927246094
000000288685,none,-62.53943634033203
000000288685,jpeg_q50,-63.84157943725586
000000326174,none,-57.962406158447266
000000326174,jpeg_q50,-60.64190673828125
000000557884,none,-51.48662185668945
000000557884,jpeg_q50,-51.313541412353516
000000036844,none,-57.11802291870117
000000036844,jpeg_q50,-60.00774002075195
000000488166,none,-56.747623443603516
000000488166,jpeg_q50,-59.05425262451172
000000233370,none,-57.4926872253418
000000233370,jpeg_q50,-57.538665771484375
000000389933,none,-49.64952850341797
000000389933,jpeg_q50,-51.58934783935547
000000417779,none,-54.655609130859375
000000417779,jpeg_q50,-54.52409744262695
000000131138,none,-59.82917022705078
000000131138,jpeg_q50,-62.77372360229492
000000535858,none,-57.10182571411133
000000535858,jpeg_q50,-56.71015548706055
000000233771,none,-58.94445037841797
000000233771,jpeg_q50,-59.69368362426758
000000307172,none,-57.7457275390625
000000307172,jpeg_q50,-58.51067352294922
000000302107,none,-57.68697738647461
000000302107,jpeg_q50,-58.51008224487305
000000268831,none,-52.843788146972656
000000268831,jpeg_q50,-53.4921989440918
000000364557,none,-54.540767669677734
000000364557,jpeg_q50,-54.48211669921875
000000535306,none,-61.04893493652344
000000535306,jpeg_q50,-64.09963989257812
000000499181,none,-56.2965087890625
000000499181,jpeg_q50,-57.22543716430664
000000546475,none,-51.636688232421875
000000546475,jpeg_q50,-53.883392333984375
000000494634,none,-53.17190170288086
000000494634,jpeg_q50,-54.94974136352539
000000522889,none,-53.51434326171875
000000522889,jpeg_q50,-54.830848693847656
000000182202,none,-54.07490539550781
000000182202,jpeg_q50,-56.78922653198242
000000505451,none,-54.48430252075195
000000505451,jpeg_q50,-54.2719841003418
000000502229,none,-58.53223419189453
000000502229,jpeg_q50,-59.115013122558594
000000064359,none,-54.190696716308594
000000064359,jpeg_q50,-54.05430221557617
000000468577,none,-49.07829666137695
000000468577,jpeg_q50,-52.09307861328125
000000020333,none,-59.79033279418945
000000020333,jpeg_q50,-59.855716705322266
000000091615,none,-55.98085403442383
000000091615,jpeg_q50,-58.102359771728516
000000368684,none,-58.42151641845703
000000368684,jpeg_q50,-60.82333755493164
000000424521,none,-60.38691711425781
000000424521,jpeg_q50,-59.82684326171875
000000324818,none,-63.343719482421875
000000324818,jpeg_q50,-64.27111053466797
000000329080,none,-54.02306365966797
000000329080,jpeg_q50,-54.369651794433594
000000293300,none,-56.9758415222168
000000293300,jpeg_q50,-58.995235443115234
000000336053,none,-60.12415313720703
000000336053,jpeg_q50,-63.62714767456055
000000186938,none,-56.795406341552734
000000186938,jpeg_q50,-58.41151428222656
000000403385,none,-55.1838264465332
000000403385,jpeg_q50,-56.9465217590332
000000404568,none,-52.46321487426758
000000404568,jpeg_q50,-52.395851135253906
000000563267,none,-59.420040130615234
000000563267,jpeg_q50,-60.39023971557617
000000405970,none,-53.388362884521484
000000405970,jpeg_q50,-55.09630584716797
000000290843,none,-54.10240173339844
000000290843,jpeg_q50,-56.181182861328125
000000317024,none,-58.852447509765625
000000317024,jpeg_q50,-59.455787658691406
000000302882,none,-53.88336181640625
000000302882,jpeg_q50,-54.49933624267578
000000511647,none,-52.20948791503906
000000511647,jpeg_q50,-51.93404006958008
000000335427,none,-62.40461349487305
000000335427,jpeg_q50,-62.56077194213867
000000459500,none,-56.55345153808594
000000459500,jpeg_q50,-57.77504348754883
000000476415,none,-57.94862365722656
000000476415,jpeg_q50,-57.70660400390625
000000014038,none,-59.755828857421875
000000014038,jpeg_q50,-58.94301223754883
000000404678,none,-56.4929084777832
000000404678,jpeg_q50,-58.02613830566406
000000415748,none,-60.33778762817383
000000415748,jpeg_q50,-60.65152359008789
000000023781,none,-64.41785430908203
000000023781,jpeg_q50,-65.46224212646484
000000147745,none,-56.43105697631836
000000147745,jpeg_q50,-57.49366760253906
000000242678,none,-59.797237396240234
000000242678,jpeg_q50,-61.373329162597656
000000050638,none,-62.32683181762695
000000050638,jpeg_q50,-63.4445915222168
000000470121,none,-60.42491149902344
000000470121,jpeg_q50,-63.43915557861328
000000384651,none,-56.32084274291992
000000384651,jpeg_q50,-55.64115905761719
000000365655,none,-53.19571304321289
000000365655,jpeg_q50,-54.50642013549805
000000480842,none,-57.7623176574707
000000480842,jpeg_q50,-59.50685501098633
000000023899,none,-58.86662673950195
000000023899,jpeg_q50,-61.49085235595703
000000371472,none,-57.956764221191406
000000371472,jpeg_q50,-58.515987396240234
000000182155,none,-56.69770050048828
000000182155,jpeg_q50,-59.68457794189453
000000222735,none,-55.32688903808594
000000222735,jpeg_q50,-54.91994094848633
000000475064,none,-62.05890655517578
000000475064,jpeg_q50,-63.294593811035156
000000429718,none,-57.233150482177734
000000429718,jpeg_q50,-58.03631591796875
000000272136,none,-54.13412094116211
000000272136,jpeg_q50,-57.0738639831543
000000382122,none,-55.07175827026367
000000382122,jpeg_q50,-55.15616226196289
000000529762,none,-63.3828010559082
000000529762,jpeg_q50,-63.54635238647461
000000149622,none,-62.590599060058594
000000149622,jpeg_q50,-63.478553771972656
000000385029,none,-57.785579681396484
000000385029,jpeg_q50,-59.389122009277344
000000323263,none,-57.87807846069336
000000323263,jpeg_q50,-58.7879638671875
000000250205,none,-58.407955169677734
000000250205,jpeg_q50,-60.42234420776367
000000485480,none,-56.79727554321289
000000485480,jpeg_q50,-58.56172180175781
000000351362,none,-54.88624572753906
000000351362,jpeg_q50,-57.12313461303711
000000315187,none,-56.35482406616211
000000315187,jpeg_q50,-55.32438659667969
000000308545,none,-61.12327194213867
000000308545,jpeg_q50,-62.611839294433594
000000214192,none,-52.98810958862305
000000214192,jpeg_q50,-55.71896743774414
000000166664,none,-52.04747772216797
000000166664,jpeg_q50,-54.543460845947266
000000313130,none,-58.444541931152344
000000313130,jpeg_q50,-59.40916061401367
000000133778,none,-55.08526611328125
000000133778,jpeg_q50,-54.5826416015625
000000192904,none,-54.2860221862793
000000192904,jpeg_q50,-56.12179183959961
000000416885,none,-55.71398162841797
000000416885,jpeg_q50,-57.909423828125
000000142790,none,-56.43939971923828
000000142790,jpeg_q50,-56.74334716796875
000000252216,none,-57.2583122253418
000000252216,jpeg_q50,-59.10835647583008
000000521956,none,-54.31724166870117
000000521956,jpeg_q50,-56.31463623046875
000000074733,none,-54.81338882446289
000000074733,jpeg_q50,-57.340057373046875
000000542776,none,-58.240074157714844
000000542776,jpeg_q50,-57.65303039550781
000000125072,none,-51.58700942993164
000000125072,jpeg_q50,-53.78693771362305
000000186345,none,-49.560333251953125
000000186345,jpeg_q50,-52.452884674072266
000000297830,none,-56.711585998535156
000000297830,jpeg_q50,-59.74753952026367
000000530820,none,-55.076210021972656
000000530820,jpeg_q50,-57.485347747802734
000000205333,none,-51.627742767333984
000000205333,jpeg_q50,-53.16789627075195
000000432085,none,-57.22010803222656
000000432085,jpeg_q50,-58.00653076171875
000000322429,none,-55.760501861572266
000000322429,jpeg_q50,-56.49455642700195
000000023023,none,-51.22275161743164
000000023023,jpeg_q50,-52.060367584228516
000000010363,none,-54.13142776489258
000000010363,jpeg_q50,-56.42545700073242
000000098839,none,-57.07724380493164
000000098839,jpeg_q50,-60.34492492675781
000000172649,none,-48.10980224609375
000000172649,jpeg_q50,-50.38935089111328
000000348012,none,-58.11919021606445
000000348012,jpeg_q50,-57.67885971069336
000000557916,none,-52.12356948852539
000000557916,jpeg_q50,-54.12112045288086
000000009590,none,-57.158653259277344
000000009590,jpeg_q50,-59.15653610229492
000000116068,none,-58.13228988647461
000000116068,jpeg_q50,-57.634971618652344
000000226130,none,-58.74505615234375
000000226130,jpeg_q50,-59.25436019897461
000000562197,none,-63.96115493774414
000000562197,jpeg_q50,-64.19085693359375
000000292024,none,-52.13412094116211
000000292024,jpeg_q50,-53.46839141845703
000000522393,none,-51.45787811279297
000000522393,jpeg_q50,-52.09893035888672
000000357941,none,-55.197914123535156
000000357941,jpeg_q50,-55.37920379638672
000000197004,none,-54.71168518066406
000000197004,jpeg_q50,-54.649620056152344
000000136772,none,-59.21586990356445
000000136772,jpeg_q50,-62.31268310546875
000000084664,none,-59.53932571411133
000000084664,jpeg_q50,-61.02233123779297
000000015079,none,-51.6381950378418
000000015079,jpeg_q50,-54.07426452636719
000000330790,none,-61.3687629699707
000000330790,jpeg_q50,-62.293312072753906
000000056288,none,-64.27681732177734
000000056288,jpeg_q50,-65.95089721679688
000000455219,none,-54.87409210205078
000000455219,jpeg_q50,-57.36885070800781
000000357459,none,-54.797157287597656
000000357459,jpeg_q50,-56.755126953125
000000008899,none,-57.45781707763672
000000008899,jpeg_q50,-58.3737678527832
000000425361,none,-58.667030334472656
000000425361,jpeg_q50,-60.456703186035156
000000491366,none,-52.212432861328125
000000491366,jpeg_q50,-57.64190673828125
000000376478,none,-51.28532028198242
000000376478,jpeg_q50,-53.554195404052734
000000269196,none,-60.6600456237793
000000269196,jpeg_q50,-63.499271392822266
000000469174,none,-53.22146224975586
000000469174,jpeg_q50,-54.103546142578125
000000528578,none,-52.79215621948242
000000528578,jpeg_q50,-57.3494873046875
000000226903,none,-57.72514343261719
000000226903,jpeg_q50,-59.49787521362305
000000514508,none,-58.72381591796875
000000514508,jpeg_q50,-59.04457473754883
000000515828,none,-55.335479736328125
000000515828,jpeg_q50,-57.2762451171875
000000229358,none,-58.50531768798828
000000229358,jpeg_q50,-60.301353454589844
000000328683,none,-58.278900146484375
000000328683,jpeg_q50,-59.840797424316406
000000432468,none,-52.00720977783203
000000432468,jpeg_q50,-53.07529067993164
000000221502,none,-56.29695129394531
000000221502,jpeg_q50,-57.71551513671875
000000406997,none,-57.64407730102539
000000406997,jpeg_q50,-59.28396224975586
000000296317,none,-56.927860260009766
000000296317,jpeg_q50,-58.37089538574219
000000446207,none,-57.49007797241211
000000446207,jpeg_q50,-58.45853805541992
000000104603,none,-56.108158111572266
000000104603,jpeg_q50,-56.29502868652344
000000311789,none,-53.29861831665039
000000311789,jpeg_q50,-55.07640838623047
000000215644,none,-53.31251907348633
000000215644,jpeg_q50,-54.80596923828125
000000407868,none,-57.5189208984375
000000407868,jpeg_q50,-58.651336669921875
000000417465,none,-53.069129943847656
000000417465,jpeg_q50,-56.10824203491211
000000187585,none,-56.31026077270508
000000187585,jpeg_q50,-57.654335021972656
000000449603,none,-54.00105285644531
000000449603,jpeg_q50,-53.290992736816406
000000474078,none,-53.92411422729492
000000474078,jpeg_q50,-55.613834381103516
000000043435,none,-53.0168342590332
000000043435,jpeg_q50,-53.77864456176758
000000466416,none,-55.692481994628906
000000466416,jpeg_q50,-56.880088806152344
000000012280,none,-55.673343658447266
000000012280,jpeg_q50,-57.875186920166016
000000350148,none,-58.00686264038086
000000350148,jpeg_q50,-60.43086242675781
000000216497,none,-53.90080261230469
000000216497,jpeg_q50,-54.704959869384766
000000286458,none,-63.69054412841797
000000286458,jpeg_q50,-65.57198333740234
000000431693,none,-55.076873779296875
000000431693,jpeg_q50,-54.97508239746094
000000217753,none,-57.01997375488281
000000217753,jpeg_q50,-58.23371505737305
000000521601,none,-50.68682861328125
000000521601,jpeg_q50,-53.20990753173828
000000518770,none,-55.6314811706543
000000518770,jpeg_q50,-57.21384811401367
000000467848,none,-57.53368377685547
000000467848,jpeg_q50,-57.345985412597656
000000465822,none,-57.62661361694336
000000465822,jpeg_q50,-60.6068115234375
000000420230,none,-55.15529251098633
000000420230,jpeg_q50,-55.40092086791992
000000132375,none,-60.64012908935547
000000132375,jpeg_q50,-60.807220458984375
000000501005,none,-57.15815353393555
000000501005,jpeg_q50,-62.35432434082031
000000520264,none,-60.411556243896484
000000520264,jpeg_q50,-61.775115966796875
000000576566,none,-64.35436248779297
000000576566,jpeg_q50,-65.06556701660156
000000578922,none,-56.616661071777344
000000578922,jpeg_q50,-57.027034759521484
000000309964,none,-63.600685119628906
000000309964,jpeg_q50,-63.85797119140625
000000167353,none,-56.201133728027344
000000167353,jpeg_q50,-56.96318435668945
000000160864,none,-56.011966705322266
000000160864,jpeg_q50,-60.8560676574707
000000504635,none,-59.95155715942383
000000504635,jpeg_q50,-61.013492584228516
000000167122,none,-51.189697265625
000000167122,jpeg_q50,-52.205501556396484
000000084492,none,-61.80018997192383
000000084492,jpeg_q50,-63.661651611328125
000000297085,none,-56.459712982177734
000000297085,jpeg_q50,-58.02683639526367
000000308753,none,-54.93195343017578
000000308753,jpeg_q50,-55.07292556762695
000000136715,none,-53.4075813293457
000000136715,jpeg_q50,-56.30690383911133
000000159282,none,-56.77227020263672
000000159282,jpeg_q50,-55.756893157958984
000000038576,none,-57.22146987915039
000000038576,jpeg_q50,-58.53208541870117
000000474170,none,-53.16604232788086
000000474170,jpeg_q50,-54.331298828125
000000387148,none,-57.12974166870117
000000387148,jpeg_q50,-59.40861511230469
000000415990,none,-57.03623962402344
000000415990,jpeg_q50,-56.92283248901367
000000351096,none,-56.544700622558594
000000351096,jpeg_q50,-58.338104248046875
000000053909,none,-53.58708190917969
000000053909,jpeg_q50,-57.4113655090332
000000208423,none,-49.63042449951172
000000208423,jpeg_q50,-52.12836837768555
000000007386,none,-60.80835723876953
000000007386,jpeg_q50,-62.339298248291016
000000273642,none,-55.44163131713867
000000273642,jpeg_q50,-57.22869110107422
000000166478,none,-55.16254425048828
000000166478,jpeg_q50,-56.465248107910156
000000272416,none,-56.292545318603516
000000272416,jpeg_q50,-56.57461929321289
000000301376,none,-59.868595123291016
000000301376,jpeg_q50,-60.535282135009766
000000499031,none,-58.572242736816406
000000499031,jpeg_q50,-60.945796966552734
000000229553,none,-54.69403076171875
000000229553,jpeg_q50,-55.295692443847656
000000544306,none,-49.56500244140625
000000544306,jpeg_q50,-49.95217514038086
000000532530,none,-54.68113327026367
000000532530,jpeg_q50,-56.50827407836914
000000103585,none,-54.95283889770508
000000103585,jpeg_q50,-57.455589294433594
000000129322,none,-58.23075485229492
000000129322,jpeg_q50,-59.32904815673828
000000196009,none,-57.58515548706055
000000196009,jpeg_q50,-57.95219421386719
000000248752,none,-59.75471496582031
000000248752,jpeg_q50,-59.07322311401367
000000353970,none,-54.643150329589844
000000353970,jpeg_q50,-56.59010696411133
000000509014,none,-58.015079498291016
000000509014,jpeg_q50,-60.57826232910156
000000482275,none,-60.38374710083008
000000482275,jpeg_q50,-62.23446273803711
000000158548,none,-53.84464645385742
000000158548,jpeg_q50,-54.238529205322266
000000328601,none,-53.65636444091797
000000328601,jpeg_q50,-55.472023010253906
000000120584,none,-56.787837982177734
000000120584,jpeg_q50,-58.759578704833984
000000477288,none,-60.55476760864258
000000477288,jpeg_q50,-60.67021560668945
000000098018,none,-58.834327697753906
000000098018,jpeg_q50,-58.319976806640625
000000047010,none,-57.50572967529297
000000047010,jpeg_q50,-57.40293502807617
000000462031,none,-55.278602600097656
000000462031,jpeg_q50,-57.544090270996094
000000163314,none,-58.054962158203125
000000163314,jpeg_q50,-57.62843322753906
000000281693,none,-51.51285171508789
000000281693,jpeg_q50,-52.65913772583008
000000000872,none,-56.923038482666016
000000000872,jpeg_q50,-56.896480560302734
000000230362,none,-56.42075729370117
000000230362,jpeg_q50,-57.040157318115234
000000455872,none,-55.809913635253906
000000455872,jpeg_q50,-56.15321350097656
000000562059,none,-59.291114807128906
000000562059,jpeg_q50,-59.907676696777344
000000067534,none,-56.140052795410156
000000067534,jpeg_q50,-58.8482666015625
000000119445,none,-53.628196716308594
000000119445,jpeg_q50,-55.25649642944336
000000193494,none,-53.9404411315918
000000193494,jpeg_q50,-54.755958557128906
000000274272,none,-53.54609298706055
000000274272,jpeg_q50,-54.25541305541992
000000011511,none,-54.1548957824707
000000011511,jpeg_q50,-55.618717193603516
000000144706,none,-55.64569091796875
000000144706,jpeg_q50,-59.476627349853516
000000427077,none,-54.670021057128906
000000427077,jpeg_q50,-57.39796447753906
000000377882,none,-56.08562088012695
000000377882,jpeg_q50,-59.38710403442383
000000473118,none,-52.137393951416016
000000473118,jpeg_q50,-53.77988815307617
000000507893,none,-51.10945510864258
000000507893,jpeg_q50,-52.61562728881836
000000516143,none,-54.323211669921875
000000516143,jpeg_q50,-56.36237335205078
000000042276,none,-59.95929718017578
000000042276,jpeg_q50,-61.00206756591797
000000172946,none,-56.16510772705078
000000172946,jpeg_q50,-57.766658782958984
000000135902,none,-55.660640716552734
000000135902,jpeg_q50,-56.9935188293457
000000252332,none,-63.61569595336914
000000252332,jpeg_q50,-67.0710678100586
000000541952,none,-51.69240951538086
000000541952,jpeg_q50,-53.45741653442383
000000369370,none,-64.42144012451172
000000369370,jpeg_q50,-65.35108947753906
000000236592,none,-52.773277282714844
000000236592,jpeg_q50,-55.18595886230469
000000127624,none,-51.540977478027344
000000127624,jpeg_q50,-53.105133056640625
000000140076,none,-59.5894660949707
000000140076,jpeg_q50,-63.322906494140625
000000565469,none,-53.51115417480469
000000565469,jpeg_q50,-53.302101135253906
000000483531,none,-55.39531707763672
000000483531,jpeg_q50,-57.77460861206055
000000134882,none,-57.98759841918945
000000134882,jpeg_q50,-59.492774963378906
000000201148,none,-55.59975814819336
000000201148,jpeg_q50,-55.47500991821289
000000462629,none,-57.55650329589844
000000462629,jpeg_q50,-59.27307891845703
000000231831,none,-57.211456298828125
000000231831,jpeg_q50,-58.35289001464844
000000066886,none,-61.463226318359375
000000066886,jpeg_q50,-62.26766586303711
000000349480,none,-59.825462341308594
000000349480,jpeg_q50,-61.63168716430664
000000054605,none,-55.93913650512695
000000054605,jpeg_q50,-55.15095138549805
000000057149,none,-54.49705123901367
000000057149,jpeg_q50,-55.834407806396484
000000553094,none,-49.88596725463867
000000553094,jpeg_q50,-48.817054748535156
000000105014,none,-62.61684036254883
000000105014,jpeg_q50,-63.04268264770508
000000203629,none,-58.662391662597656
000000203629,jpeg_q50,-61.38875198364258
000000322724,none,-53.88612747192383
000000322724,jpeg_q50,-54.770999908447266
000000414510,none,-54.55364227294922
000000414510,jpeg_q50,-57.048336029052734
000000555597,none,-53.18178939819336
000000555597,jpeg_q50,-54.59553146362305
000000290248,none,-58.49180221557617
000000290248,jpeg_q50,-59.39836502075195
000000058636,none,-59.62251281738281
000000058636,jpeg_q50,-58.96521759033203
000000568584,none,-54.92315673828125
000000568584,jpeg_q50,-55.684715270996094
000000033368,none,-54.6789436340332
000000033368,jpeg_q50,-55.4193115234375
000000350405,none,-52.485870361328125
000000350405,jpeg_q50,-53.201656341552734
000000193162,none,-54.87177276611328
000000193162,jpeg_q50,-54.93396759033203
000000435205,none,-54.01252365112305
000000435205,jpeg_q50,-55.03387451171875
000000140286,none,-54.888362884521484
000000140286,jpeg_q50,-56.94283676147461
000000300842,none,-58.17003631591797
000000300842,jpeg_q50,-60.41355514526367
000000341469,none,-55.82248306274414
000000341469,jpeg_q50,-54.999290466308594
000000351559,none,-50.85413360595703
000000351559,jpeg_q50,-53.00038146972656
000000059635,none,-58.12905502319336
000000059635,jpeg_q50,-57.153892517089844
000000040757,none,-50.54773712158203
000000040757,jpeg_q50,-51.7034912109375
000000178469,none,-56.9850959777832
000000178469,jpeg_q50,-59.35292053222656
000000092416,none,-58.50532531738281
000000092416,jpeg_q50,-60.4263801574707
000000500826,none,-56.95429611206055
000000500826,jpeg_q50,-60.01226806640625
000000260470,none,-60.58195114135742
000000260470,jpeg_q50,-61.76084899902344
000000329614,none,-56.87448501586914
000000329614,jpeg_q50,-57.76981735229492
000000527029,none,-58.40727615356445
000000527029,jpeg_q50,-60.573448181152344
000000085089,none,-59.279510498046875
000000085089,jpeg_q50,-59.40705871582031
000000306139,none,-58.05459976196289
000000306139,jpeg_q50,-59.58932113647461
000000194940,none,-53.22962188720703
000000194940,jpeg_q50,-55.020042419433594
000000355905,none,-50.249839782714844
000000355905,jpeg_q50,-51.26317596435547
000000209829,none,-56.7199592590332
000000209829,jpeg_q50,-58.31454849243164
000000255718,none,-57.45519256591797
000000255718,jpeg_q50,-57.88587188720703
000000540414,none,-58.80911636352539
000000540414,jpeg_q50,-60.688758850097656
000000460682,none,-55.52816390991211
000000460682,jpeg_q50,-58.450782775878906
000000265816,none,-65.29805755615234
000000265816,jpeg_q50,-65.58699798583984
000000104198,none,-55.991966247558594
000000104198,jpeg_q50,-57.8734016418457
000000139871,none,-54.182003021240234
000000139871,jpeg_q50,-56.573577880859375
000000419098,none,-65.81265258789062
000000419098,jpeg_q50,-65.77305603027344
000000147338,none,-58.46696472167969
000000147338,jpeg_q50,-60.235843658447266
000000567825,none,-59.250736236572266
000000567825,jpeg_q50,-59.70857620239258
000000217285,none,-58.437625885009766
000000217285,jpeg_q50,-60.47152328491211
000000231169,none,-54.96522903442383
000000231169,jpeg_q50,-54.074180603027344
000000199236,none,-56.288330078125
000000199236,jpeg_q50,-56.79865646362305
000000071711,none,-56.1458625793457
000000071711,jpeg_q50,-57.10163116455078
000000127955,none,-55.54256057739258
000000127955,jpeg_q50,-57.69382858276367
000000158945,none,-60.62990951538086
000000158945,jpeg_q50,-62.11922073364258
000000242411,none,-59.51104736328125
000000242411,jpeg_q50,-58.73492431640625
000000253002,none,-55.86436462402344
000000253002,jpeg_q50,-55.63107681274414
000000006954,none,-58.48686218261719
000000006954,jpeg_q50,-59.17332077026367
000000376442,none,-51.97740936279297
000000376442,jpeg_q50,-54.52967071533203
000000147725,none,-54.084999084472656
000000147725,jpeg_q50,-54.45076370239258
000000022589,none,-58.544700622558594
000000022589,jpeg_q50,-58.47770690917969
000000416170,none,-53.19527053833008
000000416170,jpeg_q50,-54.604705810546875
000000441553,none,-55.75263977050781
000000441553,jpeg_q50,-59.47034454345703
000000002157,none,-59.91362762451172
000000002157,jpeg_q50,-62.901058197021484
000000090003,none,-55.10015869140625
000000090003,jpeg_q50,-54.179359436035156
000000438876,none,-57.17978286743164
000000438876,jpeg_q50,-57.757930755615234
000000435299,none,-51.59708023071289
000000435299,jpeg_q50,-52.25211715698242
000000119233,none,-58.534908294677734
000000119233,jpeg_q50,-59.974205017089844
000000267191,none,-57.31407928466797
000000267191,jpeg_q50,-59.86930465698242
000000166166,none,-57.13874053955078
000000166166,jpeg_q50,-57.708251953125
000000182923,none,-62.829383850097656
000000182923,jpeg_q50,-64.2446517944336
000000084477,none,-51.974388122558594
000000084477,jpeg_q50,-53.544464111328125
000000518326,none,-56.475868225097656
000000518326,jpeg_q50,-58.04585647583008
000000133233,none,-56.353416442871094
000000133233,jpeg_q50,-57.49370574951172
000000064898,none,-49.454139709472656
000000064898,jpeg_q50,-52.72372817993164
000000210299,none,-54.20448684692383
000000210299,jpeg_q50,-55.8275032043457
000000360097,none,-55.63248825073242
000000360097,jpeg_q50,-55.35017013549805
000000054628,none,-59.459957122802734
000000054628,jpeg_q50,-62.556175231933594
000000508586,none,-53.786170959472656
000000508586,jpeg_q50,-55.25052261352539
000000258883,none,-59.65153503417969
000000258883,jpeg_q50,-62.13922119140625
000000180798,none,-54.8853874206543
000000180798,jpeg_q50,-55.205116271972656
000000246963,none,-54.244422912597656
000000246963,jpeg_q50,-56.31512451171875
000000146825,none,-55.842445373535156
000000146825,jpeg_q50,-58.31634521484375
000000121591,none,-56.44569778442383
000000121591,jpeg_q50,-56.68886947631836
000000057238,none,-53.5555419921875
000000057238,jpeg_q50,-56.48546600341797
000000122672,none,-57.6458625793457
000000122672,jpeg_q50,-59.27674865722656
000000181969,none,-54.533241271972656
000000181969,jpeg_q50,-55.779258728027344
000000415238,none,-54.24551010131836
000000415238,jpeg_q50,-57.6688232421875
000000085329,none,-50.77748107910156
000000085329,jpeg_q50,-51.36395263671875
000000218997,none,-54.791770935058594
000000218997,jpeg_q50,-55.952640533447266
000000128654,none,-54.705955505371094
000000128654,jpeg_q50,-56.606266021728516
000000125572,none,-54.05699157714844
000000125572,jpeg_q50,-53.91895294189453
000000222991,none,-56.46859359741211
000000222991,jpeg_q50,-57.9504280090332
000000248400,none,-56.63865280151367
000000248400,jpeg_q50,-59.4524040222168
000000002006,none,-56.170440673828125
000000002006,jpeg_q50,-56.67467498779297
000000434247,none,-54.78806686401367
000000434247,jpeg_q50,-56.353919982910156
000000284282,none,-56.64301300048828
000000284282,jpeg_q50,-56.01993179321289
000000537991,none,-55.13246536254883
000000537991,jpeg_q50,-56.42279815673828
000000090891,none,-60.81007385253906
000000090891,jpeg_q50,-61.86579513549805
000000079034,none,-56.62043380737305
000000079034,jpeg_q50,-57.63750457763672
000000283717,none,-61.63752746582031
000000283717,jpeg_q50,-63.07564926147461
000000191672,none,-53.3533935546875
000000191672,jpeg_q50,-54.25885772705078
000000383339,none,-48.35346984863281
000000383339,jpeg_q50,-49.96812057495117
000000021604,none,-52.54867935180664
000000021604,jpeg_q50,-53.86890411376953
000000129062,none,-58.737342834472656
000000129062,jpeg_q50,-60.759544372558594
000000578967,none,-55.227272033691406
000000578967,jpeg_q50,-57.299598693847656
000000295316,none,-53.175384521484375
000000295316,jpeg_q50,-55.97769546508789
000000402473,none,-55.14036560058594
000000402473,jpeg_q50,-57.39815139770508
000000170099,none,-58.61361312866211
000000170099,jpeg_q50,-59.69529342651367
000000378454,none,-52.662445068359375
000000378454,jpeg_q50,-55.4782600402832
000000171757,none,-52.46248245239258
000000171757,jpeg_q50,-52.84184265136719
000000562843,none,-59.640167236328125
000000562843,jpeg_q50,-60.0859375
000000042888,none,-56.89500427246094
000000042888,jpeg_q50,-58.9803466796875
000000031322,none,-53.7433967590332
000000031322,jpeg_q50,-53.274818420410156
000000086483,none,-59.1435546875
000000086483,jpeg_q50,-60.16902542114258
000000491725,none,-50.17922592163086
000000491725,jpeg_q50,-49.73486328125
000000027932,none,-54.76618576049805
000000027932,jpeg_q50,-57.871368408203125
000000471789,none,-56.973411560058594
000000471789,jpeg_q50,-58.809078216552734
000000529568,none,-60.939903259277344
000000529568,jpeg_q50,-61.04432678222656
000000303893,none,-60.62967300415039
000000303893,jpeg_q50,-61.677101135253906
000000139883,none,-61.05845642089844
000000139883,jpeg_q50,-63.40406799316406
000000192871,none,-57.05438995361328
000000192871,jpeg_q50,-57.85794448852539
000000463842,none,-56.24477767944336
000000463842,jpeg_q50,-56.22127151489258
000000355325,none,-64.22105407714844
000000355325,jpeg_q50,-65.72234344482422
000000505565,none,-55.410430908203125
000000505565,jpeg_q50,-56.595218658447266
000000442306,none,-55.27960968017578
000000442306,jpeg_q50,-54.81574630737305
000000172571,none,-57.349334716796875
000000172571,jpeg_q50,-60.37118148803711
000000350488,none,-62.99488830566406
000000350488,jpeg_q50,-64.37893676757812
000000372260,none,-55.93721389770508
000000372260,jpeg_q50,-59.92539596557617
000000571943,none,-57.15611267089844
000000571943,jpeg_q50,-59.9007453918457
000000440507,none,-55.00429153442383
000000440507,jpeg_q50,-58.139400482177734
000000243034,none,-53.8447265625
000000243034,jpeg_q50,-52.7399787902832
000000291619,none,-51.48093032836914
000000291619,jpeg_q50,-56.101158142089844
000000191845,none,-61.983741760253906
000000191845,jpeg_q50,-61.26358413696289
000000249129,none,-50.881431579589844
000000249129,jpeg_q50,-53.192352294921875
000000458992,none,-57.68522262573242
000000458992,jpeg_q50,-58.348079681396484
000000263463,none,-59.269351959228516
000000263463,jpeg_q50,-62.23073196411133
000000198489,none,-54.24345779418945
000000198489,jpeg_q50,-54.19009017944336
