image_id,strength,source_label,score_z
000000,0.2,clean,-51.94057083129883
000000,0.2,watermarked,-47.501182556152344
000000,0.3,clean,-51.25798797607422
000000,0.3,watermarked,-48.47755432128906
000000,0.5,clean,-51.57068634033203
000000,0.5,watermarked,-48.74642562866211
000001,0.2,clean,-54.1406364440918
000001,0.2,watermarked,-47.794158935546875
000001,0.3,clean,-51.9105224609375
000001,0.3,watermarked,-48.48139190673828
000001,0.5,clean,-51.39785385131836
000001,0.5,watermarked,-50.96992111206055
000002,0.2,clean,-58.17449951171875
000002,0.2,watermarked,-48.96178436279297
000002,0.3,clean,-57.22048568725586
000002,0.3,watermarked,-48.69694900512695
000002,0.5,clean,-55.970157623291016
000002,0.5,watermarked,-51.38869094848633
000003,0.2,clean,-50.938507080078125
000003,0.2,watermarked,-46.479286193847656
000003,0.3,clean,-50.462127685546875
000003,0.3,watermarked,-45.90817642211914
000003,0.5,clean,-52.69197463989258
000003,0.5,watermarked,-53.1874885559082
000004,0.2,clean,-55.219390869140625
000004,0.2,watermarked,-45.344696044921875
000004,0.3,clean,-53.86323165893555
000004,0.3,watermarked,-47.83086395263672
000004,0.5,clean,-54.624305725097656
000004,0.5,watermarked,-49.93368148803711
000005,0.2,clean,-53.479286193847656
000005,0.2,watermarked,-43.262351989746094
000005,0.3,clean,-55.73335647583008
000005,0.3,watermarked,-48.94365692138672
000005,0.5,clean,-57.01641082763672
000005,0.5,watermarked,-52.339622497558594
000006,0.2,clean,-51.13341522216797
000006,0.2,watermarked,-45.63893127441406
000006,0.3,clean,-50.80288314819336
000006,0.3,watermarked,-45.3939208984375
000006,0.5,clean,-52.07917022705078
000006,0.5,watermarked,-52.265525817871094
000007,0.2,clean,-54.08232879638672
000007,0.2,watermarked,-45.05049133300781
000007,0.3,clean,-50.29153823852539
000007,0.3,watermarked,-45.97735595703125
000007,0.5,clean,-50.41023635864258
000007,0.5,watermarked,-46.86931610107422
000008,0.2,clean,-64.26463317871094
000008,0.2,watermarked,-49.07625198364258
000008,0.3,clean,-64.61511993408203
000008,0.3,watermarked,-49.565940856933594
000008,0.5,clean,-63.27845764160156
000008,0.5,watermarked,-50.758033752441406
000009,0.2,clean,-56.77827072143555
000009,0.2,watermarked,-48.08086395263672
000009,0.3,clean,-56.02571487426758
000009,0.3,watermarked,-49.82210922241211
000009,0.5,clean,-55.89102554321289
000009,0.5,watermarked,-55.259742736816406
000010,0.2,clean,-50.20692825317383
000010,0.2,watermarked,-47.180633544921875
000010,0.3,clean,-51.29147720336914
000010,0.3,watermarked,-46.78974914550781
000010,0.5,clean,-50.46977615356445
000010,0.5,watermarked,-48.65864562988281
000011,0.2,clean,-46.06016159057617
000011,0.2,watermarked,-43.97628402709961
000011,0.3,clean,-51.506221771240234
000011,0.3,watermarked,-45.814945220947266
000011,0.5,clean,-48.81610107421875
000011,0.5,watermarked,-48.754940032958984
000012,0.2,clean,-53.30718994140625
000012,0.2,watermarked,-45.94674301147461
000012,0.3,clean,-51.900081634521484
000012,0.3,watermarked,-46.63389587402344
000012,0.5,clean,-54.18404769897461
000012,0.5,watermarked,-48.616024017333984
000013,0.2,clean,-62.15513229370117
000013,0.2,watermarked,-45.53242111206055
000013,0.3,clean,-59.31293487548828
000013,0.3,watermarked,-49.83845520019531
000013,0.5,clean,-58.38261413574219
000013,0.5,watermarked,-51.09345626831055
000014,0.2,clean,-55.75241470336914
000014,0.2,watermarked,-46.06385040283203
000014,0.3,clean,-52.842506408691406
000014,0.3,watermarked,-45.718379974365234
000014,0.5,clean,-54.092655181884766
000014,0.5,watermarked,-51.340274810791016
000015,0.2,clean,-53.82569885253906
000015,0.2,watermarked,-47.20786666870117
000015,0.3,clean,-50.578983306884766
000015,0.3,watermarked,-47.69899368286133
000015,0.5,clean,-53.145240783691406
000015,0.5,watermarked,-48.23255157470703
000016,0.2,clean,-53.107994079589844
000016,0.2,watermarked,-45.662628173828125
000016,0.3,clean,-52.81315994262695
000016,0.3,watermarked,-48.09151077270508
000016,0.5,clean,-53.41566848754883
000016,0.5,watermarked,-46.19681930541992
000017,0.2,clean,-55.84895706176758
000017,0.2,watermarked,-49.29397201538086
000017,0.3,clean,-54.68169021606445
000017,0.3,watermarked,-49.53299331665039
000017,0.5,clean,-57.30399703979492
000017,0.5,watermarked,-50.94397735595703
000018,0.2,clean,-56.87485885620117
000018,0.2,watermarked,-46.612876892089844
000018,0.3,clean,-53.61046600341797
000018,0.3,watermarked,-48.56019973754883
000018,0.5,clean,-54.745521545410156
000018,0.5,watermarked,-50.18932342529297
000019,0.2,clean,-53.89015197753906
000019,0.2,watermarked,-46.58834457397461
000019,0.3,clean,-54.742706298828125
000019,0.3,watermarked,-48.69599151611328
000019,0.5,clean,-53.58517837524414
000019,0.5,watermarked,-52.183650970458984
000020,0.2,clean,-62.367149353027344
000020,0.2,watermarked,-49.448490142822266
000020,0.3,clean,-60.50171661376953
000020,0.3,watermarked,-49.50957489013672
000020,0.5,clean,-56.81378936767578
000020,0.5,watermarked,-55.42954635620117
000021,0.2,clean,-52.86698913574219
000021,0.2,watermarked,-49.23396682739258
000021,0.3,clean,-51.85361862182617
000021,0.3,watermarked,-47.61664581298828
000021,0.5,clean,-53.066001892089844
000021,0.5,watermarked,-47.8405647277832
000022,0.2,clean,-52.55573272705078
000022,0.2,watermarked,-46.953269958496094
000022,0.3,clean,-52.3139762878418
000022,0.3,watermarked,-48.26359939575195
000022,0.5,clean,-49.80790328979492
000022,0.5,watermarked,-49.0849494934082
000023,0.2,clean,-54.22163772583008
000023,0.2,watermarked,-46.346405029296875
000023,0.3,clean,-52.87607192993164
000023,0.3,watermarked,-47.56922912597656
000023,0.5,clean,-51.747047424316406
000023,0.5,watermarked,-49.43132781982422
000024,0.2,clean,-49.75176239013672
000024,0.2,watermarked,-45.768436431884766
000024,0.3,clean,-49.3382568359375
000024,0.3,watermarked,-45.158180236816406
000024,0.5,clean,-50.09737777709961
000024,0.5,watermarked,-45.891258239746094
000025,0.2,clean,-60.29064178466797
000025,0.2,watermarked,-49.798667907714844
000025,0.3,clean,-59.17038345336914
000025,0.3,watermarked,-50.31509780883789
000025,0.5,clean,-58.31421661376953
000025,0.5,watermarked,-49.78791427612305
000026,0.2,clean,-65.81966400146484
000026,0.2,watermarked,-49.07357406616211
000026,0.3,clean,-66.99073028564453
000026,0.3,watermarked,-51.554386138916016
000026,0.5,clean,-68.19193267822266
000026,0.5,watermarked,-52.858890533447266
000027,0.2,clean,-52.3795280456543
000027,0.2,watermarked,-46.28711700439453
000027,0.3,clean,-51.27682876586914
000027,0.3,watermarked,-46.291481018066406
000027,0.5,clean,-50.23004913330078
000027,0.5,watermarked,-49.61563491821289
000028,0.2,clean,-56.919349670410156
000028,0.2,watermarked,-47.6760368347168
000028,0.3,clean,-58.42826461791992
000028,0.3,watermarked,-51.43535614013672
000028,0.5,clean,-55.2808952331543
000028,0.5,watermarked,-52.61098098754883
000029,0.2,clean,-49.301204681396484
000029,0.2,watermarked,-48.27494430541992
000029,0.3,clean,-52.900447845458984
000029,0.3,watermarked,-48.22123718261719
000029,0.5,clean,-51.24679183959961
000029,0.5,watermarked,-50.02132797241211
000030,0.2,clean,-58.47871398925781
000030,0.2,watermarked,-48.0107536315918
000030,0.3,clean,-59.43281555175781
000030,0.3,watermarked,-49.56392288208008
000030,0.5,clean,-61.88132095336914
000030,0.5,watermarked,-51.84901428222656
000031,0.2,clean,-50.10207748413086
000031,0.2,watermarked,-45.01531982421875
000031,0.3,clean,-49.897037506103516
000031,0.3,watermarked,-48.067752838134766
000031,0.5,clean,-51.8831672668457
000031,0.5,watermarked,-49.29889678955078
000032,0.2,clean,-59.82421875
000032,0.2,watermarked,-48.46099853515625
000032,0.3,clean,-61.65894317626953
000032,0.3,watermarked,-48.1015625
000032,0.5,clean,-59.332611083984375
000032,0.5,watermarked,-52.466461181640625
000033,0.2,clean,-47.63147735595703
000033,0.2,watermarked,-45.759376525878906
000033,0.3,clean,-49.08564758300781
000033,0.3,watermarked,-47.15993118286133
000033,0.5,clean,-47.38282012939453
000033,0.5,watermarked,-48.1599235534668
000034,0.2,clean,-54.590179443359375
000034,0.2,watermarked,-42.84281921386719
000034,0.3,clean,-55.89927291870117
000034,0.3,watermarked,-46.54631042480469
000034,0.5,clean,-54.6139030456543
000034,0.5,watermarked,-50.115848541259766
000035,0.2,clean,-56.79642868041992
000035,0.2,watermarked,-46.3514518737793
000035,0.3,clean,-56.579063415527344
000035,0.3,watermarked,-47.330440521240234
000035,0.5,clean,-54.7502555847168
000035,0.5,watermarked,-51.09352111816406
000036,0.2,clean,-56.694393157958984
000036,0.2,watermarked,-49.63565444946289
000036,0.3,clean,-56.6463623046875
000036,0.3,watermarked,-49.35820007324219
000036,0.5,clean,-57.222721099853516
000036,0.5,watermarked,-51.0303955078125
000037,0.2,clean,-54.712158203125
000037,0.2,watermarked,-45.56302261352539
000037,0.3,clean,-57.415740966796875
000037,0.3,watermarked,-47.62012481689453
000037,0.5,clean,-58.099449157714844
000037,0.5,watermarked,-52.016197204589844
000038,0.2,clean,-53.44368362426758
000038,0.2,watermarked,-46.14079666137695
000038,0.3,clean,-55.249881744384766
000038,0.3,watermarked,-47.72615432739258
000038,0.5,clean,-56.78110122680664
000038,0.5,watermarked,-50.034912109375
000039,0.2,clean,-50.8338508605957
000039,0.2,watermarked,-45.03211212158203
000039,0.3,clean,-49.32680892944336
000039,0.3,watermarked,-47.411766052246094
000039,0.5,clean,-53.21890640258789
000039,0.5,watermarked,-52.16361618041992
000040,0.2,clean,-53.37090301513672
000040,0.2,watermarked,-45.243194580078125
000040,0.3,clean,-50.70886993408203
000040,0.3,watermarked,-46.252655029296875
000040,0.5,clean,-50.92256546020508
000040,0.5,watermarked,-48.33757019042969
000041,0.2,clean,-48.48891830444336
000041,0.2,watermarked,-46.17021560668945
000041,0.3,clean,-47.908714294433594
000041,0.3,watermarked,-48.09568405151367
000041,0.5,clean,-47.88701629638672
000041,0.5,watermarked,-48.38913345336914
000042,0.2,clean,-48.669281005859375
000042,0.2,watermarked,-48.26931381225586
000042,0.3,clean,-49.80543518066406
000042,0.3,watermarked,-45.755401611328125
000042,0.5,clean,-48.29874801635742
000042,0.5,watermarked,-46.97454071044922
000043,0.2,clean,-61.5057373046875
000043,0.2,watermarked,-47.042110443115234
000043,0.3,clean,-59.197540283203125
000043,0.3,watermarked,-49.04609680175781
000043,0.5,clean,-60.64366149902344
000043,0.5,watermarked,-55.00615692138672
000044,0.2,clean,-55.44720458984375
000044,0.2,watermarked,-45.331092834472656
000044,0.3,clean,-56.459022521972656
000044,0.3,watermarked,-48.24626922607422
000044,0.5,clean,-55.740509033203125
000044,0.5,watermarked,-47.499881744384766
000045,0.2,clean,-55.943023681640625
000045,0.2,watermarked,-47.07160186767578
000045,0.3,clean,-55.28220748901367
000045,0.3,watermarked,-48.135902404785156
000045,0.5,clean,-54.420166015625
000045,0.5,watermarked,-49.99388122558594
000046,0.2,clean,-48.018096923828125
000046,0.2,watermarked,-45.79210662841797
000046,0.3,clean,-48.55618667602539
000046,0.3,watermarked,-45.93776321411133
000046,0.5,clean,-47.67239761352539
000046,0.5,watermarked,-44.990455627441406
000047,0.2,clean,-61.47227096557617
000047,0.2,watermarked,-49.61632537841797
000047,0.3,clean,-64.22490692138672
000047,0.3,watermarked,-51.65280532836914
000047,0.5,clean,-63.45779037475586
000047,0.5,watermarked,-55.714359283447266
000048,0.2,clean,-55.58556365966797
000048,0.2,watermarked,-46.76282501220703
000048,0.3,clean,-53.443695068359375
000048,0.3,watermarked,-47.679779052734375
000048,0.5,clean,-50.661190032958984
000048,0.5,watermarked,-48.995277404785156
000049,0.2,clean,-64.84205627441406
000049,0.2,watermarked,-50.57638931274414
000049,0.3,clean,-61.16196060180664
000049,0.3,watermarked,-49.56458282470703
000049,0.5,clean,-61.792030334472656
000049,0.5,watermarked,-55.44390869140625
000050,0.2,clean,-53.99798583984375
000050,0.2,watermarked,-47.96757507324219
000050,0.3,clean,-51.881900787353516
000050,0.3,watermarked,-47.29486846923828
000050,0.5,clean,-52.58540344238281
000050,0.5,watermarked,-49.21782302856445
000051,0.2,clean,-56.642120361328125
000051,0.2,watermarked,-47.50931930541992
000051,0.3,clean,-56.61137390136719
000051,0.3,watermarked,-47.836395263671875
000051,0.5,clean,-55.32320022583008
000051,0.5,watermarked,-51.26432418823242
000052,0.2,clean,-49.996150970458984
000052,0.2,watermarked,-46.55439376831055
000052,0.3,clean,-49.92498016357422
000052,0.3,watermarked,-47.97787094116211
000052,0.5,clean,-48.08704376220703
000052,0.5,watermarked,-48.197994232177734
000053,0.2,clean,-49.238338470458984
000053,0.2,watermarked,-44.87681198120117
000053,0.3,clean,-50.33147048950195
000053,0.3,watermarked,-47.55598831176758
000053,0.5,clean,-49.01335906982422
000053,0.5,watermarked,-49.822513580322266
000054,0.2,clean,-54.252079010009766
000054,0.2,watermarked,-47.32670593261719
000054,0.3,clean,-55.50019454956055
000054,0.3,watermarked,-48.511260986328125
000054,0.5,clean,-57.453792572021484
000054,0.5,watermarked,-52.34196472167969
000055,0.2,clean,-47.8514518737793
000055,0.2,watermarked,-46.16157913208008
000055,0.3,clean,-48.282928466796875
000055,0.3,watermarked,-48.10420608520508
000055,0.5,clean,-51.3128662109375
000055,0.5,watermarked,-49.57918930053711
000056,0.2,clean,-58.69763946533203
000056,0.2,watermarked,-46.60628890991211
000056,0.3,clean,-56.842918395996094
000056,0.3,watermarked,-49.12125015258789
000056,0.5,clean,-56.45227813720703
000056,0.5,watermarked,-50.1364631652832
000057,0.2,clean,-55.08524703979492
000057,0.2,watermarked,-45.34397506713867
000057,0.3,clean,-53.416526794433594
000057,0.3,watermarked,-47.342689514160156
000057,0.5,clean,-55.049583435058594
000057,0.5,watermarked,-52.40068817138672
000058,0.2,clean,-56.62161636352539
000058,0.2,watermarked,-47.8434944152832
000058,0.3,clean,-56.80808639526367
000058,0.3,watermarked,-48.24550247192383
000058,0.5,clean,-56.77305221557617
000058,0.5,watermarked,-52.260414123535156
000059,0.2,clean,-55.47627639770508
000059,0.2,watermarked,-46.0423469543457
000059,0.3,clean,-56.2301139831543
000059,0.3,watermarked,-48.43495178222656
000059,0.5,clean,-55.74256134033203
000059,0.5,watermarked,-52.388702392578125
000060,0.2,clean,-59.187225341796875
000060,0.2,watermarked,-46.394004821777344
000060,0.3,clean,-56.40546798706055
000060,0.3,watermarked,-50.039527893066406
000060,0.5,clean,-54.859169006347656
000060,0.5,watermarked,-48.96845626831055
000061,0.2,clean,-50.72942352294922
000061,0.2,watermarked,-45.2008056640625
000061,0.3,clean,-49.29499816894531
000061,0.3,watermarked,-45.7088623046875
000061,0.5,clean,-49.5232048034668
000061,0.5,watermarked,-45.46718215942383
000062,0.2,clean,-55.36432647705078
000062,0.2,watermarked,-45.22420120239258
000062,0.3,clean,-54.76233673095703
000062,0.3,watermarked,-45.742069244384766
000062,0.5,clean,-55.984519958496094
000062,0.5,watermarked,-50.24937438964844
000063,0.2,clean,-52.253719329833984
000063,0.2,watermarked,-49.57719802856445
000063,0.3,clean,-51.918460845947266
000063,0.3,watermarked,-50.9240837097168
000063,0.5,clean,-49.9589958190918
000063,0.5,watermarked,-49.033348083496094
000064,0.2,clean,-47.5411262512207
000064,0.2,watermarked,-45.9937629699707
000064,0.3,clean,-49.957027435302734
000064,0.3,watermarked,-44.6810417175293
000064,0.5,clean,-49.35470962524414
000064,0.5,watermarked,-45.65586471557617
000065,0.2,clean,-51.897438049316406
000065,0.2,watermarked,-48.480464935302734
000065,0.3,clean,-50.62353515625
000065,0.3,watermarked,-48.80072784423828
000065,0.5,clean,-52.36654281616211
000065,0.5,watermarked,-49.98704528808594
000066,0.2,clean,-54.78882598876953
000066,0.2,watermarked,-46.91169357299805
000066,0.3,clean,-52.89407730102539
000066,0.3,watermarked,-48.427459716796875
000066,0.5,clean,-53.80874252319336
000066,0.5,watermarked,-48.79656982421875
000067,0.2,clean,-54.81039810180664
000067,0.2,watermarked,-46.03361129760742
000067,0.3,clean,-52.23517990112305
000067,0.3,watermarked,-45.98521041870117
000067,0.5,clean,-52.333717346191406
000067,0.5,watermarked,-50.21501922607422
000068,0.2,clean,-59.35801315307617
000068,0.2,watermarked,-47.70211410522461
000068,0.3,clean,-55.573753356933594
000068,0.3,watermarked,-48.647979736328125
000068,0.5,clean,-55.0112419128418
000068,0.5,watermarked,-52.67008972167969
000069,0.2,clean,-61.656150817871094
000069,0.2,watermarked,-48.1074104309082
000069,0.3,clean,-59.348663330078125
000069,0.3,watermarked,-46.77311325073242
000069,0.5,clean,-59.06261444091797
000069,0.5,watermarked,-54.075191497802734
000070,0.2,clean,-49.4709358215332
000070,0.2,watermarked,-47.30202102661133
000070,0.3,clean,-48.41162872314453
000070,0.3,watermarked,-48.95538330078125
000070,0.5,clean,-47.177001953125
000070,0.5,watermarked,-50.62595748901367
000071,0.2,clean,-55.84251403808594
000071,0.2,watermarked,-45.95844268798828
000071,0.3,clean,-55.631832122802734
000071,0.3,watermarked,-48.44289016723633
000071,0.5,clean,-55.04312515258789
000071,0.5,watermarked,-53.33081817626953
000072,0.2,clean,-65.37510681152344
000072,0.2,watermarked,-44.868377685546875
000072,0.3,clean,-64.29249572753906
000072,0.3,watermarked,-47.41322326660156
000072,0.5,clean,-63.605430603027344
000072,0.5,watermarked,-51.95798110961914
000073,0.2,clean,-68.14644622802734
000073,0.2,watermarked,-46.0482177734375
000073,0.3,clean,-68.36433410644531
000073,0.3,watermarked,-47.49354553222656
000073,0.5,clean,-66.22097778320312
000073,0.5,watermarked,-52.0448112487793
000074,0.2,clean,-57.3756103515625
000074,0.2,watermarked,-46.234500885009766
000074,0.3,clean,-58.20664596557617
000074,0.3,watermarked,-47.6363525390625
000074,0.5,clean,-54.52968978881836
000074,0.5,watermarked,-50.08869552612305
000075,0.2,clean,-55.225704193115234
000075,0.2,watermarked,-45.69913101196289
000075,0.3,clean,-54.21921920776367
000075,0.3,watermarked,-47.025577545166016
000075,0.5,clean,-50.43928146362305
000075,0.5,watermarked,-47.23056411743164
000076,0.2,clean,-55.77402114868164
000076,0.2,watermarked,-48.73923873901367
000076,0.3,clean,-55.75775146484375
000076,0.3,watermarked,-50.88338088989258
000076,0.5,clean,-57.82532501220703
000076,0.5,watermarked,-51.83481216430664
000077,0.2,clean,-56.447364807128906
000077,0.2,watermarked,-46.39735412597656
000077,0.3,clean,-55.87641906738281
000077,0.3,watermarked,-46.86437225341797
000077,0.5,clean,-55.09640121459961
000077,0.5,watermarked,-53.35309982299805
000078,0.2,clean,-55.06561279296875
000078,0.2,watermarked,-46.1454963684082
000078,0.3,clean,-55.4394416809082
000078,0.3,watermarked,-47.63482666015625
000078,0.5,clean,-53.45224380493164
000078,0.5,watermarked,-52.43495559692383
000079,0.2,clean,-57.08163833618164
000079,0.2,watermarked,-48.16352081298828
000079,0.3,clean,-58.48902130126953
000079,0.3,watermarked,-51.17007064819336
000079,0.5,clean,-54.138919830322266
000079,0.5,watermarked,-52.99494934082031
000080,0.2,clean,-51.90141296386719
000080,0.2,watermarked,-45.71074676513672
000080,0.3,clean,-54.829593658447266
000080,0.3,watermarked,-48.0120849609375
000080,0.5,clean,-53.319068908691406
000080,0.5,watermarked,-50.94184875488281
000081,0.2,clean,-49.491455078125
000081,0.2,watermarked,-47.62379455566406
000081,0.3,clean,-51.43706512451172
000081,0.3,watermarked,-46.83015441894531
000081,0.5,clean,-48.6259651184082
000081,0.5,watermarked,-47.22749328613281
000082,0.2,clean,-53.765872955322266
000082,0.2,watermarked,-47.32756423950195
000082,0.3,clean,-53.71329116821289
000082,0.3,watermarked,-46.5510139465332
000082,0.5,clean,-53.803157806396484
000082,0.5,watermarked,-49.73068618774414
000083,0.2,clean,-50.806358337402344
000083,0.2,watermarked,-43.54118728637695
000083,0.3,clean,-53.75279998779297
000083,0.3,watermarked,-46.867637634277344
000083,0.5,clean,-53.430171966552734
000083,0.5,watermarked,-48.05598068237305
000084,0.2,clean,-53.49494934082031
000084,0.2,watermarked,-45.24692916870117
000084,0.3,clean,-53.681331634521484
000084,0.3,watermarked,-48.654579162597656
000084,0.5,clean,-51.5085334777832
000084,0.5,watermarked,-51.767372131347656
000085,0.2,clean,-65.94413757324219
000085,0.2,watermarked,-50.30140686035156
000085,0.3,clean,-64.38943481445312
000085,0.3,watermarked,-52.148223876953125
000085,0.5,clean,-65.5595932006836
000085,0.5,watermarked,-54.32628631591797
000086,0.2,clean,-56.859493255615234
000086,0.2,watermarked,-47.36814880371094
000086,0.3,clean,-58.6123161315918
000086,0.3,watermarked,-51.7509765625
000086,0.5,clean,-55.10002136230469
000086,0.5,watermarked,-51.670166015625
000087,0.2,clean,-56.47422409057617
000087,0.2,watermarked,-48.574562072753906
000087,0.3,clean,-60.980918884277344
000087,0.3,watermarked,-49.05791473388672
000087,0.5,clean,-55.69857406616211
000087,0.5,watermarked,-54.905311584472656
000088,0.2,clean,-57.68199157714844
000088,0.2,watermarked,-46.729007720947266
000088,0.3,clean,-56.15889358520508
000088,0.3,watermarked,-48.00271224975586
000088,0.5,clean,-53.27684020996094
000088,0.5,watermarked,-51.4159049987793
000089,0.2,clean,-51.56650161743164
000089,0.2,watermarked,-45.62141799926758
000089,0.3,clean,-48.13038635253906
000089,0.3,watermarked,-47.143917083740234
000089,0.5,clean,-48.63274383544922
000089,0.5,watermarked,-47.779197692871094
000090,0.2,clean,-49.42966079711914
000090,0.2,watermarked,-46.88818359375
000090,0.3,clean,-53.23090362548828
000090,0.3,watermarked,-49.2718391418457
000090,0.5,clean,-52.65546798706055
000090,0.5,watermarked,-49.09705352783203
000091,0.2,clean,-60.099063873291016
000091,0.2,watermarked,-46.483158111572266
000091,0.3,clean,-60.12732696533203
000091,0.3,watermarked,-49.13697814941406
000091,0.5,clean,-57.472869873046875
000091,0.5,watermarked,-53.12070083618164
000092,0.2,clean,-50.967437744140625
000092,0.2,watermarked,-46.643455505371094
000092,0.3,clean,-51.15272521972656
000092,0.3,watermarked,-46.47213363647461
000092,0.5,clean,-50.17557144165039
000092,0.5,watermarked,-48.33548355102539
000093,0.2,clean,-54.537899017333984
000093,0.2,watermarked,-50.80088806152344
000093,0.3,clean,-53.111019134521484
000093,0.3,watermarked,-50.313838958740234
000093,0.5,clean,-54.480567932128906
000093,0.5,watermarked,-51.85459899902344
000094,0.2,clean,-49.032020568847656
000094,0.2,watermarked,-47.56682205200195
000094,0.3,clean,-50.083492279052734
000094,0.3,watermarked,-46.32437515258789
000094,0.5,clean,-49.205108642578125
000094,0.5,watermarked,-47.35622024536133
000095,0.2,clean,-56.36726379394531
000095,0.2,watermarked,-46.062705993652344
000095,0.3,clean,-55.65880584716797
000095,0.3,watermarked,-48.49116134643555
000095,0.5,clean,-53.4492301940918
000095,0.5,watermarked,-48.81343460083008
000096,0.2,clean,-53.31141662597656
000096,0.2,watermarked,-47.39668655395508
000096,0.3,clean,-54.47544860839844
000096,0.3,watermarked,-50.296146392822266
000096,0.5,clean,-53.46500778198242
000096,0.5,watermarked,-49.32942581176758
000097,0.2,clean,-51.49770736694336
000097,0.2,watermarked,-49.090206146240234
000097,0.3,clean,-51.20338821411133
000097,0.3,watermarked,-47.16364288330078
000097,0.5,clean,-52.40260696411133
000097,0.5,watermarked,-48.14530563354492
000098,0.2,clean,-55.38191604614258
000098,0.2,watermarked,-48.52701950073242
000098,0.3,clean,-54.161197662353516
000098,0.3,watermarked,-47.89935302734375
000098,0.5,clean,-53.925148010253906
000098,0.5,watermarked,-51.78068923950195
000099,0.2,clean,-54.71918487548828
000099,0.2,watermarked,-46.68666076660156
000099,0.3,clean,-56.11721420288086
000099,0.3,watermarked,-47.84140396118164
000099,0.5,clean,-57.38996124267578
000099,0.5,watermarked,-50.5125732421875
000100,0.2,clean,-52.02383041381836
000100,0.2,watermarked,-47.354393005371094
000100,0.3,clean,-52.943336486816406
000100,0.3,watermarked,-47.41836166381836
000100,0.5,clean,-51.73229217529297
000100,0.5,watermarked,-50.025299072265625
000101,0.2,clean,-57.3151741027832
000101,0.2,watermarked,-46.1513557434082
000101,0.3,clean,-55.846195220947266
000101,0.3,watermarked,-48.0684700012207
000101,0.5,clean,-56.624168395996094
000101,0.5,watermarked,-51.217987060546875
000102,0.2,clean,-60.97768783569336
000102,0.2,watermarked,-46.849761962890625
000102,0.3,clean,-59.810523986816406
000102,0.3,watermarked,-48.28544616699219
000102,0.5,clean,-60.1379508972168
000102,0.5,watermarked,-51.28074264526367
000103,0.2,clean,-56.885772705078125
000103,0.2,watermarked,-48.7751350402832
000103,0.3,clean,-53.5738639831543
000103,0.3,watermarked,-49.9036865234375
000103,0.5,clean,-56.387794494628906
000103,0.5,watermarked,-53.29056167602539
000104,0.2,clean,-53.09752655029297
000104,0.2,watermarked,-44.3849983215332
000104,0.3,clean,-53.64146423339844
000104,0.3,watermarked,-47.645751953125
000104,0.5,clean,-54.522743225097656
000104,0.5,watermarked,-50.416744232177734
000105,0.2,clean,-60.87395095825195
000105,0.2,watermarked,-47.32183074951172
000105,0.3,clean,-57.58585739135742
000105,0.3,watermarked,-49.110931396484375
000105,0.5,clean,-58.897132873535156
000105,0.5,watermarked,-53.04442596435547
000106,0.2,clean,-62.73250961303711
000106,0.2,watermarked,-47.1588134765625
000106,0.3,clean,-62.052947998046875
000106,0.3,watermarked,-50.530399322509766
000106,0.5,clean,-58.58753204345703
000106,0.5,watermarked,-50.852787017822266
000107,0.2,clean,-60.596065521240234
000107,0.2,watermarked,-47.26601791381836
000107,0.3,clean,-59.55807113647461
000107,0.3,watermarked,-50.047515869140625
000107,0.5,clean,-62.71619415283203
000107,0.5,watermarked,-52.70035171508789
000108,0.2,clean,-49.99989318847656
000108,0.2,watermarked,-46.59152603149414
000108,0.3,clean,-49.02779769897461
000108,0.3,watermarked,-46.42862319946289
000108,0.5,clean,-48.83724594116211
000108,0.5,watermarked,-44.721961975097656
000109,0.2,clean,-53.054439544677734
000109,0.2,watermarked,-47.085208892822266
000109,0.3,clean,-50.803524017333984
000109,0.3,watermarked,-48.03246307373047
000109,0.5,clean,-53.92283248901367
000109,0.5,watermarked,-52.227420806884766
000110,0.2,clean,-53.72244644165039
000110,0.2,watermarked,-46.170310974121094
000110,0.3,clean,-52.897865295410156
000110,0.3,watermarked,-45.78294372558594
000110,0.5,clean,-52.899818420410156
000110,0.5,watermarked,-49.124061584472656
000111,0.2,clean,-52.72569274902344
000111,0.2,watermarked,-45.41865158081055
000111,0.3,clean,-50.867889404296875
000111,0.3,watermarked,-46.3658332824707
000111,0.5,clean,-48.633270263671875
000111,0.5,watermarked,-47.1733512878418
000112,0.2,clean,-55.568721771240234
000112,0.2,watermarked,-44.0877799987793
000112,0.3,clean,-53.318870544433594
000112,0.3,watermarked,-45.557865142822266
000112,0.5,clean,-51.90957260131836
000112,0.5,watermarked,-53.2802848815918
000113,0.2,clean,-62.54301452636719
000113,0.2,watermarked,-47.57550048828125
000113,0.3,clean,-59.61554718017578
000113,0.3,watermarked,-48.82381057739258
000113,0.5,clean,-60.66578674316406
000113,0.5,watermarked,-50.10051727294922
000114,0.2,clean,-53.24628829956055
000114,0.2,watermarked,-45.99851608276367
000114,0.3,clean,-53.1027717590332
000114,0.3,watermarked,-47.70494842529297
000114,0.5,clean,-54.26580047607422
000114,0.5,watermarked,-47.95594787597656
000115,0.2,clean,-55.2632942199707
000115,0.2,watermarked,-45.84450912475586
000115,0.3,clean,-56.14175796508789
000115,0.3,watermarked,-49.19877624511719
000115,0.5,clean,-55.487125396728516
000115,0.5,watermarked,-49.59404373168945
000116,0.2,clean,-57.28944778442383
000116,0.2,watermarked,-44.30615234375
000116,0.3,clean,-56.33203125
000116,0.3,watermarked,-48.48078536987305
000116,0.5,clean,-56.19541931152344
000116,0.5,watermarked,-52.4841194152832
000117,0.2,clean,-60.51942825317383
000117,0.2,watermarked,-47.291072845458984
000117,0.3,clean,-58.04222869873047
000117,0.3,watermarked,-49.670413970947266
000117,0.5,clean,-62.420623779296875
000117,0.5,watermarked,-53.60970687866211
000118,0.2,clean,-51.16855239868164
000118,0.2,watermarked,-47.432952880859375
000118,0.3,clean,-50.57834243774414
000118,0.3,watermarked,-49.60049819946289
000118,0.5,clean,-52.50334548950195
000118,0.5,watermarked,-49.697086334228516
000119,0.2,clean,-54.37335205078125
000119,0.2,watermarked,-46.69209289550781
000119,0.3,clean,-52.84394836425781
000119,0.3,watermarked,-46.625648498535156
000119,0.5,clean,-56.166202545166016
000119,0.5,watermarked,-46.79780578613281
000120,0.2,clean,-57.7962646484375
000120,0.2,watermarked,-46.0809440612793
000120,0.3,clean,-57.175235748291016
000120,0.3,watermarked,-49.30327606201172
000120,0.5,clean,-62.029022216796875
000120,0.5,watermarked,-52.757171630859375
000121,0.2,clean,-57.34807205200195
000121,0.2,watermarked,-46.836517333984375
000121,0.3,clean,-55.231475830078125
000121,0.3,watermarked,-50.37523651123047
000121,0.5,clean,-54.571556091308594
000121,0.5,watermarked,-49.001373291015625
000122,0.2,clean,-57.88788986206055
000122,0.2,watermarked,-46.2121696472168
000122,0.3,clean,-57.502437591552734
000122,0.3,watermarked,-49.947509765625
000122,0.5,clean,-57.02644729614258
000122,0.5,watermarked,-52.630523681640625
000123,0.2,clean,-54.6239013671875
000123,0.2,watermarked,-49.88148880004883
000123,0.3,clean,-52.95731735229492
000123,0.3,watermarked,-48.88224792480469
000123,0.5,clean,-55.875484466552734
000123,0.5,watermarked,-51.68627166748047
000124,0.2,clean,-58.0064811706543
000124,0.2,watermarked,-48.93344497680664
000124,0.3,clean,-61.922828674316406
000124,0.3,watermarked,-49.50883865356445
000124,0.5,clean,-61.99842834472656
000124,0.5,watermarked,-51.9179573059082
000125,0.2,clean,-53.354026794433594
000125,0.2,watermarked,-46.26712417602539
000125,0.3,clean,-51.33229064941406
000125,0.3,watermarked,-46.46299362182617
000125,0.5,clean,-53.560970306396484
000125,0.5,watermarked,-50.585411071777344
000126,0.2,clean,-54.388275146484375
000126,0.2,watermarked,-46.622947692871094
000126,0.3,clean,-54.512962341308594
000126,0.3,watermarked,-47.6161003112793
000126,0.5,clean,-52.19674301147461
000126,0.5,watermarked,-48.268760681152344
000127,0.2,clean,-59.887081146240234
000127,0.2,watermarked,-47.75699234008789
000127,0.3,clean,-54.10306167602539
000127,0.3,watermarked,-49.85695266723633
000127,0.5,clean,-57.54875564575195
000127,0.5,watermarked,-49.04011535644531
000128,0.2,clean,-59.604461669921875
000128,0.2,watermarked,-45.76278305053711
000128,0.3,clean,-59.17855453491211
000128,0.3,watermarked,-50.388511657714844
000128,0.5,clean,-58.345455169677734
000128,0.5,watermarked,-51.485260009765625
000129,0.2,clean,-56.438838958740234
000129,0.2,watermarked,-46.68717575073242
000129,0.3,clean,-57.76201629638672
000129,0.3,watermarked,-48.87014389038086
000129,0.5,clean,-56.865299224853516
000129,0.5,watermarked,-49.02750015258789
000130,0.2,clean,-60.2078971862793
000130,0.2,watermarked,-45.65196990966797
000130,0.3,clean,-61.58464431762695
000130,0.3,watermarked,-47.666412353515625
000130,0.5,clean,-56.662818908691406
000130,0.5,watermarked,-48.293975830078125
000131,0.2,clean,-61.19630813598633
000131,0.2,watermarked,-47.67947006225586
000131,0.3,clean,-61.27111053466797
000131,0.3,watermarked,-48.152252197265625
000131,0.5,clean,-62.9999885559082
000131,0.5,watermarked,-50.433834075927734
000132,0.2,clean,-55.38167953491211
000132,0.2,watermarked,-46.82209396362305
000132,0.3,clean,-53.982872009277344
000132,0.3,watermarked,-47.55560302734375
000132,0.5,clean,-54.86947250366211
000132,0.5,watermarked,-51.988250732421875
000133,0.2,clean,-50.12464141845703
000133,0.2,watermarked,-45.40550994873047
000133,0.3,clean,-51.61460876464844
000133,0.3,watermarked,-47.76542663574219
000133,0.5,clean,-52.18975067138672
000133,0.5,watermarked,-51.02799606323242
000134,0.2,clean,-50.92506790161133
000134,0.2,watermarked,-46.46917724609375
000134,0.3,clean,-49.79451370239258
000134,0.3,watermarked,-46.73569869995117
000134,0.5,clean,-48.494728088378906
000134,0.5,watermarked,-45.72260284423828
000135,0.2,clean,-56.8846549987793
000135,0.2,watermarked,-47.91766357421875
000135,0.3,clean,-55.35065460205078
000135,0.3,watermarked,-49.33415603637695
000135,0.5,clean,-55.592533111572266
000135,0.5,watermarked,-52.60462188720703
000136,0.2,clean,-53.46950912475586
000136,0.2,watermarked,-46.47397232055664
000136,0.3,clean,-52.57384490966797
000136,0.3,watermarked,-46.49845886230469
000136,0.5,clean,-50.848270416259766
000136,0.5,watermarked,-50.12767028808594
000137,0.2,clean,-69.76905059814453
000137,0.2,watermarked,-45.97126007080078
000137,0.3,clean,-67.28717041015625
000137,0.3,watermarked,-49.2486457824707
000137,0.5,clean,-67.18917083740234
000137,0.5,watermarked,-54.43183898925781
000138,0.2,clean,-52.21283721923828
000138,0.2,watermarked,-45.087181091308594
000138,0.3,clean,-52.400794982910156
000138,0.3,watermarked,-47.845027923583984
000138,0.5,clean,-53.825008392333984
000138,0.5,watermarked,-47.316246032714844
000139,0.2,clean,-58.66740417480469
000139,0.2,watermarked,-48.41510772705078
000139,0.3,clean,-57.20905303955078
000139,0.3,watermarked,-48.22849655151367
000139,0.5,clean,-59.01509094238281
000139,0.5,watermarked,-48.55695724487305
000140,0.2,clean,-49.774253845214844
000140,0.2,watermarked,-44.953758239746094
000140,0.3,clean,-47.93891906738281
000140,0.3,watermarked,-47.25731658935547
000140,0.5,clean,-50.11514663696289
000140,0.5,watermarked,-47.01741027832031
000141,0.2,clean,-53.08964538574219
000141,0.2,watermarked,-45.50373077392578
000141,0.3,clean,-52.81190490722656
000141,0.3,watermarked,-48.27949523925781
000141,0.5,clean,-51.84720230102539
000141,0.5,watermarked,-49.53921127319336
000142,0.2,clean,-52.25238800048828
000142,0.2,watermarked,-48.21100616455078
000142,0.3,clean,-52.17202377319336
000142,0.3,watermarked,-49.5601921081543
000142,0.5,clean,-51.37248992919922
000142,0.5,watermarked,-46.80411148071289
000143,0.2,clean,-53.6019172668457
000143,0.2,watermarked,-45.68439865112305
000143,0.3,clean,-52.76420211791992
000143,0.3,watermarked,-46.794490814208984
000143,0.5,clean,-51.24960708618164
000143,0.5,watermarked,-50.320621490478516
000144,0.2,clean,-51.11055374145508
000144,0.2,watermarked,-45.53119659423828
000144,0.3,clean,-52.36994934082031
000144,0.3,watermarked,-46.74538803100586
000144,0.5,clean,-52.67173767089844
000144,0.5,watermarked,-47.6652717590332
000145,0.2,clean,-62.19041061401367
000145,0.2,watermarked,-49.494930267333984
000145,0.3,clean,-63.382774353027344
000145,0.3,watermarked,-49.13348388671875
000145,0.5,clean,-64.81623077392578
000145,0.5,watermarked,-53.07658386230469
000146,0.2,clean,-50.59975814819336
000146,0.2,watermarked,-48.56881332397461
000146,0.3,clean,-52.007816314697266
000146,0.3,watermarked,-48.754390716552734
000146,0.5,clean,-51.41124725341797
000146,0.5,watermarked,-48.32781982421875
000147,0.2,clean,-51.18110656738281
000147,0.2,watermarked,-44.61256790161133
000147,0.3,clean,-52.246219635009766
000147,0.3,watermarked,-45.44389343261719
000147,0.5,clean,-50.84708023071289
000147,0.5,watermarked,-46.92025375366211
000148,0.2,clean,-59.01736831665039
000148,0.2,watermarked,-47.36180877685547
000148,0.3,clean,-62.40050506591797
000148,0.3,watermarked,-47.99262237548828
000148,0.5,clean,-60.89657211303711
000148,0.5,watermarked,-50.41401290893555
000149,0.2,clean,-56.273921966552734
000149,0.2,watermarked,-46.90718078613281
000149,0.3,clean,-55.07502746582031
000149,0.3,watermarked,-47.716880798339844
000149,0.5,clean,-55.57557678222656
000149,0.5,watermarked,-46.482872009277344
000150,0.2,clean,-54.003135681152344
000150,0.2,watermarked,-49.52665328979492
000150,0.3,clean,-54.43318557739258
000150,0.3,watermarked,-49.700435638427734
000150,0.5,clean,-52.669673919677734
000150,0.5,watermarked,-49.1612548828125
000151,0.2,clean,-55.96693420410156
000151,0.2,watermarked,-48.922264099121094
000151,0.3,clean,-58.40974807739258
000151,0.3,watermarked,-50.140289306640625
000151,0.5,clean,-55.79642868041992
000151,0.5,watermarked,-53.16232681274414
000152,0.2,clean,-48.906524658203125
000152,0.2,watermarked,-46.87112808227539
000152,0.3,clean,-49.4012565612793
000152,0.3,watermarked,-46.96883773803711
000152,0.5,clean,-49.483909606933594
000152,0.5,watermarked,-47.01172637939453
000153,0.2,clean,-54.302513122558594
000153,0.2,watermarked,-45.783687591552734
000153,0.3,clean,-55.09992218017578
000153,0.3,watermarked,-46.82051086425781
000153,0.5,clean,-53.64529037475586
000153,0.5,watermarked,-47.07386016845703
000154,0.2,clean,-52.0672721862793
000154,0.2,watermarked,-47.49130630493164
000154,0.3,clean,-50.30641174316406
000154,0.3,watermarked,-48.33330535888672
000154,0.5,clean,-52.70160675048828
000154,0.5,watermarked,-46.5430908203125
000155,0.2,clean,-59.53629684448242
000155,0.2,watermarked,-48.34577941894531
000155,0.3,clean,-57.821327209472656
000155,0.3,watermarked,-48.328311920166016
000155,0.5,clean,-56.62175369262695
000155,0.5,watermarked,-51.69001388549805
000156,0.2,clean,-56.88934326171875
000156,0.2,watermarked,-47.05939865112305
000156,0.3,clean,-53.2949333190918
000156,0.3,watermarked,-48.47295379638672
000156,0.5,clean,-51.95713806152344
000156,0.5,watermarked,-51.11915588378906
000157,0.2,clean,-43.88882064819336
000157,0.2,watermarked,-44.84022521972656
000157,0.3,clean,-45.349403381347656
000157,0.3,watermarked,-44.401832580566406
000157,0.5,clean,-44.01882553100586
000157,0.5,watermarked,-43.6844482421875
000158,0.2,clean,-48.7056999206543
000158,0.2,watermarked,-43.80292510986328
000158,0.3,clean,-47.46819305419922
000158,0.3,watermarked,-45.05084228515625
000158,0.5,clean,-48.4863395690918
000158,0.5,watermarked,-46.84479904174805
000159,0.2,clean,-61.196041107177734
000159,0.2,watermarked,-47.43196487426758
000159,0.3,clean,-61.67317581176758
000159,0.3,watermarked,-49.2646484375
000159,0.5,clean,-61.07460403442383
000159,0.5,watermarked,-53.585018157958984
000160,0.2,clean,-57.440223693847656
000160,0.2,watermarked,-48.537532806396484
000160,0.3,clean,-59.00139236450195
000160,0.3,watermarked,-48.20881271362305
000160,0.5,clean,-59.42817687988281
000160,0.5,watermarked,-50.28173065185547
000161,0.2,clean,-52.603702545166016
000161,0.2,watermarked,-46.91166305541992
000161,0.3,clean,-52.79563903808594
000161,0.3,watermarked,-47.380287170410156
000161,0.5,clean,-50.43153381347656
000161,0.5,watermarked,-49.2238883972168
000162,0.2,clean,-60.287837982177734
000162,0.2,watermarked,-47.578636169433594
000162,0.3,clean,-61.33205032348633
000162,0.3,watermarked,-49.193843841552734
000162,0.5,clean,-59.283958435058594
000162,0.5,watermarked,-54.00482940673828
000163,0.2,clean,-51.304630279541016
000163,0.2,watermarked,-45.679439544677734
000163,0.3,clean,-53.39677047729492
000163,0.3,watermarked,-48.611305236816406
000163,0.5,clean,-51.7411003112793
000163,0.5,watermarked,-49.703826904296875
000164,0.2,clean,-45.27103805541992
000164,0.2,watermarked,-49.07634353637695
000164,0.3,clean,-43.523319244384766
000164,0.3,watermarked,-48.630130767822266
000164,0.5,clean,-46.2984504699707
000164,0.5,watermarked,-43.89913558959961
000165,0.2,clean,-54.23999786376953
000165,0.2,watermarked,-47.13711929321289
000165,0.3,clean,-53.823062896728516
000165,0.3,watermarked,-47.873756408691406
000165,0.5,clean,-54.81338882446289
000165,0.5,watermarked,-51.733154296875
000166,0.2,clean,-59.48237228393555
000166,0.2,watermarked,-45.47207260131836
000166,0.3,clean,-59.49399185180664
000166,0.3,watermarked,-50.7877197265625
000166,0.5,clean,-58.81310272216797
000166,0.5,watermarked,-52.73476791381836
000167,0.2,clean,-51.08563995361328
000167,0.2,watermarked,-47.715396881103516
000167,0.3,clean,-52.49470901489258
000167,0.3,watermarked,-47.35271072387695
000167,0.5,clean,-51.836063385009766
000167,0.5,watermarked,-48.900413513183594
000168,0.2,clean,-54.05874252319336
000168,0.2,watermarked,-46.841522216796875
000168,0.3,clean,-53.97892761230469
000168,0.3,watermarked,-45.77464294433594
000168,0.5,clean,-51.18142318725586
000168,0.5,watermarked,-46.09210205078125
000169,0.2,clean,-56.36787796020508
000169,0.2,watermarked,-46.40406799316406
000169,0.3,clean,-55.17864227294922
000169,0.3,watermarked,-47.37569046020508
000169,0.5,clean,-56.64716339111328
000169,0.5,watermarked,-50.83793640136719
000170,0.2,clean,-60.759742736816406
000170,0.2,watermarked,-48.87881851196289
000170,0.3,clean,-57.74932861328125
000170,0.3,watermarked,-48.11962127685547
000170,0.5,clean,-60.177879333496094
000170,0.5,watermarked,-52.21478271484375
000171,0.2,clean,-62.14160919189453
000171,0.2,watermarked,-46.86017990112305
000171,0.3,clean,-62.53666687011719
000171,0.3,watermarked,-51.01773452758789
000171,0.5,clean,-63.16320037841797
000171,0.5,watermarked,-54.977012634277344
000172,0.2,clean,-49.91914367675781
000172,0.2,watermarked,-45.85578155517578
000172,0.3,clean,-50.53784942626953
000172,0.3,watermarked,-48.15506362915039
000172,0.5,clean,-49.74898910522461
000172,0.5,watermarked,-51.30288314819336
000173,0.2,clean,-53.691837310791016
000173,0.2,watermarked,-47.915836334228516
000173,0.3,clean,-51.030921936035156
000173,0.3,watermarked,-48.31422805786133
000173,0.5,clean,-49.98494338989258
000173,0.5,watermarked,-48.737213134765625
000174,0.2,clean,-62.20276641845703
000174,0.2,watermarked,-46.94881057739258
000174,0.3,clean,-59.58025360107422
000174,0.3,watermarked,-49.19245910644531
000174,0.5,clean,-59.272369384765625
000174,0.5,watermarked,-54.51338195800781
000175,0.2,clean,-55.95402145385742
000175,0.2,watermarked,-43.752742767333984
000175,0.3,clean,-53.862552642822266
000175,0.3,watermarked,-48.26933288574219
000175,0.5,clean,-53.60642623901367
000175,0.5,watermarked,-50.059104919433594
000176,0.2,clean,-58.670047760009766
000176,0.2,watermarked,-45.31024169921875
000176,0.3,clean,-58.304229736328125
000176,0.3,watermarked,-45.4871940612793
000176,0.5,clean,-57.38637924194336
000176,0.5,watermarked,-52.110843658447266
000177,0.2,clean,-58.62990188598633
000177,0.2,watermarked,-48.346153259277344
000177,0.3,clean,-57.1484260559082
000177,0.3,watermarked,-50.25634002685547
000177,0.5,clean,-55.21327590942383
000177,0.5,watermarked,-50.20249938964844
000178,0.2,clean,-60.69443130493164
000178,0.2,watermarked,-51.2209587097168
000178,0.3,clean,-61.86079406738281
000178,0.3,watermarked,-51.5943603515625
000178,0.5,clean,-63.44148635864258
000178,0.5,watermarked,-56.03462219238281
000179,0.2,clean,-66.27082824707031
000179,0.2,watermarked,-48.632911682128906
000179,0.3,clean,-64.31000518798828
000179,0.3,watermarked,-50.342735290527344
000179,0.5,clean,-67.62610626220703
000179,0.5,watermarked,-52.09880065917969
000180,0.2,clean,-55.83623123168945
000180,0.2,watermarked,-49.19386291503906
000180,0.3,clean,-58.230716705322266
000180,0.3,watermarked,-50.44417953491211
000180,0.5,clean,-54.35915756225586
000180,0.5,watermarked,-51.531715393066406
000181,0.2,clean,-56.66473388671875
000181,0.2,watermarked,-45.79697036743164
000181,0.3,clean,-56.46138000488281
000181,0.3,watermarked,-48.581748962402344
000181,0.5,clean,-57.585697174072266
000181,0.5,watermarked,-50.52021789550781
000182,0.2,clean,-54.64129638671875
000182,0.2,watermarked,-48.291072845458984
000182,0.3,clean,-55.108802795410156
000182,0.3,watermarked,-46.11642074584961
000182,0.5,clean,-53.600189208984375
000182,0.5,watermarked,-49.88888931274414
000183,0.2,clean,-59.11117935180664
000183,0.2,watermarked,-46.34824752807617
000183,0.3,clean,-58.140419006347656
000183,0.3,watermarked,-49.504173278808594
000183,0.5,clean,-58.49433898925781
000183,0.5,watermarked,-51.76936340332031
000184,0.2,clean,-56.76486587524414
000184,0.2,watermarked,-49.55738830566406
000184,0.3,clean,-56.183135986328125
000184,0.3,watermarked,-49.51699447631836
000184,0.5,clean,-53.89305114746094
000184,0.5,watermarked,-51.750511169433594
000185,0.2,clean,-53.08428955078125
000185,0.2,watermarked,-44.22975540161133
000185,0.3,clean,-51.96541213989258
000185,0.3,watermarked,-46.65284729003906
000185,0.5,clean,-51.29254150390625
000185,0.5,watermarked,-48.49413299560547
000186,0.2,clean,-55.19295120239258
000186,0.2,watermarked,-44.743080139160156
000186,0.3,clean,-53.90290451049805
000186,0.3,watermarked,-45.488250732421875
000186,0.5,clean,-55.047664642333984
000186,0.5,watermarked,-49.85073471069336
000187,0.2,clean,-57.911861419677734
000187,0.2,watermarked,-48.995269775390625
000187,0.3,clean,-58.07242965698242
000187,0.3,watermarked,-50.545963287353516
000187,0.5,clean,-58.90116882324219
000187,0.5,watermarked,-53.26812744140625
000188,0.2,clean,-56.214359283447266
000188,0.2,watermarked,-46.2402458190918
000188,0.3,clean,-54.170204162597656
000188,0.3,watermarked,-48.21866989135742
000188,0.5,clean,-55.25448989868164
000188,0.5,watermarked,-50.856204986572266
000189,0.2,clean,-51.394657135009766
000189,0.2,watermarked,-46.396514892578125
000189,0.3,clean,-52.784969329833984
000189,0.3,watermarked,-46.8508186340332
000189,0.5,clean,-51.02435302734375
000189,0.5,watermarked,-47.97500228881836
000190,0.2,clean,-54.23170852661133
000190,0.2,watermarked,-46.859039306640625
000190,0.3,clean,-55.24785614013672
000190,0.3,watermarked,-49.38580322265625
000190,0.5,clean,-54.258697509765625
000190,0.5,watermarked,-51.54643249511719
000191,0.2,clean,-60.52275466918945
000191,0.2,watermarked,-45.41780090332031
000191,0.3,clean,-62.72216033935547
000191,0.3,watermarked,-47.697174072265625
000191,0.5,clean,-57.57908248901367
000191,0.5,watermarked,-49.91592025756836
000192,0.2,clean,-56.62016296386719
000192,0.2,watermarked,-47.18960189819336
000192,0.3,clean,-59.758087158203125
000192,0.3,watermarked,-49.82638931274414
000192,0.5,clean,-57.36298370361328
000192,0.5,watermarked,-52.688472747802734
000193,0.2,clean,-57.83256530761719
000193,0.2,watermarked,-47.754486083984375
000193,0.3,clean,-58.98601150512695
000193,0.3,watermarked,-47.88637161254883
000193,0.5,clean,-53.56584548950195
000193,0.5,watermarked,-50.67865753173828
000194,0.2,clean,-49.85858917236328
000194,0.2,watermarked,-49.77487564086914
000194,0.3,clean,-53.490421295166016
000194,0.3,watermarked,-46.21463394165039
000194,0.5,clean,-49.53617858886719
000194,0.5,watermarked,-48.74762725830078
000195,0.2,clean,-55.479225158691406
000195,0.2,watermarked,-48.80297088623047
000195,0.3,clean,-55.76189422607422
000195,0.3,watermarked,-49.09839630126953
000195,0.5,clean,-54.16519546508789
000195,0.5,watermarked,-53.889076232910156
000196,0.2,clean,-56.10801315307617
000196,0.2,watermarked,-48.69759750366211
000196,0.3,clean,-55.516571044921875
000196,0.3,watermarked,-50.825164794921875
000196,0.5,clean,-54.25920486450195
000196,0.5,watermarked,-53.12409210205078
000197,0.2,clean,-59.36368179321289
000197,0.2,watermarked,-45.17604446411133
000197,0.3,clean,-60.37337875366211
000197,0.3,watermarked,-47.85029983520508
000197,0.5,clean,-61.71263122558594
000197,0.5,watermarked,-54.49954605102539
000198,0.2,clean,-53.61962127685547
000198,0.2,watermarked,-46.762664794921875
000198,0.3,clean,-53.685054779052734
000198,0.3,watermarked,-48.31475067138672
000198,0.5,clean,-52.25127029418945
000198,0.5,watermarked,-48.43760681152344
000199,0.2,clean,-63.15213394165039
000199,0.2,watermarked,-45.833492279052734
000199,0.3,clean,-60.61170196533203
000199,0.3,watermarked,-49.0898323059082
000199,0.5,clean,-59.935054779052734
000199,0.5,watermarked,-51.48182678222656
