gen_seed,method,alpha,attack_id,fpr_mean,fpr_ci_lo,fpr_ci_hi,tpr_mean,tpr_ci_lo,tpr_ci_hi,n_bootstrap,fpr_mean_std,tpr_mean_std
0,M1,0.05,blurring,0.0019240000000000001,0.0,0.006,0.98194,0.97,0.992,1000,,
0,M1,0.05,blurring+noise,0.0,0.0,0.0,0.920448,0.89795,0.942,1000,,
0,M1,0.05,cropping,0.00198,0.0,0.006,0.126966,0.098,0.158,1000,,
0,M1,0.05,cropping+jpeg,0.001948,0.0,0.006,0.039926,0.024,0.058,1000,,
0,M1,0.05,jpeg+cropping,0.001974,0.0,0.006,0.014074,0.004,0.026,1000,,
0,M1,0.05,jpeg_q30,0.0019800000000000004,0.0,0.006,0.831742,0.8,0.864,1000,,
0,M1,0.05,jpeg_q50,0.003912,0.0,0.01,0.900054,0.872,0.926,1000,,
0,M1,0.05,jpeg_q70,0.0,0.0,0.0,0.9777539999999999,0.964,0.99,1000,,
0,M1,0.05,jpeg_q90,0.002058,0.0,0.006,0.987818,0.978,0.996,1000,,
0,M1,0.05,noise+blurring+jpeg,0.0,0.0,0.0,0.764152,0.726,0.8,1000,,
0,M1,0.05,noise_s001,0.0,0.0,0.0,0.980228,0.96795,0.992,1000,,
0,M1,0.05,noise_s003,0.0,0.0,0.0,0.971656,0.956,0.986,1000,,
0,M1,0.05,noise_s005,0.002024,0.0,0.006,0.9436619999999999,0.92395,0.964,1000,,
0,M1,0.05,noise_s008,0.001972,0.0,0.006,0.842868,0.81,0.874,1000,,
0,M1,0.05,none,0.0018940000000000003,0.0,0.006,0.986126,0.976,0.996,1000,,
0,M1,0.05,rotation,0.0,0.0,0.0,0.0,0.0,0.0,1000,,
0,M1,0.05,rotation+cropping+jpeg,0.0,0.0,0.0,0.0,0.0,0.0,1000,,
0,M2,0.05,blurring,0.003872000000000001,0.0,0.01,0.986132,0.976,0.996,1000,,
0,M2,0.05,blurring+noise,0.00809,0.002,0.016049999999999953,0.954154,0.938,0.972,1000,,
0,M2,0.05,cropping,0.001954,0.0,0.006,0.20589000000000005,0.17,0.242,1000,,
0,M2,0.05,cropping+jpeg,0.004056,0.0,0.01,0.06384400000000001,0.044,0.086,1000,,
0,M2,0.05,jpeg+cropping,0.004,0.0,0.01,0.03763400000000001,0.022,0.054,1000,,
0,M2,0.05,jpeg_q30,0.003954,0.0,0.01,0.884088,0.858,0.912,1000,,
0,M2,0.05,jpeg_q50,0.004024000000000001,0.0,0.01,0.93224,0.91,0.954,1000,,
0,M2,0.05,jpeg_q70,0.0,0.0,0.0,0.990138,0.98,0.998,1000,,
0,M2,0.05,jpeg_q90,0.010014,0.002,0.02,0.9918620000000001,0.984,0.998,1000,,
0,M2,0.05,noise+blurring+jpeg,0.0,0.0,0.0,0.819268,0.78595,0.852,1000,,
0,M2,0.05,noise_s001,0.001958,0.0,0.006,0.9858140000000001,0.974,0.996,1000,,
0,M2,0.05,noise_s003,0.001892,0.0,0.006,0.982048,0.97,0.992,1000,,
0,M2,0.05,noise_s005,0.007940000000000001,0.002,0.016,0.9594739999999999,0.94,0.976,1000,,
0,M2,0.05,noise_s008,0.006012000000000002,0.0,0.014,0.8937780000000001,0.866,0.92,1000,,
0,M2,0.05,none,0.007892000000000001,0.002,0.016,0.9921660000000001,0.984,1.0,1000,,
0,M2,0.05,rotation,0.0,0.0,0.0,0.0019060000000000001,0.0,0.006,1000,,
0,M2,0.05,rotation+cropping+jpeg,0.0,0.0,0.0,0.002058,0.0,0.006,1000,,
0,M3,0.05,blurring,0.039764,0.024,0.058,0.995906,0.99,1.0,1000,,
0,M3,0.05,blurring+noise,0.06615200000000002,0.045950000000000005,0.086,0.993798,0.986,1.0,1000,,
0,M3,0.05,cropping,0.039884,0.022,0.058,0.682396,0.642,0.72205,1000,,
0,M3,0.05,cropping+jpeg,0.03185,0.018,0.048,0.45005800000000007,0.406,0.49204999999999993,1000,,
0,M3,0.05,jpeg+cropping,0.016016,0.006,0.028,0.350386,0.306,0.392,1000,,
0,M3,0.05,jpeg_q30,0.028152000000000003,0.016,0.044,0.993766,0.986,1.0,1000,,
0,M3,0.05,jpeg_q50,0.022118000000000002,0.01,0.034049999999999955,0.9959839999999999,0.99,1.0,1000,,
0,M3,0.05,jpeg_q70,0.026174000000000006,0.012,0.042,0.995842,0.99,1.0,1000,,
0,M3,0.05,jpeg_q90,0.033578000000000004,0.02,0.05,0.998108,0.994,1.0,1000,,
0,M3,0.05,noise+blurring+jpeg,0.015928,0.006,0.028,0.965442,0.948,0.98,1000,,
0,M3,0.05,noise_s001,0.04173,0.026,0.058,0.9980139999999998,0.994,1.0,1000,,
0,M3,0.05,noise_s003,0.059888000000000004,0.04,0.082,0.9979979999999999,0.994,1.0,1000,,
0,M3,0.05,noise_s005,0.06358000000000001,0.044,0.086,0.9959,0.99,1.0,1000,,
0,M3,0.05,noise_s008,0.0679,0.048,0.092,0.989864,0.98,0.998,1000,,
0,M3,0.05,none,0.037788,0.022,0.054,0.996104,0.99,1.0,1000,,
0,M3,0.05,rotation,0.001954,0.0,0.006,0.04375600000000001,0.026,0.062,1000,,
0,M3,0.05,rotation+cropping+jpeg,0.012050000000000002,0.004,0.022,0.037938,0.022,0.056,1000,,
0,M1,0.1,blurring,0.001996,0.0,0.006,0.98181,0.97,0.992,1000,,
0,M1,0.1,blurring+noise,0.0,0.0,0.0,0.9205740000000001,0.896,0.944,1000,,
0,M1,0.1,cropping,0.0020659999999999997,0.0,0.006,0.126234,0.096,0.156,1000,,
0,M1,0.1,cropping+jpeg,0.002004,0.0,0.006,0.039908,0.024,0.058,1000,,
0,M1,0.1,jpeg+cropping,0.002052,0.0,0.006,0.014216000000000001,0.004,0.024,1000,,
0,M1,0.1,jpeg_q30,0.002058,0.0,0.006,0.8326720000000001,0.802,0.86405,1000,,
0,M1,0.1,jpeg_q50,0.004088000000000001,0.0,0.01,0.90013,0.874,0.926,1000,,
0,M1,0.1,jpeg_q70,0.0,0.0,0.0,0.9779800000000001,0.964,0.99,1000,,
0,M1,0.1,jpeg_q90,0.00192,0.0,0.006,0.988042,0.978,0.996,1000,,
0,M1,0.1,noise+blurring+jpeg,0.0,0.0,0.0,0.7638440000000001,0.728,0.802,1000,,
0,M1,0.1,noise_s001,0.0,0.0,0.0,0.980242,0.968,0.992,1000,,
0,M1,0.1,noise_s003,0.0,0.0,0.0,0.9721859999999999,0.956,0.984,1000,,
0,M1,0.1,noise_s005,0.00216,0.0,0.008,0.943954,0.922,0.962,1000,,
0,M1,0.1,noise_s008,0.0020540000000000003,0.0,0.008,0.8444159999999999,0.8119500000000001,0.874,1000,,
0,M1,0.1,none,0.0019700000000000004,0.0,0.006,0.9859179999999999,0.974,0.996,1000,,
0,M1,0.1,rotation,0.0,0.0,0.0,0.0,0.0,0.0,1000,,
0,M1,0.1,rotation+cropping+jpeg,0.0,0.0,0.0,0.0,0.0,0.0,1000,,
0,M2,0.1,blurring,0.003882,0.0,0.01,0.9863399999999999,0.976,0.996,1000,,
0,M2,0.1,blurring+noise,0.007930000000000001,0.002,0.016,0.9543699999999999,0.936,0.972,1000,,
0,M2,0.1,cropping,0.0019560000000000003,0.0,0.006,0.20616,0.172,0.24,1000,,
0,M2,0.1,cropping+jpeg,0.004068,0.0,0.01,0.064108,0.044,0.086,1000,,
0,M2,0.1,jpeg+cropping,0.0038900000000000007,0.0,0.01,0.037868,0.022,0.056,1000,,
0,M2,0.1,jpeg_q30,0.003938,0.0,0.01,0.8841479999999999,0.854,0.91205,1000,,
0,M2,0.1,jpeg_q50,0.00391,0.0,0.010049999999999955,0.9323140000000001,0.912,0.954,1000,,
0,M2,0.1,jpeg_q70,0.0,0.0,0.0,0.989934,0.98,0.998,1000,,
0,M2,0.1,jpeg_q90,0.010150000000000003,0.002,0.02,0.992036,0.984,0.998,1000,,
0,M2,0.1,noise+blurring+jpeg,0.0,0.0,0.0,0.819792,0.782,0.854,1000,,
0,M2,0.1,noise_s001,0.002004,0.0,0.008,0.9858100000000001,0.974,0.996,1000,,
0,M2,0.1,noise_s003,0.002064,0.0,0.006,0.9821679999999999,0.97,0.992,1000,,
0,M2,0.1,noise_s005,0.007968000000000001,0.002,0.016,0.960244,0.94395,0.976,1000,,
0,M2,0.1,noise_s008,0.006108000000000001,0.0,0.014,0.894558,0.866,0.922,1000,,
0,M2,0.1,none,0.007922,0.002,0.016,0.9919260000000001,0.984,0.998,1000,,
0,M2,0.1,rotation,0.0,0.0,0.0,0.001978,0.0,0.006,1000,,
0,M2,0.1,rotation+cropping+jpeg,0.0,0.0,0.0,0.001988,0.0,0.006,1000,,
0,M3,0.1,blurring,0.08501200000000002,0.061950000000000005,0.11,0.9980059999999998,0.994,1.0,1000,,
0,M3,0.1,blurring+noise,0.143642,0.114,0.174,1.0,1.0,1.0,1000,,
0,M3,0.1,cropping,0.09195400000000001,0.068,0.118,0.8334239999999999,0.8,0.864,1000,,
0,M3,0.1,cropping+jpeg,0.06846000000000001,0.048,0.092,0.6742999999999999,0.632,0.712,1000,,
0,M3,0.1,jpeg+cropping,0.04235600000000001,0.026,0.062,0.5992759999999999,0.55595,0.644,1000,,
0,M3,0.1,jpeg_q30,0.06206800000000001,0.04395,0.086,1.0,1.0,1.0,1000,,
0,M3,0.1,jpeg_q50,0.05582200000000002,0.037950000000000005,0.076,1.0,1.0,1.0,1000,,
0,M3,0.1,jpeg_q70,0.08797,0.064,0.11204999999999996,0.9960019999999999,0.99,1.0,1000,,
0,M3,0.1,jpeg_q90,0.10155800000000002,0.076,0.128,0.997934,0.994,1.0,1000,,
0,M3,0.1,noise+blurring+jpeg,0.050068000000000015,0.032,0.07,0.990074,0.98,0.998,1000,,
0,M3,0.1,noise_s001,0.09773000000000001,0.072,0.124,1.0,1.0,1.0,1000,,
0,M3,0.1,noise_s003,0.13689400000000002,0.108,0.166,1.0,1.0,1.0,1000,,
0,M3,0.1,noise_s005,0.132912,0.104,0.164,1.0,1.0,1.0,1000,,
0,M3,0.1,noise_s008,0.14169599999999996,0.112,0.172,0.995922,0.99,1.0,1000,,
0,M3,0.1,none,0.10670600000000002,0.08,0.132,0.99808,0.994,1.0,1000,,
0,M3,0.1,rotation,0.012010000000000002,0.004,0.022,0.12028400000000002,0.092,0.148,1000,,
0,M3,0.1,rotation+cropping+jpeg,0.030172000000000004,0.015950000000000002,0.046,0.10204200000000004,0.076,0.13,1000,,
0,M1,0.01,blurring,0.002074,0.0,0.006,0.981894,0.97195,0.992,1000,,
0,M1,0.01,blurring+noise,0.0,0.0,0.0,0.920078,0.896,0.944,1000,,
0,M1,0.01,cropping,0.0020540000000000003,0.0,0.006,0.125756,0.09795000000000001,0.15404999999999996,1000,,
0,M1,0.01,cropping+jpeg,0.00193,0.0,0.006,0.040088000000000006,0.024,0.058,1000,,
0,M1,0.01,jpeg+cropping,0.0019280000000000002,0.0,0.006,0.013984000000000002,0.004,0.026,1000,,
0,M1,0.01,jpeg_q30,0.0019660000000000003,0.0,0.006,0.832124,0.798,0.864,1000,,
0,M1,0.01,jpeg_q50,0.0038940000000000008,0.0,0.01,0.8995420000000001,0.872,0.924,1000,,
0,M1,0.01,jpeg_q70,0.0,0.0,0.0,0.9780979999999999,0.964,0.99,1000,,
0,M1,0.01,jpeg_q90,0.002008,0.0,0.006,0.988062,0.978,0.996,1000,,
0,M1,0.01,noise+blurring+jpeg,0.0,0.0,0.0,0.76316,0.724,0.8,1000,,
0,M1,0.01,noise_s001,0.0,0.0,0.0,0.979942,0.968,0.992,1000,,
0,M1,0.01,noise_s003,0.0,0.0,0.0,0.972026,0.956,0.986,1000,,
0,M1,0.01,noise_s005,0.002016,0.0,0.006,0.9444880000000001,0.922,0.964,1000,,
0,M1,0.01,noise_s008,0.001954,0.0,0.008,0.843904,0.812,0.876,1000,,
0,M1,0.01,none,0.001978,0.0,0.006,0.9861800000000001,0.976,0.996,1000,,
0,M1,0.01,rotation,0.0,0.0,0.0,0.0,0.0,0.0,1000,,
0,M1,0.01,rotation+cropping+jpeg,0.0,0.0,0.0,0.0,0.0,0.0,1000,,
0,M2,0.01,blurring,0.003896,0.0,0.01,0.986046,0.974,0.996,1000,,
0,M2,0.01,blurring+noise,0.008008000000000001,0.002,0.016,0.954016,0.936,0.97,1000,,
0,M2,0.01,cropping,0.0019720000000000002,0.0,0.006,0.20532000000000003,0.174,0.242,1000,,
0,M2,0.01,cropping+jpeg,0.003954,0.0,0.01,0.06356000000000002,0.044,0.086,1000,,
0,M2,0.01,jpeg+cropping,0.004026000000000001,0.0,0.01,0.037704,0.024,0.05404999999999995,1000,,
0,M2,0.01,jpeg_q30,0.003994,0.0,0.01,0.88373,0.854,0.912,1000,,
0,M2,0.01,jpeg_q50,0.004044000000000001,0.0,0.01,0.9317340000000001,0.91,0.952,1000,,
0,M2,0.01,jpeg_q70,0.0,0.0,0.0,0.9898060000000001,0.98,0.998,1000,,
0,M2,0.01,jpeg_q90,0.010128000000000002,0.002,0.018,0.991924,0.984,0.998,1000,,
0,M2,0.01,noise+blurring+jpeg,0.0,0.0,0.0,0.820028,0.786,0.85405,1000,,
0,M2,0.01,noise_s001,0.00202,0.0,0.006,0.9858640000000001,0.974,0.996,1000,,
0,M2,0.01,noise_s003,0.0019080000000000002,0.0,0.006,0.981816,0.96995,0.992,1000,,
0,M2,0.01,noise_s005,0.007782,0.002,0.016,0.959864,0.94,0.976,1000,,
0,M2,0.01,noise_s008,0.005942000000000002,0.0,0.014,0.8951500000000001,0.87,0.92,1000,,
0,M2,0.01,none,0.008226,0.002,0.016049999999999953,0.992212,0.984,0.998,1000,,
0,M2,0.01,rotation,0.0,0.0,0.0,0.001922,0.0,0.006,1000,,
0,M2,0.01,rotation+cropping+jpeg,0.0,0.0,0.0,0.001894,0.0,0.006,1000,,
0,M3,0.01,blurring,0.017706000000000003,0.008,0.03,0.994112,0.986,1.0,1000,,
0,M3,0.01,blurring+noise,0.020156000000000004,0.01,0.032,0.987788,0.976,0.996,1000,,
0,M3,0.01,cropping,0.015952,0.006,0.028,0.441952,0.398,0.486,1000,,
0,M3,0.01,cropping+jpeg,0.010126000000000001,0.002,0.02,0.21943400000000002,0.182,0.258,1000,,
0,M3,0.01,jpeg+cropping,0.005950000000000001,0.0,0.014,0.15407400000000002,0.122,0.18804999999999997,1000,,
0,M3,0.01,jpeg_q30,0.013726000000000002,0.004,0.024,0.95781,0.938,0.97405,1000,,
0,M3,0.01,jpeg_q50,0.007732000000000001,0.002,0.016,0.987762,0.978,0.996,1000,,
0,M3,0.01,jpeg_q70,0.008170000000000002,0.002,0.016,0.996064,0.99,1.0,1000,,
0,M3,0.01,jpeg_q90,0.014256,0.004,0.026,0.995894,0.99,1.0,1000,,
0,M3,0.01,noise+blurring+jpeg,0.0,0.0,0.0,0.9199660000000002,0.896,0.942,1000,,
0,M3,0.01,noise_s001,0.012266000000000003,0.004,0.022,0.996184,0.99,1.0,1000,,
0,M3,0.01,noise_s003,0.021824000000000007,0.01,0.036,0.9980039999999999,0.994,1.0,1000,,
0,M3,0.01,noise_s005,0.02392,0.012,0.038,0.984074,0.972,0.994,1000,,
0,M3,0.01,noise_s008,0.024122000000000005,0.012,0.038,0.9619059999999999,0.944,0.978,1000,,
0,M3,0.01,none,0.01182,0.004,0.022,0.995964,0.99,1.0,1000,,
0,M3,0.01,rotation,0.0,0.0,0.0,0.01,0.002,0.02,1000,,
0,M3,0.01,rotation+cropping+jpeg,0.0020780000000000004,0.0,0.006,0.007784000000000001,0.002,0.016,1000,,
1,M1,0.05,blurring,0.002028,0.0,0.006,0.982226,0.97,0.99205,1000,,
1,M1,0.05,blurring+noise,0.0,0.0,0.0,0.9379500000000001,0.916,0.958,1000,,
1,M1,0.05,cropping,0.0,0.0,0.0,0.09594600000000003,0.072,0.124,1000,,
1,M1,0.05,cropping+jpeg,0.0,0.0,0.0,0.022124,0.01,0.034,1000,,
1,M1,0.05,jpeg+cropping,0.0,0.0,0.0,0.009592000000000002,0.002,0.018,1000,,
1,M1,0.05,jpeg_q30,0.0059440000000000005,0.0,0.012049999999999955,0.8438599999999999,0.81395,0.87405,1000,,
1,M1,0.05,jpeg_q50,0.0,0.0,0.0,0.8975780000000001,0.87,0.924,1000,,
1,M1,0.05,jpeg_q70,0.0,0.0,0.0,0.97629,0.96395,0.988,1000,,
1,M1,0.05,jpeg_q90,0.0,0.0,0.0,0.984144,0.972,0.994,1000,,
1,M1,0.05,noise+blurring+jpeg,0.0,0.0,0.0,0.7655640000000001,0.728,0.802,1000,,
1,M1,0.05,noise_s001,0.0,0.0,0.0,0.981952,0.97,0.992,1000,,
1,M1,0.05,noise_s003,0.0,0.0,0.0,0.973986,0.958,0.986,1000,,
1,M1,0.05,noise_s005,0.0,0.0,0.0,0.94249,0.922,0.962,1000,,
1,M1,0.05,noise_s008,0.0,0.0,0.0,0.8244179999999999,0.79,0.858,1000,,
1,M1,0.05,none,0.0,0.0,0.0,0.98408,0.972,0.994,1000,,
1,M1,0.05,rotation,0.0,0.0,0.0,0.0,0.0,0.0,1000,,
1,M1,0.05,rotation+cropping+jpeg,0.0,0.0,0.0,0.0,0.0,0.0,1000,,
1,M2,0.05,blurring,0.001978,0.0,0.006,0.989904,0.98,0.998,1000,,
1,M2,0.05,blurring+noise,0.0019700000000000004,0.0,0.006,0.9659379999999999,0.95,0.98,1000,,
1,M2,0.05,cropping,0.0,0.0,0.0,0.147348,0.114,0.18,1000,,
1,M2,0.05,cropping+jpeg,0.0,0.0,0.0,0.031642,0.016,0.046,1000,,
1,M2,0.05,jpeg+cropping,0.0019280000000000005,0.0,0.006,0.016266000000000003,0.006,0.028,1000,,
1,M2,0.05,jpeg_q30,0.010052000000000002,0.002,0.02,0.8784259999999999,0.848,0.90405,1000,,
1,M2,0.05,jpeg_q50,0.0,0.0,0.0,0.924222,0.9,0.948,1000,,
1,M2,0.05,jpeg_q70,0.0,0.0,0.0,0.98403,0.972,0.994,1000,,
1,M2,0.05,jpeg_q90,0.002048,0.0,0.006,0.986246,0.97595,0.996,1000,,
1,M2,0.05,noise+blurring+jpeg,0.0,0.0,0.0,0.799222,0.764,0.834,1000,,
1,M2,0.05,noise_s001,0.0,0.0,0.0,0.983812,0.972,0.994,1000,,
1,M2,0.05,noise_s003,0.001968,0.0,0.006,0.985874,0.97595,0.996,1000,,
1,M2,0.05,noise_s005,0.0,0.0,0.0,0.965982,0.948,0.98,1000,,
1,M2,0.05,noise_s008,0.0,0.0,0.0,0.8592219999999999,0.828,0.888,1000,,
1,M2,0.05,none,0.0,0.0,0.0,0.988164,0.978,0.996,1000,,
1,M2,0.05,rotation,0.0,0.0,0.0,0.0,0.0,0.0,1000,,
1,M2,0.05,rotation+cropping+jpeg,0.0,0.0,0.0,0.0,0.0,0.0,1000,,
1,M3,0.05,blurring,0.027826000000000007,0.014,0.042,0.997784,0.994,1.0,1000,,
1,M3,0.05,blurring+noise,0.067888,0.048,0.09004999999999995,1.0,1.0,1.0,1000,,
1,M3,0.05,cropping,0.029660000000000002,0.016,0.046,0.632648,0.59,0.674,1000,,
1,M3,0.05,cropping+jpeg,0.029826000000000005,0.016,0.046,0.408274,0.364,0.45,1000,,
1,M3,0.05,jpeg+cropping,0.013924000000000002,0.004,0.026,0.293202,0.254,0.334,1000,,
1,M3,0.05,jpeg_q30,0.032591999999999996,0.018,0.05,0.9856220000000001,0.974,0.994,1000,,
1,M3,0.05,jpeg_q50,0.014112,0.004,0.026,0.993954,0.986,1.0,1000,,
1,M3,0.05,jpeg_q70,0.025646000000000006,0.012,0.04,0.997968,0.994,1.0,1000,,
1,M3,0.05,jpeg_q90,0.039982000000000004,0.024,0.056,1.0,1.0,1.0,1000,,
1,M3,0.05,noise+blurring+jpeg,0.009936000000000002,0.002,0.02,0.9482359999999999,0.93,0.968,1000,,
1,M3,0.05,noise_s001,0.033874,0.018,0.052,1.0,1.0,1.0,1000,,
1,M3,0.05,noise_s003,0.047772000000000016,0.03,0.066,1.0,1.0,1.0,1000,,
1,M3,0.05,noise_s005,0.05392200000000001,0.034,0.074,1.0,1.0,1.0,1000,,
1,M3,0.05,noise_s008,0.05186000000000001,0.034,0.072,0.9980399999999999,0.994,1.0,1000,,
1,M3,0.05,none,0.038160000000000006,0.022,0.056,1.0,1.0,1.0,1000,,
1,M3,0.05,rotation,0.0,0.0,0.0,0.03236200000000001,0.018,0.048,1000,,
1,M3,0.05,rotation+cropping+jpeg,0.009798000000000001,0.002,0.018,0.018052,0.008,0.03,1000,,
1,M1,0.1,blurring,0.00196,0.0,0.006,0.98229,0.97,0.992,1000,,
1,M1,0.1,blurring+noise,0.0,0.0,0.0,0.93833,0.916,0.95805,1000,,
1,M1,0.1,cropping,0.0,0.0,0.0,0.09537400000000003,0.07,0.122,1000,,
1,M1,0.1,cropping+jpeg,0.0,0.0,0.0,0.022042000000000003,0.01,0.034049999999999955,1000,,
1,M1,0.1,jpeg+cropping,0.0,0.0,0.0,0.010112000000000001,0.002,0.02,1000,,
1,M1,0.1,jpeg_q30,0.006220000000000001,0.0,0.014,0.843888,0.81395,0.876,1000,,
1,M1,0.1,jpeg_q50,0.0,0.0,0.0,0.89906,0.87,0.924,1000,,
1,M1,0.1,jpeg_q70,0.0,0.0,0.0,0.976266,0.96,0.988,1000,,
1,M1,0.1,jpeg_q90,0.0,0.0,0.0,0.983972,0.972,0.994,1000,,
1,M1,0.1,noise+blurring+jpeg,0.0,0.0,0.0,0.7665040000000001,0.73,0.8,1000,,
1,M1,0.1,noise_s001,0.0,0.0,0.0,0.982128,0.97,0.992,1000,,
1,M1,0.1,noise_s003,0.0,0.0,0.0,0.9736959999999999,0.958,0.988,1000,,
1,M1,0.1,noise_s005,0.0,0.0,0.0,0.9424539999999999,0.922,0.962,1000,,
1,M1,0.1,noise_s008,0.0,0.0,0.0,0.8244980000000001,0.79,0.856,1000,,
1,M1,0.1,none,0.0,0.0,0.0,0.9836739999999999,0.972,0.994,1000,,
1,M1,0.1,rotation,0.0,0.0,0.0,0.0,0.0,0.0,1000,,
1,M1,0.1,rotation+cropping+jpeg,0.0,0.0,0.0,0.0,0.0,0.0,1000,,
1,M2,0.1,blurring,0.0020620000000000005,0.0,0.006,0.990358,0.982,0.998,1000,,
1,M2,0.1,blurring+noise,0.0020099999999999996,0.0,0.006,0.966106,0.948,0.982,1000,,
1,M2,0.1,cropping,0.0,0.0,0.0,0.14845,0.118,0.182,1000,,
1,M2,0.1,cropping+jpeg,0.0,0.0,0.0,0.031918,0.016,0.048,1000,,
1,M2,0.1,jpeg+cropping,0.001998,0.0,0.006,0.016472,0.006,0.028,1000,,
1,M2,0.1,jpeg_q30,0.010026000000000002,0.002,0.02,0.8773,0.846,0.90605,1000,,
1,M2,0.1,jpeg_q50,0.0,0.0,0.0,0.924084,0.898,0.948,1000,,
1,M2,0.1,jpeg_q70,0.0,0.0,0.0,0.983768,0.972,0.994,1000,,
1,M2,0.1,jpeg_q90,0.0019500000000000001,0.0,0.006,0.9860840000000001,0.976,0.99405,1000,,
1,M2,0.1,noise+blurring+jpeg,0.0,0.0,0.0,0.79902,0.764,0.834,1000,,
1,M2,0.1,noise_s001,0.0,0.0,0.0,0.983796,0.97,0.994,1000,,
1,M2,0.1,noise_s003,0.0019700000000000004,0.0,0.006,0.9860719999999998,0.974,0.996,1000,,
1,M2,0.1,noise_s005,0.0,0.0,0.0,0.9655720000000001,0.946,0.98,1000,,
1,M2,0.1,noise_s008,0.0,0.0,0.0,0.860444,0.828,0.89,1000,,
1,M2,0.1,none,0.0,0.0,0.0,0.988038,0.978,0.996,1000,,
1,M2,0.1,rotation,0.0,0.0,0.0,0.0,0.0,0.0,1000,,
1,M2,0.1,rotation+cropping+jpeg,0.0,0.0,0.0,0.0,0.0,0.0,1000,,
1,M3,0.1,blurring,0.07535600000000002,0.052,0.1,0.998086,0.994,1.0,1000,,
1,M3,0.1,blurring+noise,0.138226,0.11,0.16604999999999998,1.0,1.0,1.0,1000,,
1,M3,0.1,cropping,0.088522,0.066,0.114,0.807718,0.774,0.842,1000,,
1,M3,0.1,cropping+jpeg,0.06636800000000001,0.044,0.08804999999999995,0.651344,0.608,0.692,1000,,
1,M3,0.1,jpeg+cropping,0.04999600000000001,0.03395000000000001,0.07,0.552976,0.51,0.59805,1000,,
1,M3,0.1,jpeg_q30,0.05173400000000001,0.034,0.072,0.9979479999999998,0.994,1.0,1000,,
1,M3,0.1,jpeg_q50,0.057854000000000017,0.039950000000000006,0.07804999999999995,1.0,1.0,1.0,1000,,
1,M3,0.1,jpeg_q70,0.07015800000000001,0.04995000000000001,0.092,1.0,1.0,1.0,1000,,
1,M3,0.1,jpeg_q90,0.08550800000000001,0.062,0.11,1.0,1.0,1.0,1000,,
1,M3,0.1,noise+blurring+jpeg,0.03418,0.02,0.05,0.982102,0.97,0.992,1000,,
1,M3,0.1,noise_s001,0.086212,0.06,0.112,1.0,1.0,1.0,1000,,
1,M3,0.1,noise_s003,0.11815800000000001,0.09,0.146,1.0,1.0,1.0,1000,,
1,M3,0.1,noise_s005,0.136282,0.106,0.168,1.0,1.0,1.0,1000,,
1,M3,0.1,noise_s008,0.127534,0.1,0.158,1.0,1.0,1.0,1000,,
1,M3,0.1,none,0.08823800000000001,0.06395,0.114,1.0,1.0,1.0,1000,,
1,M3,0.1,rotation,0.009866000000000002,0.002,0.02,0.13315800000000003,0.104,0.162,1000,,
1,M3,0.1,rotation+cropping+jpeg,0.019854000000000004,0.008,0.032,0.089822,0.06595000000000001,0.118,1000,,
1,M1,0.01,blurring,0.00192,0.0,0.006,0.9822059999999999,0.97,0.992,1000,,
1,M1,0.01,blurring+noise,0.0,0.0,0.0,0.937902,0.916,0.958,1000,,
1,M1,0.01,cropping,0.0,0.0,0.0,0.09608800000000002,0.07,0.122,1000,,
1,M1,0.01,cropping+jpeg,0.0,0.0,0.0,0.022034,0.01,0.036,1000,,
1,M1,0.01,jpeg+cropping,0.0,0.0,0.0,0.010164000000000001,0.002,0.02,1000,,
1,M1,0.01,jpeg_q30,0.005986000000000002,0.0,0.014,0.8438819999999999,0.812,0.876,1000,,
1,M1,0.01,jpeg_q50,0.0,0.0,0.0,0.89841,0.872,0.924,1000,,
1,M1,0.01,jpeg_q70,0.0,0.0,0.0,0.976254,0.962,0.988,1000,,
1,M1,0.01,jpeg_q90,0.0,0.0,0.0,0.983688,0.972,0.994,1000,,
1,M1,0.01,noise+blurring+jpeg,0.0,0.0,0.0,0.7650699999999999,0.728,0.8,1000,,
1,M1,0.01,noise_s001,0.0,0.0,0.0,0.981508,0.97,0.992,1000,,
1,M1,0.01,noise_s003,0.0,0.0,0.0,0.973708,0.958,0.986,1000,,
1,M1,0.01,noise_s005,0.0,0.0,0.0,0.9416899999999999,0.92,0.962,1000,,
1,M1,0.01,noise_s008,0.0,0.0,0.0,0.824592,0.79,0.858,1000,,
1,M1,0.01,none,0.0,0.0,0.0,0.984256,0.972,0.994,1000,,
1,M1,0.01,rotation,0.0,0.0,0.0,0.0,0.0,0.0,1000,,
1,M1,0.01,rotation+cropping+jpeg,0.0,0.0,0.0,0.0,0.0,0.0,1000,,
1,M2,0.01,blurring,0.0020440000000000002,0.0,0.006,0.99023,0.982,0.998,1000,,
1,M2,0.01,blurring+noise,0.002068,0.0,0.006,0.965962,0.948,0.98,1000,,
1,M2,0.01,cropping,0.0,0.0,0.0,0.14810399999999999,0.116,0.18,1000,,
1,M2,0.01,cropping+jpeg,0.0,0.0,0.0,0.031998000000000006,0.018,0.048,1000,,
1,M2,0.01,jpeg+cropping,0.0020440000000000002,0.0,0.006,0.016208000000000004,0.006,0.02604999999999995,1000,,
1,M2,0.01,jpeg_q30,0.010214000000000003,0.002,0.02,0.878694,0.848,0.906,1000,,
1,M2,0.01,jpeg_q50,0.0,0.0,0.0,0.92427,0.902,0.946,1000,,
1,M2,0.01,jpeg_q70,0.0,0.0,0.0,0.983856,0.972,0.994,1000,,
1,M2,0.01,jpeg_q90,0.001962,0.0,0.006049999999999955,0.986236,0.976,0.996,1000,,
1,M2,0.01,noise+blurring+jpeg,0.0,0.0,0.0,0.800428,0.764,0.834,1000,,
1,M2,0.01,noise_s001,0.0,0.0,0.0,0.9839680000000001,0.972,0.994,1000,,
1,M2,0.01,noise_s003,0.0020540000000000003,0.0,0.006,0.986058,0.97595,0.994,1000,,
1,M2,0.01,noise_s005,0.0,0.0,0.0,0.966202,0.95,0.98,1000,,
1,M2,0.01,noise_s008,0.0,0.0,0.0,0.8596520000000001,0.828,0.886,1000,,
1,M2,0.01,none,0.0,0.0,0.0,0.987966,0.978,0.996,1000,,
1,M2,0.01,rotation,0.0,0.0,0.0,0.0,0.0,0.0,1000,,
1,M2,0.01,rotation+cropping+jpeg,0.0,0.0,0.0,0.0,0.0,0.0,1000,,
1,M3,0.01,blurring,0.005966000000000001,0.0,0.014,0.991938,0.984,0.998,1000,,
1,M3,0.01,blurring+noise,0.008012,0.002,0.016,0.981986,0.968,0.992,1000,,
1,M3,0.01,cropping,0.0038920000000000005,0.0,0.01,0.298948,0.26,0.342,1000,,
1,M3,0.01,cropping+jpeg,0.003938,0.0,0.01,0.09275400000000002,0.068,0.11804999999999995,1000,,
1,M3,0.01,jpeg+cropping,0.001964,0.0,0.008,0.043608,0.026,0.062,1000,,
1,M3,0.01,jpeg_q30,0.011950000000000002,0.004,0.022,0.930034,0.906,0.952,1000,,
1,M3,0.01,jpeg_q50,0.0,0.0,0.0,0.96245,0.944,0.978,1000,,
1,M3,0.01,jpeg_q70,0.0,0.0,0.0,0.9919459999999999,0.984,0.998,1000,,
1,M3,0.01,jpeg_q90,0.006040000000000001,0.0,0.014,0.993966,0.986,1.0,1000,,
1,M3,0.01,noise+blurring+jpeg,0.0,0.0,0.0,0.861432,0.832,0.892,1000,,
1,M3,0.01,noise_s001,0.003966,0.0,0.01,0.9958319999999998,0.988,1.0,1000,,
1,M3,0.01,noise_s003,0.009918000000000003,0.002,0.02,0.9958060000000001,0.99,1.0,1000,,
1,M3,0.01,noise_s005,0.005982000000000001,0.0,0.014,0.9900399999999999,0.98,0.998,1000,,
1,M3,0.01,noise_s008,0.0020780000000000004,0.0,0.006049999999999955,0.9296,0.906,0.95,1000,,
1,M3,0.01,none,0.002,0.0,0.006,0.9978579999999999,0.992,1.0,1000,,
1,M3,0.01,rotation,0.0,0.0,0.0,0.0,0.0,0.0,1000,,
1,M3,0.01,rotation+cropping+jpeg,0.0,0.0,0.0,0.0,0.0,0.0,1000,,
2,M1,0.05,blurring,0.0,0.0,0.0,0.975838,0.962,0.988,1000,,
2,M1,0.05,blurring+noise,0.0,0.0,0.0,0.919822,0.89595,0.942,1000,,
2,M1,0.05,cropping,0.0,0.0,0.0,0.10973200000000002,0.084,0.138,1000,,
2,M1,0.05,cropping+jpeg,0.0,0.0,0.0,0.023770000000000003,0.012,0.038,1000,,
2,M1,0.05,jpeg+cropping,0.0,0.0,0.0,0.013816000000000002,0.004,0.026,1000,,
2,M1,0.05,jpeg_q30,0.001978,0.0,0.006,0.8203140000000001,0.786,0.858,1000,,
2,M1,0.05,jpeg_q50,0.002008,0.0,0.006,0.9101220000000001,0.88595,0.936,1000,,
2,M1,0.05,jpeg_q70,0.0,0.0,0.0,0.966394,0.95,0.982,1000,,
2,M1,0.05,jpeg_q90,0.0,0.0,0.0,0.9797739999999999,0.966,0.992,1000,,
2,M1,0.05,noise+blurring+jpeg,0.0,0.0,0.0,0.7696280000000001,0.732,0.806,1000,,
2,M1,0.05,noise_s001,0.0,0.0,0.0,0.9781380000000001,0.966,0.99,1000,,
2,M1,0.05,noise_s003,0.0,0.0,0.0,0.9582919999999999,0.94,0.974,1000,,
2,M1,0.05,noise_s005,0.0,0.0,0.0,0.934,0.91395,0.95205,1000,,
2,M1,0.05,noise_s008,0.001988,0.0,0.006,0.826974,0.792,0.862,1000,,
2,M1,0.05,none,0.0,0.0,0.0,0.9818800000000001,0.97,0.992,1000,,
2,M1,0.05,rotation,0.0,0.0,0.0,0.0,0.0,0.0,1000,,
2,M1,0.05,rotation+cropping+jpeg,0.0,0.0,0.0,0.0,0.0,0.0,1000,,
2,M2,0.05,blurring,0.0,0.0,0.0,0.9858640000000001,0.974,0.996,1000,,
2,M2,0.05,blurring+noise,0.001972,0.0,0.006,0.959916,0.942,0.976,1000,,
2,M2,0.05,cropping,0.0,0.0,0.0,0.196298,0.162,0.232,1000,,
2,M2,0.05,cropping+jpeg,0.002014,0.0,0.006,0.06200400000000002,0.042,0.084,1000,,
2,M2,0.05,jpeg+cropping,0.0,0.0,0.0,0.034097999999999996,0.02,0.05,1000,,
2,M2,0.05,jpeg_q30,0.0059700000000000005,0.0,0.014,0.8928140000000001,0.866,0.918,1000,,
2,M2,0.05,jpeg_q50,0.002068,0.0,0.006,0.948456,0.93,0.968,1000,,
2,M2,0.05,jpeg_q70,0.0,0.0,0.0,0.977746,0.964,0.99,1000,,
2,M2,0.05,jpeg_q90,0.0,0.0,0.0,0.99014,0.98,0.998,1000,,
2,M2,0.05,noise+blurring+jpeg,0.0,0.0,0.0,0.8470599999999999,0.814,0.87805,1000,,
2,M2,0.05,noise_s001,0.0,0.0,0.0,0.989972,0.982,0.998,1000,,
2,M2,0.05,noise_s003,0.0,0.0,0.0,0.9760339999999998,0.962,0.98805,1000,,
2,M2,0.05,noise_s005,0.002086,0.0,0.006,0.958128,0.94,0.976,1000,,
2,M2,0.05,noise_s008,0.001978,0.0,0.006,0.893834,0.864,0.92005,1000,,
2,M2,0.05,none,0.0,0.0,0.0,0.991856,0.984,0.998,1000,,
2,M2,0.05,rotation,0.0,0.0,0.0,0.0,0.0,0.0,1000,,
2,M2,0.05,rotation+cropping+jpeg,0.002092,0.0,0.008,0.0018420000000000003,0.0,0.006,1000,,
2,M3,0.05,blurring,0.034016,0.02,0.052,1.0,1.0,1.0,1000,,
2,M3,0.05,blurring+noise,0.07409600000000001,0.05,0.098,0.998048,0.994,1.0,1000,,
2,M3,0.05,cropping,0.034002000000000004,0.018,0.052,0.704252,0.666,0.742,1000,,
2,M3,0.05,cropping+jpeg,0.022010000000000005,0.01,0.036,0.4414040000000001,0.4,0.486,1000,,
2,M3,0.05,jpeg+cropping,0.015878,0.006,0.028,0.31601799999999997,0.274,0.356,1000,,
2,M3,0.05,jpeg_q30,0.029934000000000006,0.016,0.046,0.9879840000000001,0.978,0.996,1000,,
2,M3,0.05,jpeg_q50,0.017864000000000005,0.006,0.03,0.9939560000000001,0.986,1.0,1000,,
2,M3,0.05,jpeg_q70,0.038026000000000004,0.022,0.056,0.9979779999999999,0.994,1.0,1000,,
2,M3,0.05,jpeg_q90,0.042016000000000005,0.026,0.062,1.0,1.0,1.0,1000,,
2,M3,0.05,noise+blurring+jpeg,0.012128000000000002,0.004,0.022,0.9759439999999999,0.962,0.988,1000,,
2,M3,0.05,noise_s001,0.045326000000000005,0.028,0.064,1.0,1.0,1.0,1000,,
2,M3,0.05,noise_s003,0.05153000000000001,0.032,0.072,1.0,1.0,1.0,1000,,
2,M3,0.05,noise_s005,0.06814400000000001,0.047950000000000007,0.092,0.9980239999999999,0.994,1.0,1000,,
2,M3,0.05,noise_s008,0.068052,0.047950000000000007,0.092,0.9942059999999999,0.988,1.0,1000,,
2,M3,0.05,none,0.041620000000000004,0.026,0.06,1.0,1.0,1.0,1000,,
2,M3,0.05,rotation,0.003912,0.0,0.01,0.05402600000000001,0.036,0.074,1000,,
2,M3,0.05,rotation+cropping+jpeg,0.014198000000000002,0.004,0.026,0.03392800000000001,0.02,0.052,1000,,
2,M1,0.1,blurring,0.0,0.0,0.0,0.9757839999999999,0.962,0.99,1000,,
2,M1,0.1,blurring+noise,0.0,0.0,0.0,0.9195099999999999,0.894,0.942,1000,,
2,M1,0.1,cropping,0.0,0.0,0.0,0.11089800000000002,0.084,0.138,1000,,
2,M1,0.1,cropping+jpeg,0.0,0.0,0.0,0.024112,0.012,0.038,1000,,
2,M1,0.1,jpeg+cropping,0.0,0.0,0.0,0.013932000000000002,0.004,0.026,1000,,
2,M1,0.1,jpeg_q30,0.002016,0.0,0.006,0.820568,0.784,0.854,1000,,
2,M1,0.1,jpeg_q50,0.0018900000000000002,0.0,0.006,0.909196,0.882,0.934,1000,,
2,M1,0.1,jpeg_q70,0.0,0.0,0.0,0.965472,0.94995,0.98,1000,,
2,M1,0.1,jpeg_q90,0.0,0.0,0.0,0.979592,0.966,0.992,1000,,
2,M1,0.1,noise+blurring+jpeg,0.0,0.0,0.0,0.769668,0.73,0.804,1000,,
2,M1,0.1,noise_s001,0.0,0.0,0.0,0.977772,0.964,0.99,1000,,
2,M1,0.1,noise_s003,0.0,0.0,0.0,0.9583059999999999,0.94,0.974,1000,,
2,M1,0.1,noise_s005,0.0,0.0,0.0,0.934778,0.912,0.95405,1000,,
2,M1,0.1,noise_s008,0.002216,0.0,0.006049999999999955,0.826376,0.794,0.85605,1000,,
2,M1,0.1,none,0.0,0.0,0.0,0.982038,0.97,0.992,1000,,
2,M1,0.1,rotation,0.0,0.0,0.0,0.0,0.0,0.0,1000,,
2,M1,0.1,rotation+cropping+jpeg,0.0,0.0,0.0,0.0,0.0,0.0,1000,,
2,M2,0.1,blurring,0.0,0.0,0.0,0.985716,0.974,0.994,1000,,
2,M2,0.1,blurring+noise,0.001978,0.0,0.006,0.9594759999999999,0.942,0.976,1000,,
2,M2,0.1,cropping,0.0,0.0,0.0,0.196502,0.16,0.234,1000,,
2,M2,0.1,cropping+jpeg,0.002086,0.0,0.006,0.06211200000000001,0.042,0.084,1000,,
2,M2,0.1,jpeg+cropping,0.0,0.0,0.0,0.033402,0.018,0.05,1000,,
2,M2,0.1,jpeg_q30,0.00589,0.0,0.014,0.8924580000000001,0.864,0.916,1000,,
2,M2,0.1,jpeg_q50,0.002008,0.0,0.006,0.947726,0.928,0.966,1000,,
2,M2,0.1,jpeg_q70,0.0,0.0,0.0,0.9781620000000001,0.96595,0.99,1000,,
2,M2,0.1,jpeg_q90,0.0,0.0,0.0,0.990038,0.982,0.998,1000,,
2,M2,0.1,noise+blurring+jpeg,0.0,0.0,0.0,0.8460599999999999,0.816,0.878,1000,,
2,M2,0.1,noise_s001,0.0,0.0,0.0,0.9899880000000001,0.98,0.998,1000,,
2,M2,0.1,noise_s003,0.0,0.0,0.0,0.97601,0.962,0.988,1000,,
2,M2,0.1,noise_s005,0.00202,0.0,0.006,0.9580120000000001,0.94,0.974,1000,,
2,M2,0.1,noise_s008,0.0019720000000000002,0.0,0.006,0.8934740000000001,0.864,0.92,1000,,
2,M2,0.1,none,0.0,0.0,0.0,0.992192,0.984,0.998,1000,,
2,M2,0.1,rotation,0.0,0.0,0.0,0.0,0.0,0.0,1000,,
2,M2,0.1,rotation+cropping+jpeg,0.0019660000000000003,0.0,0.006,0.002072,0.0,0.008,1000,,
2,M3,0.1,blurring,0.07000400000000001,0.048,0.094,1.0,1.0,1.0,1000,,
2,M3,0.1,blurring+noise,0.125328,0.096,0.156,1.0,1.0,1.0,1000,,
2,M3,0.1,cropping,0.08631,0.062,0.112,0.8420839999999999,0.81,0.874,1000,,
2,M3,0.1,cropping+jpeg,0.06631200000000001,0.048,0.09,0.674624,0.632,0.718,1000,,
2,M3,0.1,jpeg+cropping,0.044108,0.026,0.064,0.5774879999999999,0.534,0.624,1000,,
2,M3,0.1,jpeg_q30,0.059588000000000016,0.04,0.08,0.993938,0.986,1.0,1000,,
2,M3,0.1,jpeg_q50,0.06830800000000001,0.048,0.09004999999999995,1.0,1.0,1.0,1000,,
2,M3,0.1,jpeg_q70,0.068652,0.048,0.094,1.0,1.0,1.0,1000,,
2,M3,0.1,jpeg_q90,0.08604400000000001,0.062,0.114,1.0,1.0,1.0,1000,,
2,M3,0.1,noise+blurring+jpeg,0.045748000000000004,0.03,0.064,0.983692,0.972,0.99205,1000,,
2,M3,0.1,noise_s001,0.08226000000000001,0.06,0.108,1.0,1.0,1.0,1000,,
2,M3,0.1,noise_s003,0.10206800000000002,0.076,0.13004999999999997,1.0,1.0,1.0,1000,,
2,M3,0.1,noise_s005,0.11728400000000003,0.09,0.144,1.0,1.0,1.0,1000,,
2,M3,0.1,noise_s008,0.137084,0.106,0.168,0.997976,0.994,1.0,1000,,
2,M3,0.1,none,0.08780000000000002,0.064,0.114,1.0,1.0,1.0,1000,,
2,M3,0.1,rotation,0.008142,0.002,0.016,0.14535599999999999,0.114,0.178,1000,,
2,M3,0.1,rotation+cropping+jpeg,0.028122000000000005,0.016,0.044,0.09852800000000002,0.074,0.124,1000,,
2,M1,0.01,blurring,0.0,0.0,0.0,0.976108,0.962,0.988,1000,,
2,M1,0.01,blurring+noise,0.0,0.0,0.0,0.920262,0.898,0.944,1000,,
2,M1,0.01,cropping,0.0,0.0,0.0,0.10967400000000002,0.082,0.13604999999999998,1000,,
2,M1,0.01,cropping+jpeg,0.0,0.0,0.0,0.023852000000000005,0.012,0.038,1000,,
2,M1,0.01,jpeg+cropping,0.0,0.0,0.0,0.013914000000000001,0.004,0.026,1000,,
2,M1,0.01,jpeg_q30,0.0020220000000000004,0.0,0.006,0.8201599999999999,0.784,0.854,1000,,
2,M1,0.01,jpeg_q50,0.0018780000000000001,0.0,0.006,0.9099579999999999,0.884,0.934,1000,,
2,M1,0.01,jpeg_q70,0.0,0.0,0.0,0.965812,0.94995,0.982,1000,,
2,M1,0.01,jpeg_q90,0.0,0.0,0.0,0.979662,0.966,0.99,1000,,
2,M1,0.01,noise+blurring+jpeg,0.0,0.0,0.0,0.770624,0.734,0.81,1000,,
2,M1,0.01,noise_s001,0.0,0.0,0.0,0.9778779999999999,0.964,0.99,1000,,
2,M1,0.01,noise_s003,0.0,0.0,0.0,0.958328,0.94,0.974,1000,,
2,M1,0.01,noise_s005,0.0,0.0,0.0,0.933674,0.91,0.954,1000,,
2,M1,0.01,noise_s008,0.002184,0.0,0.006,0.82614,0.792,0.86,1000,,
2,M1,0.01,none,0.0,0.0,0.0,0.98198,0.97,0.992,1000,,
2,M1,0.01,rotation,0.0,0.0,0.0,0.0,0.0,0.0,1000,,
2,M1,0.01,rotation+cropping+jpeg,0.0,0.0,0.0,0.0,0.0,0.0,1000,,
2,M2,0.01,blurring,0.0,0.0,0.0,0.986092,0.974,0.996,1000,,
2,M2,0.01,blurring+noise,0.002,0.0,0.006,0.9596939999999999,0.942,0.976,1000,,
2,M2,0.01,cropping,0.0,0.0,0.0,0.196982,0.162,0.23204999999999998,1000,,
2,M2,0.01,cropping+jpeg,0.0019660000000000003,0.0,0.006,0.06218400000000001,0.04,0.082,1000,,
2,M2,0.01,jpeg+cropping,0.0,0.0,0.0,0.034328000000000004,0.02,0.05,1000,,
2,M2,0.01,jpeg_q30,0.005938000000000001,0.0,0.014,0.892856,0.86395,0.92,1000,,
2,M2,0.01,jpeg_q50,0.001866,0.0,0.006,0.9484559999999999,0.928,0.968,1000,,
2,M2,0.01,jpeg_q70,0.0,0.0,0.0,0.978026,0.964,0.99,1000,,
2,M2,0.01,jpeg_q90,0.0,0.0,0.0,0.989754,0.98,0.998,1000,,
2,M2,0.01,noise+blurring+jpeg,0.0,0.0,0.0,0.846576,0.81595,0.878,1000,,
2,M2,0.01,noise_s001,0.0,0.0,0.0,0.99019,0.98,0.998,1000,,
2,M2,0.01,noise_s003,0.0,0.0,0.0,0.975914,0.962,0.988,1000,,
2,M2,0.01,noise_s005,0.002018,0.0,0.006,0.9578620000000001,0.938,0.976,1000,,
2,M2,0.01,noise_s008,0.001922,0.0,0.006,0.8946360000000001,0.866,0.922,1000,,
2,M2,0.01,none,0.0,0.0,0.0,0.992044,0.982,0.998,1000,,
2,M2,0.01,rotation,0.0,0.0,0.0,0.0,0.0,0.0,1000,,
2,M2,0.01,rotation+cropping+jpeg,0.001988,0.0,0.006,0.0019340000000000002,0.0,0.006,1000,,
2,M3,0.01,blurring,0.0020260000000000005,0.0,0.006,0.994216,0.988,1.0,1000,,
2,M3,0.01,blurring+noise,0.009872000000000002,0.002,0.02,0.9779380000000001,0.96595,0.99,1000,,
2,M3,0.01,cropping,0.0,0.0,0.0,0.285468,0.246,0.326,1000,,
2,M3,0.01,cropping+jpeg,0.003974,0.0,0.01,0.10428800000000002,0.078,0.134,1000,,
2,M3,0.01,jpeg+cropping,0.0019060000000000001,0.0,0.006,0.064232,0.044,0.08604999999999995,1000,,
2,M3,0.01,jpeg_q30,0.00598,0.0,0.012,0.919842,0.896,0.942,1000,,
2,M3,0.01,jpeg_q50,0.0038580000000000008,0.0,0.01,0.953932,0.936,0.972,1000,,
2,M3,0.01,jpeg_q70,0.0,0.0,0.0,0.992026,0.982,0.998,1000,,
2,M3,0.01,jpeg_q90,0.0,0.0,0.0,0.994028,0.986,1.0,1000,,
2,M3,0.01,noise+blurring+jpeg,0.0,0.0,0.0,0.8670180000000001,0.83795,0.896,1000,,
2,M3,0.01,noise_s001,0.0,0.0,0.0,0.996126,0.99,1.0,1000,,
2,M3,0.01,noise_s003,0.005902000000000001,0.0,0.014,0.984086,0.974,0.994,1000,,
2,M3,0.01,noise_s005,0.00383,0.0,0.01,0.9759439999999999,0.962,0.988,1000,,
2,M3,0.01,noise_s008,0.004012000000000001,0.0,0.01,0.9277280000000001,0.90395,0.95,1000,,
2,M3,0.01,none,0.0,0.0,0.0,0.99606,0.99,1.0,1000,,
2,M3,0.01,rotation,0.0,0.0,0.0,0.0,0.0,0.0,1000,,
2,M3,0.01,rotation+cropping+jpeg,0.00203,0.0,0.006,0.002076,0.0,0.006,1000,,
3,M1,0.05,blurring,0.002034,0.0,0.006,0.9898520000000001,0.98,0.998,1000,,
3,M1,0.05,blurring+noise,0.0,0.0,0.0,0.9516079999999999,0.932,0.97,1000,,
3,M1,0.05,cropping,0.002016,0.0,0.008,0.11242400000000002,0.086,0.14,1000,,
3,M1,0.05,cropping+jpeg,0.0020060000000000004,0.0,0.006,0.025678000000000003,0.012,0.04,1000,,
3,M1,0.05,jpeg+cropping,0.001998,0.0,0.006,0.010148,0.002,0.02,1000,,
3,M1,0.05,jpeg_q30,0.0020020000000000003,0.0,0.006,0.872232,0.842,0.902,1000,,
3,M1,0.05,jpeg_q50,0.001972,0.0,0.006,0.938028,0.918,0.958,1000,,
3,M1,0.05,jpeg_q70,0.002,0.0,0.006,0.979852,0.966,0.992,1000,,
3,M1,0.05,jpeg_q90,0.0020800000000000003,0.0,0.006,0.988306,0.978,0.996,1000,,
3,M1,0.05,noise+blurring+jpeg,0.0,0.0,0.0,0.818644,0.784,0.852,1000,,
3,M1,0.05,noise_s001,0.0,0.0,0.0,0.994058,0.986,1.0,1000,,
3,M1,0.05,noise_s003,0.0,0.0,0.0,0.9822439999999999,0.97,0.992,1000,,
3,M1,0.05,noise_s005,0.0,0.0,0.0,0.950106,0.93,0.968,1000,,
3,M1,0.05,noise_s008,0.0,0.0,0.0,0.8560719999999999,0.822,0.886,1000,,
3,M1,0.05,none,0.001978,0.0,0.006,0.989782,0.98,0.998,1000,,
3,M1,0.05,rotation,0.0,0.0,0.0,0.002048,0.0,0.006,1000,,
3,M1,0.05,rotation+cropping+jpeg,0.001886,0.0,0.006,0.0019260000000000002,0.0,0.006,1000,,
3,M2,0.05,blurring,0.007892,0.002,0.016049999999999953,0.9940979999999999,0.988,1.0,1000,,
3,M2,0.05,blurring+noise,0.0,0.0,0.0,0.980136,0.966,0.992,1000,,
3,M2,0.05,cropping,0.002104,0.0,0.006,0.24806799999999998,0.212,0.286,1000,,
3,M2,0.05,cropping+jpeg,0.0020200000000000005,0.0,0.006,0.07169800000000001,0.05,0.094,1000,,
3,M2,0.05,jpeg+cropping,0.0018840000000000003,0.0,0.006,0.04609000000000001,0.03,0.066,1000,,
3,M2,0.05,jpeg_q30,0.0019720000000000002,0.0,0.006,0.9153920000000001,0.89,0.94,1000,,
3,M2,0.05,jpeg_q50,0.0018820000000000002,0.0,0.006,0.966262,0.948,0.982,1000,,
3,M2,0.05,jpeg_q70,0.002014,0.0,0.008,0.989666,0.98,0.998,1000,,
3,M2,0.05,jpeg_q90,0.004084000000000001,0.0,0.01,0.99408,0.986,1.0,1000,,
3,M2,0.05,noise+blurring+jpeg,0.0,0.0,0.0,0.874244,0.844,0.902,1000,,
3,M2,0.05,noise_s001,0.002,0.0,0.006,0.995954,0.99,1.0,1000,,
3,M2,0.05,noise_s003,0.002076,0.0,0.006,0.995898,0.99,1.0,1000,,
3,M2,0.05,noise_s005,0.0020620000000000005,0.0,0.008,0.9861859999999999,0.976,0.996,1000,,
3,M2,0.05,noise_s008,0.001976,0.0,0.006,0.9176179999999999,0.892,0.94,1000,,
3,M2,0.05,none,0.004058,0.0,0.01,0.992062,0.984,0.998,1000,,
3,M2,0.05,rotation,0.002034,0.0,0.006,0.0019280000000000005,0.0,0.006,1000,,
3,M2,0.05,rotation+cropping+jpeg,0.00196,0.0,0.006,0.0020380000000000003,0.0,0.006,1000,,
3,M3,0.05,blurring,0.040358000000000005,0.024,0.058,1.0,1.0,1.0,1000,,
3,M3,0.05,blurring+noise,0.06228400000000001,0.042,0.08404999999999996,0.9979499999999999,0.994,1.0,1000,,
3,M3,0.05,cropping,0.03003,0.016,0.046,0.6728480000000001,0.626,0.714,1000,,
3,M3,0.05,cropping+jpeg,0.015994,0.006,0.028,0.4126680000000001,0.372,0.456,1000,,
3,M3,0.05,jpeg+cropping,0.010114000000000001,0.002,0.02,0.346254,0.30795,0.388,1000,,
3,M3,0.05,jpeg_q30,0.025534000000000005,0.014,0.04,0.9861579999999999,0.974,0.994,1000,,
3,M3,0.05,jpeg_q50,0.01604,0.006,0.028,0.9941220000000001,0.986,1.0,1000,,
3,M3,0.05,jpeg_q70,0.020340000000000004,0.01,0.032,1.0,1.0,1.0,1000,,
3,M3,0.05,jpeg_q90,0.030264000000000003,0.016,0.046,1.0,1.0,1.0,1000,,
3,M3,0.05,noise+blurring+jpeg,0.00809,0.002,0.016,0.9860419999999999,0.976,0.996,1000,,
3,M3,0.05,noise_s001,0.030172000000000004,0.016,0.046,1.0,1.0,1.0,1000,,
3,M3,0.05,noise_s003,0.04806600000000001,0.032,0.06604999999999996,1.0,1.0,1.0,1000,,
3,M3,0.05,noise_s005,0.068552,0.048,0.092,1.0,1.0,1.0,1000,,
3,M3,0.05,noise_s008,0.06390400000000002,0.042,0.086,0.9979759999999999,0.994,1.0,1000,,
3,M3,0.05,none,0.032068,0.018,0.048,1.0,1.0,1.0,1000,,
3,M3,0.05,rotation,0.003826,0.0,0.01,0.021720000000000003,0.01,0.036,1000,,
3,M3,0.05,rotation+cropping+jpeg,0.007880000000000002,0.002,0.016,0.014138000000000001,0.004,0.026,1000,,
3,M1,0.1,blurring,0.002072,0.0,0.006,0.989866,0.98,0.998,1000,,
3,M1,0.1,blurring+noise,0.0,0.0,0.0,0.952472,0.934,0.97005,1000,,
3,M1,0.1,cropping,0.0020700000000000002,0.0,0.006,0.11173800000000003,0.084,0.13804999999999998,1000,,
3,M1,0.1,cropping+jpeg,0.00198,0.0,0.006,0.026358000000000003,0.014,0.04,1000,,
3,M1,0.1,jpeg+cropping,0.0019700000000000004,0.0,0.006,0.010044,0.002,0.02,1000,,
3,M1,0.1,jpeg_q30,0.002132,0.0,0.006,0.87221,0.842,0.9,1000,,
3,M1,0.1,jpeg_q50,0.002076,0.0,0.006,0.938288,0.914,0.958,1000,,
3,M1,0.1,jpeg_q70,0.0020620000000000005,0.0,0.006,0.9797480000000001,0.968,0.99,1000,,
3,M1,0.1,jpeg_q90,0.001958,0.0,0.006,0.987628,0.978,0.996,1000,,
3,M1,0.1,noise+blurring+jpeg,0.0,0.0,0.0,0.81787,0.784,0.852,1000,,
3,M1,0.1,noise_s001,0.0,0.0,0.0,0.994016,0.986,1.0,1000,,
3,M1,0.1,noise_s003,0.0,0.0,0.0,0.9819000000000001,0.97,0.994,1000,,
3,M1,0.1,noise_s005,0.0,0.0,0.0,0.949314,0.93,0.966,1000,,
3,M1,0.1,noise_s008,0.0,0.0,0.0,0.85599,0.82595,0.886,1000,,
3,M1,0.1,none,0.001972,0.0,0.006,0.990146,0.98195,0.998,1000,,
3,M1,0.1,rotation,0.0,0.0,0.0,0.0020700000000000002,0.0,0.006,1000,,
3,M1,0.1,rotation+cropping+jpeg,0.001978,0.0,0.006,0.0018620000000000002,0.0,0.006,1000,,
3,M2,0.1,blurring,0.008150000000000001,0.002,0.016,0.9938980000000001,0.986,1.0,1000,,
3,M2,0.1,blurring+noise,0.0,0.0,0.0,0.980114,0.966,0.992,1000,,
3,M2,0.1,cropping,0.0018980000000000002,0.0,0.006,0.24826800000000002,0.21,0.286,1000,,
3,M2,0.1,cropping+jpeg,0.0020060000000000004,0.0,0.006,0.07278,0.052,0.098,1000,,
3,M2,0.1,jpeg+cropping,0.0019140000000000001,0.0,0.006,0.04608800000000001,0.03,0.066,1000,,
3,M2,0.1,jpeg_q30,0.002072,0.0,0.006,0.915528,0.89195,0.94,1000,,
3,M2,0.1,jpeg_q50,0.0019420000000000001,0.0,0.006,0.9657180000000001,0.95,0.98,1000,,
3,M2,0.1,jpeg_q70,0.002048,0.0,0.006,0.9898340000000001,0.98,0.998,1000,,
3,M2,0.1,jpeg_q90,0.0040620000000000005,0.0,0.01,0.9939840000000001,0.986,1.0,1000,,
3,M2,0.1,noise+blurring+jpeg,0.0,0.0,0.0,0.873204,0.842,0.902,1000,,
3,M2,0.1,noise_s001,0.002024,0.0,0.008,0.9960159999999999,0.99,1.0,1000,,
3,M2,0.1,noise_s003,0.001946,0.0,0.006,0.996154,0.99,1.0,1000,,
3,M2,0.1,noise_s005,0.0019700000000000004,0.0,0.006,0.9859179999999999,0.974,0.996,1000,,
3,M2,0.1,noise_s008,0.0020060000000000004,0.0,0.006,0.918036,0.894,0.942,1000,,
3,M2,0.1,none,0.004042,0.0,0.01,0.992132,0.984,0.998,1000,,
3,M2,0.1,rotation,0.0019340000000000002,0.0,0.006,0.001974,0.0,0.006,1000,,
3,M2,0.1,rotation+cropping+jpeg,0.0018340000000000003,0.0,0.006,0.002058,0.0,0.006,1000,,
3,M3,0.1,blurring,0.078018,0.053950000000000005,0.104,1.0,1.0,1.0,1000,,
3,M3,0.1,blurring+noise,0.150284,0.118,0.18204999999999996,1.0,1.0,1.0,1000,,
3,M3,0.1,cropping,0.07750400000000002,0.054,0.102,0.842524,0.81,0.872,1000,,
3,M3,0.1,cropping+jpeg,0.07026400000000001,0.048,0.094,0.6847880000000001,0.64595,0.724,1000,,
3,M3,0.1,jpeg+cropping,0.036421999999999996,0.02195,0.054,0.632874,0.592,0.678,1000,,
3,M3,0.1,jpeg_q30,0.065682,0.044,0.088,0.996174,0.99,1.0,1000,,
3,M3,0.1,jpeg_q50,0.05224400000000001,0.032,0.074,0.9979079999999999,0.994,1.0,1000,,
3,M3,0.1,jpeg_q70,0.074102,0.052,0.098,1.0,1.0,1.0,1000,,
3,M3,0.1,jpeg_q90,0.09557200000000003,0.072,0.122,1.0,1.0,1.0,1000,,
3,M3,0.1,noise+blurring+jpeg,0.037686000000000004,0.02,0.054,0.998084,0.994,1.0,1000,,
3,M3,0.1,noise_s001,0.093712,0.07,0.122,1.0,1.0,1.0,1000,,
3,M3,0.1,noise_s003,0.13224799999999998,0.10395,0.16,1.0,1.0,1.0,1000,,
3,M3,0.1,noise_s005,0.1477,0.116,0.178,1.0,1.0,1.0,1000,,
3,M3,0.1,noise_s008,0.140756,0.11,0.172,1.0,1.0,1.0,1000,,
3,M3,0.1,none,0.09272800000000002,0.068,0.12,1.0,1.0,1.0,1000,,
3,M3,0.1,rotation,0.009766000000000002,0.002,0.02,0.130052,0.104,0.16,1000,,
3,M3,0.1,rotation+cropping+jpeg,0.020042,0.01,0.032,0.10762600000000001,0.082,0.136,1000,,
3,M1,0.01,blurring,0.002102,0.0,0.006,0.990236,0.98,0.998,1000,,
3,M1,0.01,blurring+noise,0.0,0.0,0.0,0.9519699999999999,0.9339500000000001,0.97,1000,,
3,M1,0.01,cropping,0.002032,0.0,0.006,0.11159200000000001,0.084,0.142,1000,,
3,M1,0.01,cropping+jpeg,0.0021100000000000003,0.0,0.008,0.026476000000000006,0.014,0.042,1000,,
3,M1,0.01,jpeg+cropping,0.0019060000000000001,0.0,0.006,0.010048000000000001,0.002,0.02,1000,,
3,M1,0.01,jpeg_q30,0.001988,0.0,0.006,0.8710119999999999,0.84,0.9,1000,,
3,M1,0.01,jpeg_q50,0.001894,0.0,0.006,0.93749,0.914,0.958,1000,,
3,M1,0.01,jpeg_q70,0.0019320000000000001,0.0,0.006,0.9798359999999999,0.966,0.992,1000,,
3,M1,0.01,jpeg_q90,0.002112,0.0,0.008,0.987946,0.978,0.996,1000,,
3,M1,0.01,noise+blurring+jpeg,0.0,0.0,0.0,0.817502,0.784,0.85205,1000,,
3,M1,0.01,noise_s001,0.0,0.0,0.0,0.9938419999999999,0.986,1.0,1000,,
3,M1,0.01,noise_s003,0.0,0.0,0.0,0.9818,0.97,0.992,1000,,
3,M1,0.01,noise_s005,0.0,0.0,0.0,0.9503060000000001,0.932,0.968,1000,,
3,M1,0.01,noise_s008,0.0,0.0,0.0,0.8562519999999999,0.828,0.88405,1000,,
3,M1,0.01,none,0.0020440000000000002,0.0,0.006,0.98992,0.98,0.998,1000,,
3,M1,0.01,rotation,0.0,0.0,0.0,0.0020940000000000004,0.0,0.006,1000,,
3,M1,0.01,rotation+cropping+jpeg,0.001994,0.0,0.006,0.0020920000000000005,0.0,0.006,1000,,
3,M2,0.01,blurring,0.008164000000000001,0.002,0.016,0.993984,0.986,1.0,1000,,
3,M2,0.01,blurring+noise,0.0,0.0,0.0,0.980238,0.966,0.992,1000,,
3,M2,0.01,cropping,0.002008,0.0,0.006,0.24815600000000002,0.21,0.284,1000,,
3,M2,0.01,cropping+jpeg,0.001998,0.0,0.006,0.071912,0.05,0.096,1000,,
3,M2,0.01,jpeg+cropping,0.002112,0.0,0.006,0.04625400000000001,0.028,0.066,1000,,
3,M2,0.01,jpeg_q30,0.002086,0.0,0.006,0.9155979999999999,0.892,0.938,1000,,
3,M2,0.01,jpeg_q50,0.0020020000000000003,0.0,0.006,0.9662259999999999,0.95,0.982,1000,,
3,M2,0.01,jpeg_q70,0.002008,0.0,0.006,0.989826,0.98,0.998,1000,,
3,M2,0.01,jpeg_q90,0.00395,0.0,0.01,0.9941,0.986,1.0,1000,,
3,M2,0.01,noise+blurring+jpeg,0.0,0.0,0.0,0.874048,0.844,0.90205,1000,,
3,M2,0.01,noise_s001,0.00194,0.0,0.006,0.9960460000000001,0.99,1.0,1000,,
3,M2,0.01,noise_s003,0.001936,0.0,0.006,0.9961639999999999,0.99,1.0,1000,,
3,M2,0.01,noise_s005,0.001974,0.0,0.006,0.985802,0.974,0.99405,1000,,
3,M2,0.01,noise_s008,0.001866,0.0,0.006,0.9178140000000001,0.894,0.94,1000,,
3,M2,0.01,none,0.003982,0.0,0.01,0.992126,0.984,0.998,1000,,
3,M2,0.01,rotation,0.002046,0.0,0.006,0.001974,0.0,0.008,1000,,
3,M2,0.01,rotation+cropping+jpeg,0.00198,0.0,0.006,0.002074,0.0,0.008,1000,,
3,M3,0.01,blurring,0.015978,0.006,0.02604999999999995,0.997986,0.994,1.0,1000,,
3,M3,0.01,blurring+noise,0.035748,0.02,0.052,0.994,0.986,1.0,1000,,
3,M3,0.01,cropping,0.007922,0.002,0.016,0.530974,0.482,0.574,1000,,
3,M3,0.01,cropping+jpeg,0.0059640000000000006,0.0,0.014,0.234022,0.198,0.272,1000,,
3,M3,0.01,jpeg+cropping,0.003904,0.0,0.01,0.15272799999999997,0.122,0.186,1000,,
3,M3,0.01,jpeg_q30,0.012096,0.004,0.024,0.9641559999999999,0.946,0.98,1000,,
3,M3,0.01,jpeg_q50,0.008048000000000001,0.002,0.016,0.9859220000000001,0.974,0.996,1000,,
3,M3,0.01,jpeg_q70,0.006176000000000001,0.0,0.014,1.0,1.0,1.0,1000,,
3,M3,0.01,jpeg_q90,0.018064,0.008,0.032,1.0,1.0,1.0,1000,,
3,M3,0.01,noise+blurring+jpeg,0.004182,0.0,0.01,0.94801,0.928,0.966,1000,,
3,M3,0.01,noise_s001,0.016144000000000002,0.006,0.028,1.0,1.0,1.0,1000,,
3,M3,0.01,noise_s003,0.024184000000000004,0.012,0.038,1.0,1.0,1.0,1000,,
3,M3,0.01,noise_s005,0.021634000000000004,0.01,0.036,1.0,1.0,1.0,1000,,
3,M3,0.01,noise_s008,0.021950000000000004,0.01,0.036,0.9857819999999999,0.974,0.996,1000,,
3,M3,0.01,none,0.014158,0.004,0.026,1.0,1.0,1.0,1000,,
3,M3,0.01,rotation,0.00391,0.0,0.01,0.011964000000000002,0.004,0.022,1000,,
3,M3,0.01,rotation+cropping+jpeg,0.002124,0.0,0.006,0.003982,0.0,0.01,1000,,
4,M1,0.05,blurring,0.0,0.0,0.0,0.980012,0.966,0.992,1000,,
4,M1,0.05,blurring+noise,0.0,0.0,0.0,0.92999,0.908,0.952,1000,,
4,M1,0.05,cropping,0.0,0.0,0.0,0.12372200000000001,0.094,0.152,1000,,
4,M1,0.05,cropping+jpeg,0.0,0.0,0.0,0.021910000000000002,0.01,0.036,1000,,
4,M1,0.05,jpeg+cropping,0.0,0.0,0.0,0.008244,0.002,0.018,1000,,
4,M1,0.05,jpeg_q30,0.003982,0.0,0.01,0.8404680000000001,0.81,0.872,1000,,
4,M1,0.05,jpeg_q50,0.0,0.0,0.0,0.9062960000000001,0.878,0.932,1000,,
4,M1,0.05,jpeg_q70,0.0,0.0,0.0,0.974472,0.96,0.988,1000,,
4,M1,0.05,jpeg_q90,0.0,0.0,0.0,0.98792,0.978,0.996,1000,,
4,M1,0.05,noise+blurring+jpeg,0.0,0.0,0.0,0.779732,0.74,0.814,1000,,
4,M1,0.05,noise_s001,0.0,0.0,0.0,0.982124,0.97,0.992,1000,,
4,M1,0.05,noise_s003,0.0,0.0,0.0,0.97581,0.96,0.988,1000,,
4,M1,0.05,noise_s005,0.0,0.0,0.0,0.9497599999999999,0.93,0.966,1000,,
4,M1,0.05,noise_s008,0.0,0.0,0.0,0.8172719999999999,0.784,0.852,1000,,
4,M1,0.05,none,0.0,0.0,0.0,0.97974,0.966,0.992,1000,,
4,M1,0.05,rotation,0.0,0.0,0.0,0.0,0.0,0.0,1000,,
4,M1,0.05,rotation+cropping+jpeg,0.0,0.0,0.0,0.0,0.0,0.0,1000,,
4,M2,0.05,blurring,0.0,0.0,0.0,0.9858620000000001,0.974,0.99405,1000,,
4,M2,0.05,blurring+noise,0.0,0.0,0.0,0.967692,0.952,0.982,1000,,
4,M2,0.05,cropping,0.0,0.0,0.0,0.256114,0.22,0.2900499999999999,1000,,
4,M2,0.05,cropping+jpeg,0.002028,0.0,0.006,0.074008,0.052,0.096,1000,,
4,M2,0.05,jpeg+cropping,0.0,0.0,0.0,0.03641200000000001,0.02,0.054,1000,,
4,M2,0.05,jpeg_q30,0.007994000000000001,0.002,0.016,0.8865120000000001,0.858,0.914,1000,,
4,M2,0.05,jpeg_q50,0.0,0.0,0.0,0.958406,0.94,0.974,1000,,
4,M2,0.05,jpeg_q70,0.0,0.0,0.0,0.989912,0.98,0.998,1000,,
4,M2,0.05,jpeg_q90,0.0,0.0,0.0,0.9898800000000001,0.98,0.998,1000,,
4,M2,0.05,noise+blurring+jpeg,0.0,0.0,0.0,0.8296880000000001,0.798,0.862,1000,,
4,M2,0.05,noise_s001,0.0,0.0,0.0,0.9920540000000001,0.984,0.998,1000,,
4,M2,0.05,noise_s003,0.0,0.0,0.0,0.992082,0.984,0.998,1000,,
4,M2,0.05,noise_s005,0.002036,0.0,0.006,0.9820420000000001,0.96995,0.992,1000,,
4,M2,0.05,noise_s008,0.006044000000000001,0.0,0.014,0.8966259999999999,0.86995,0.92,1000,,
4,M2,0.05,none,0.0,0.0,0.0,0.991986,0.984,0.998,1000,,
4,M2,0.05,rotation,0.0,0.0,0.0,0.0,0.0,0.0,1000,,
4,M2,0.05,rotation+cropping+jpeg,0.0,0.0,0.0,0.0,0.0,0.0,1000,,
4,M3,0.05,blurring,0.025830000000000006,0.012,0.04,1.0,1.0,1.0,1000,,
4,M3,0.05,blurring+noise,0.06814400000000001,0.046,0.092,0.9979219999999999,0.994,1.0,1000,,
4,M3,0.05,cropping,0.033836,0.02,0.05,0.657576,0.616,0.698,1000,,
4,M3,0.05,cropping+jpeg,0.017646000000000002,0.006,0.03,0.41138800000000003,0.366,0.456,1000,,
4,M3,0.05,jpeg+cropping,0.018276,0.008,0.03,0.309342,0.27,0.352,1000,,
4,M3,0.05,jpeg_q30,0.028004000000000005,0.014,0.044,0.986068,0.974,0.996,1000,,
4,M3,0.05,jpeg_q50,0.008004,0.002,0.016,1.0,1.0,1.0,1000,,
4,M3,0.05,jpeg_q70,0.023826000000000003,0.012,0.038,0.9979979999999998,0.994,1.0,1000,,
4,M3,0.05,jpeg_q90,0.025952000000000006,0.012,0.04,1.0,1.0,1.0,1000,,
4,M3,0.05,noise+blurring+jpeg,0.008138,0.002,0.016,0.962264,0.944,0.978,1000,,
4,M3,0.05,noise_s001,0.035662000000000006,0.02,0.054,1.0,1.0,1.0,1000,,
4,M3,0.05,noise_s003,0.05820400000000001,0.04,0.07804999999999995,0.997898,0.994,1.0,1000,,
4,M3,0.05,noise_s005,0.061932000000000015,0.04195000000000001,0.086,0.99796,0.994,1.0,1000,,
4,M3,0.05,noise_s008,0.05180400000000001,0.032,0.072,0.993908,0.986,1.0,1000,,
4,M3,0.05,none,0.029830000000000006,0.016,0.046,1.0,1.0,1.0,1000,,
4,M3,0.05,rotation,0.0,0.0,0.0,0.025874,0.012,0.04,1000,,
4,M3,0.05,rotation+cropping+jpeg,0.0,0.0,0.0,0.02006,0.01,0.034,1000,,
4,M1,0.1,blurring,0.0,0.0,0.0,0.979928,0.968,0.992,1000,,
4,M1,0.1,blurring+noise,0.0,0.0,0.0,0.9296960000000001,0.908,0.95005,1000,,
4,M1,0.1,cropping,0.0,0.0,0.0,0.12372400000000001,0.096,0.152,1000,,
4,M1,0.1,cropping+jpeg,0.0,0.0,0.0,0.022240000000000003,0.01,0.036,1000,,
4,M1,0.1,jpeg+cropping,0.0,0.0,0.0,0.007942,0.002,0.016,1000,,
4,M1,0.1,jpeg_q30,0.003982,0.0,0.01,0.8420059999999999,0.81,0.87205,1000,,
4,M1,0.1,jpeg_q50,0.0,0.0,0.0,0.9054920000000001,0.88,0.932,1000,,
4,M1,0.1,jpeg_q70,0.0,0.0,0.0,0.974134,0.96,0.98605,1000,,
4,M1,0.1,jpeg_q90,0.0,0.0,0.0,0.9882340000000001,0.978,0.998,1000,,
4,M1,0.1,noise+blurring+jpeg,0.0,0.0,0.0,0.7798240000000001,0.742,0.814,1000,,
4,M1,0.1,noise_s001,0.0,0.0,0.0,0.982084,0.97,0.992,1000,,
4,M1,0.1,noise_s003,0.0,0.0,0.0,0.9759,0.962,0.98805,1000,,
4,M1,0.1,noise_s005,0.0,0.0,0.0,0.9499099999999999,0.93,0.968,1000,,
4,M1,0.1,noise_s008,0.0,0.0,0.0,0.816194,0.782,0.85,1000,,
4,M1,0.1,none,0.0,0.0,0.0,0.980006,0.968,0.992,1000,,
4,M1,0.1,rotation,0.0,0.0,0.0,0.0,0.0,0.0,1000,,
4,M1,0.1,rotation+cropping+jpeg,0.0,0.0,0.0,0.0,0.0,0.0,1000,,
4,M2,0.1,blurring,0.0,0.0,0.0,0.985992,0.97595,0.996,1000,,
4,M2,0.1,blurring+noise,0.0,0.0,0.0,0.9681759999999999,0.952,0.984,1000,,
4,M2,0.1,cropping,0.0,0.0,0.0,0.256288,0.22,0.29,1000,,
4,M2,0.1,cropping+jpeg,0.002004,0.0,0.006049999999999955,0.07471200000000001,0.052,0.098,1000,,
4,M2,0.1,jpeg+cropping,0.0,0.0,0.0,0.036396,0.022,0.054,1000,,
4,M2,0.1,jpeg_q30,0.007986,0.002,0.016,0.8858980000000001,0.856,0.91205,1000,,
4,M2,0.1,jpeg_q50,0.0,0.0,0.0,0.9580299999999999,0.94,0.974,1000,,
4,M2,0.1,jpeg_q70,0.0,0.0,0.0,0.9901099999999999,0.98,0.998,1000,,
4,M2,0.1,jpeg_q90,0.0,0.0,0.0,0.9899819999999999,0.98195,0.998,1000,,
4,M2,0.1,noise+blurring+jpeg,0.0,0.0,0.0,0.8303879999999999,0.796,0.86405,1000,,
4,M2,0.1,noise_s001,0.0,0.0,0.0,0.992132,0.984,0.998,1000,,
4,M2,0.1,noise_s003,0.0,0.0,0.0,0.9917840000000001,0.984,0.998,1000,,
4,M2,0.1,noise_s005,0.0019060000000000001,0.0,0.006,0.981808,0.97,0.992,1000,,
4,M2,0.1,noise_s008,0.006130000000000001,0.0,0.014,0.8958019999999999,0.868,0.92,1000,,
4,M2,0.1,none,0.0,0.0,0.0,0.9918420000000001,0.984,0.998,1000,,
4,M2,0.1,rotation,0.0,0.0,0.0,0.0,0.0,0.0,1000,,
4,M2,0.1,rotation+cropping+jpeg,0.0,0.0,0.0,0.0,0.0,0.0,1000,,
4,M3,0.1,blurring,0.05144600000000001,0.032,0.072,1.0,1.0,1.0,1000,,
4,M3,0.1,blurring+noise,0.10405800000000003,0.08,0.13,1.0,1.0,1.0,1000,,
4,M3,0.1,cropping,0.05792000000000001,0.038,0.08,0.787042,0.752,0.824,1000,,
4,M3,0.1,cropping+jpeg,0.044042000000000005,0.026,0.062,0.6156759999999999,0.568,0.658,1000,,
4,M3,0.1,jpeg+cropping,0.029456000000000003,0.016,0.046,0.523606,0.482,0.568,1000,,
4,M3,0.1,jpeg_q30,0.041878000000000005,0.024,0.06,0.996086,0.99,1.0,1000,,
4,M3,0.1,jpeg_q50,0.041918000000000004,0.024,0.06,1.0,1.0,1.0,1000,,
4,M3,0.1,jpeg_q70,0.05225600000000002,0.034,0.072,1.0,1.0,1.0,1000,,
4,M3,0.1,jpeg_q90,0.05984600000000002,0.04,0.082,1.0,1.0,1.0,1000,,
4,M3,0.1,noise+blurring+jpeg,0.021852000000000003,0.01,0.036,0.986444,0.976,0.996,1000,,
4,M3,0.1,noise_s001,0.06479,0.044,0.088,1.0,1.0,1.0,1000,,
4,M3,0.1,noise_s003,0.09188,0.066,0.12,1.0,1.0,1.0,1000,,
4,M3,0.1,noise_s005,0.10219400000000002,0.076,0.13,1.0,1.0,1.0,1000,,
4,M3,0.1,noise_s008,0.10262000000000003,0.07795,0.13,0.997964,0.992,1.0,1000,,
4,M3,0.1,none,0.06399400000000001,0.044,0.088,1.0,1.0,1.0,1000,,
4,M3,0.1,rotation,0.0,0.0,0.0,0.08230200000000001,0.06,0.106,1000,,
4,M3,0.1,rotation+cropping+jpeg,0.006102000000000001,0.0,0.014,0.06994800000000001,0.048,0.094,1000,,
4,M1,0.01,blurring,0.0,0.0,0.0,0.980014,0.966,0.992,1000,,
4,M1,0.01,blurring+noise,0.0,0.0,0.0,0.930474,0.908,0.952,1000,,
4,M1,0.01,cropping,0.0,0.0,0.0,0.12341200000000002,0.096,0.154,1000,,
4,M1,0.01,cropping+jpeg,0.0,0.0,0.0,0.021926,0.01,0.036,1000,,
4,M1,0.01,jpeg+cropping,0.0,0.0,0.0,0.008018,0.002,0.018,1000,,
4,M1,0.01,jpeg_q30,0.0038660000000000005,0.0,0.01,0.8428340000000001,0.812,0.87205,1000,,
4,M1,0.01,jpeg_q50,0.0,0.0,0.0,0.906564,0.88,0.93005,1000,,
4,M1,0.01,jpeg_q70,0.0,0.0,0.0,0.974042,0.958,0.986,1000,,
4,M1,0.01,jpeg_q90,0.0,0.0,0.0,0.9879000000000001,0.978,0.996,1000,,
4,M1,0.01,noise+blurring+jpeg,0.0,0.0,0.0,0.77814,0.742,0.8140999999999998,1000,,
4,M1,0.01,noise_s001,0.0,0.0,0.0,0.982154,0.97,0.992,1000,,
4,M1,0.01,noise_s003,0.0,0.0,0.0,0.9757239999999999,0.962,0.988,1000,,
4,M1,0.01,noise_s005,0.0,0.0,0.0,0.9501299999999999,0.93,0.968,1000,,
4,M1,0.01,noise_s008,0.0,0.0,0.0,0.816814,0.784,0.848,1000,,
4,M1,0.01,none,0.0,0.0,0.0,0.979688,0.964,0.99,1000,,
4,M1,0.01,rotation,0.0,0.0,0.0,0.0,0.0,0.0,1000,,
4,M1,0.01,rotation+cropping+jpeg,0.0,0.0,0.0,0.0,0.0,0.0,1000,,
4,M2,0.01,blurring,0.0,0.0,0.0,0.9861559999999999,0.976,0.996,1000,,
4,M2,0.01,blurring+noise,0.0,0.0,0.0,0.9684640000000001,0.954,0.982,1000,,
4,M2,0.01,cropping,0.0,0.0,0.0,0.25640999999999997,0.218,0.2940499999999999,1000,,
4,M2,0.01,cropping+jpeg,0.0021500000000000004,0.0,0.008,0.07460800000000001,0.052,0.098,1000,,
4,M2,0.01,jpeg+cropping,0.0,0.0,0.0,0.036416000000000004,0.02,0.054,1000,,
4,M2,0.01,jpeg_q30,0.00807,0.002,0.016,0.886262,0.856,0.914,1000,,
4,M2,0.01,jpeg_q50,0.0,0.0,0.0,0.9576199999999999,0.94,0.976,1000,,
4,M2,0.01,jpeg_q70,0.0,0.0,0.0,0.9899560000000001,0.98,0.998,1000,,
4,M2,0.01,jpeg_q90,0.0,0.0,0.0,0.9900119999999999,0.98,0.998,1000,,
4,M2,0.01,noise+blurring+jpeg,0.0,0.0,0.0,0.8304459999999999,0.796,0.862,1000,,
4,M2,0.01,noise_s001,0.0,0.0,0.0,0.9919659999999999,0.984,0.998,1000,,
4,M2,0.01,noise_s003,0.0,0.0,0.0,0.991882,0.982,0.998,1000,,
4,M2,0.01,noise_s005,0.0020060000000000004,0.0,0.006,0.981928,0.97,0.992,1000,,
4,M2,0.01,noise_s008,0.006086,0.0,0.014,0.8964880000000001,0.868,0.924,1000,,
4,M2,0.01,none,0.0,0.0,0.0,0.991952,0.984,0.998,1000,,
4,M2,0.01,rotation,0.0,0.0,0.0,0.0,0.0,0.0,1000,,
4,M2,0.01,rotation+cropping+jpeg,0.0,0.0,0.0,0.0,0.0,0.0,1000,,
4,M3,0.01,blurring,0.0,0.0,0.0,0.992024,0.984,0.998,1000,,
4,M3,0.01,blurring+noise,0.003904000000000001,0.0,0.01,0.978358,0.964,0.99,1000,,
4,M3,0.01,cropping,0.004058000000000001,0.0,0.012,0.307784,0.268,0.348,1000,,
4,M3,0.01,cropping+jpeg,0.0040739999999999995,0.0,0.01,0.12100200000000001,0.094,0.15,1000,,
4,M3,0.01,jpeg+cropping,0.0,0.0,0.0,0.06622400000000002,0.045950000000000005,0.09,1000,,
4,M3,0.01,jpeg_q30,0.008078,0.002,0.016,0.9087560000000001,0.884,0.932,1000,,
4,M3,0.01,jpeg_q50,0.0,0.0,0.0,0.9762079999999999,0.962,0.988,1000,,
4,M3,0.01,jpeg_q70,0.00193,0.0,0.006,0.990066,0.98195,0.998,1000,,
4,M3,0.01,jpeg_q90,0.00199,0.0,0.006049999999999955,0.995924,0.99,1.0,1000,,
4,M3,0.01,noise+blurring+jpeg,0.0,0.0,0.0,0.875788,0.846,0.904,1000,,
4,M3,0.01,noise_s001,0.0,0.0,0.0,0.99211,0.984,0.998,1000,,
4,M3,0.01,noise_s003,0.003940000000000001,0.0,0.01,0.997924,0.994,1.0,1000,,
4,M3,0.01,noise_s005,0.010186000000000002,0.002,0.02,0.9940019999999999,0.988,1.0,1000,,
4,M3,0.01,noise_s008,0.012438000000000003,0.004,0.022,0.9380299999999999,0.916,0.958,1000,,
4,M3,0.01,none,0.002046,0.0,0.006,0.9938779999999999,0.986,1.0,1000,,
4,M3,0.01,rotation,0.0,0.0,0.0,0.0,0.0,0.0,1000,,
4,M3,0.01,rotation+cropping+jpeg,0.0,0.0,0.0,0.00396,0.0,0.01,1000,,
all,M1,0.01,blurring,0.0012192,0.0,0.0036000000000000003,0.9820916000000001,0.9699899999999999,0.9924,1000,0.0011151274366636309,0.005160021201506831
all,M1,0.01,blurring+noise,0.0,0.0,0.0,0.9321372,0.9103899999999999,0.9536,1000,0.0,0.013377067959758555
all,M1,0.01,cropping,0.0008172,0.0,0.0024000000000000002,0.11330440000000001,0.08599000000000001,0.14162,1000,0.001119024217789767,0.011934429890028263
all,M1,0.01,cropping+jpeg,0.000808,0.0,0.0028,0.026875200000000005,0.014000000000000002,0.041999999999999996,1000,0.0011082283158266623,0.007612637204018068
all,M1,0.01,jpeg+cropping,0.0007668000000000001,0.0,0.0024000000000000002,0.0112256,0.0028,0.022,1000,0.0010500129523010658,0.00262862602893603
all,M1,0.01,jpeg_q30,0.0031656,0.0,0.008400000000000001,0.8420023999999999,0.8092,0.8732099999999999,1000,0.0017733315538838196,0.018844459206886252
all,M1,0.01,jpeg_q50,0.0015332000000000002,0.0,0.004399999999999999,0.9103928,0.8844,0.93401,1000,0.0016220237976059418,0.015893665127968457
all,M1,0.01,jpeg_q70,0.0003864,0.0,0.0012000000000000001,0.9748083999999999,0.95999,0.9875999999999999,1000,0.0008640166665059188,0.005470616308972846
all,M1,0.01,jpeg_q90,0.0008240000000000001,0.0,0.0028,0.9854516,0.9743999999999999,0.9944,1000,0.0011289074364180616,0.0037303027759151425
all,M1,0.01,noise+blurring+jpeg,0.0,0.0,0.0,0.7788991999999999,0.7424,0.81523,1000,0.0,0.02235061898919134
all,M1,0.01,noise_s001,0.0,0.0,0.0,0.9830648,0.9715999999999999,0.9932000000000001,1000,0.0,0.006246118730859976
all,M1,0.01,noise_s003,0.0,0.0,0.0,0.9723172,0.9571999999999999,0.9852000000000001,1000,0.0,0.008649373110231753
all,M1,0.01,noise_s005,0.0004032,0.0,0.0012000000000000001,0.9440576,0.9228,0.9632,1000,0.0009015826085279153,0.006883430598182855
all,M1,0.01,noise_s008,0.0008276000000000001,0.0,0.0028,0.8335404000000001,0.8012,0.86521,1000,0.0011361517504277323,0.01610770948334984
all,M1,0.01,none,0.0008044,0.0,0.0024000000000000002,0.9844048000000001,0.9724,0.994,1000,0.001101717205093939,0.0039280645615875605
all,M1,0.01,rotation,0.0,0.0,0.0,0.0004188000000000001,0.0,0.0012000000000000001,1000,0.0,0.0009364652689769121
all,M1,0.01,rotation+cropping+jpeg,0.00039880000000000004,0.0,0.0012000000000000001,0.0004184000000000001,0.0,0.0012000000000000001,1000,0.0008917439094269162,0.0009355708417859123
all,M1,0.05,blurring,0.0011972,0.0,0.0036000000000000003,0.9819736000000001,0.9696,0.9924099999999999,1000,0.0010937637770560879,0.005089879252005921
all,M1,0.05,blurring+noise,0.0,0.0,0.0,0.9319635999999999,0.90998,0.9527999999999999,1000,0.0,0.013282149931392812
all,M1,0.05,cropping,0.0007991999999999999,0.0,0.0028,0.11375800000000003,0.0868,0.1424,1000,0.0010944236839542537,0.012338842490282454
all,M1,0.05,cropping+jpeg,0.0007908000000000001,0.0,0.0024000000000000002,0.026681600000000007,0.013600000000000001,0.0412,1000,0.001083041642782031,0.007557093409506065
all,M1,0.05,jpeg+cropping,0.0007944,0.0,0.0024000000000000002,0.011174800000000002,0.0028,0.0216,1000,0.0010878100937204067,0.0026234738801825335
all,M1,0.05,jpeg_q30,0.0031772000000000007,0.0,0.008009999999999991,0.8417232,0.8103899999999999,0.87401,1000,0.0017716763812841215,0.01933201048003023
all,M1,0.05,jpeg_q50,0.0015784,0.0,0.004399999999999999,0.9104156,0.88479,0.9352,1000,0.0016407208172020003,0.016214720682145564
all,M1,0.05,jpeg_q70,0.0004,0.0,0.0012000000000000001,0.9749523999999999,0.9607899999999999,0.9879999999999999,1000,0.0008944271909999159,0.005174968869471569
all,M1,0.05,jpeg_q90,0.0008276000000000001,0.0,0.0024000000000000002,0.9855924,0.9743999999999999,0.9948,1000,0.0011332646645863444,0.0036635462055227552
all,M1,0.05,noise+blurring+jpeg,0.0,0.0,0.0,0.7795440000000001,0.742,0.8148,1000,0.0,0.022691002974747524
all,M1,0.05,noise_s001,0.0,0.0,0.0,0.9833000000000001,0.9719899999999999,0.9932000000000001,1000,0.0,0.006225312682909964
all,M1,0.05,noise_s003,0.0,0.0,0.0,0.9723976000000001,0.9568,0.9852000000000001,1000,0.0,0.008812448626800607
all,M1,0.05,noise_s005,0.00040480000000000003,0.0,0.0012000000000000001,0.9440035999999999,0.92398,0.96241,1000,0.000905160317291915,0.00657371879532426
all,M1,0.05,noise_s008,0.000792,0.0,0.0024000000000000002,0.8335208,0.7996000000000001,0.8664,1000,0.0010845054172294393,0.015697705475641997
all,M1,0.05,none,0.0007744000000000001,0.0,0.0024000000000000002,0.9843216,0.9728,0.9944,1000,0.0010608066741871491,0.003875650500238621
all,M1,0.05,rotation,0.0,0.0,0.0,0.0004096,0.0,0.0012000000000000001,1000,0.0,0.0009158934435839138
all,M1,0.05,rotation+cropping+jpeg,0.0003772,0.0,0.0012000000000000001,0.00038520000000000004,0.0,0.0012000000000000001,1000,0.0008434448411129207,0.000861333384932919
all,M1,0.1,blurring,0.0012056,0.0,0.0036000000000000003,0.9819355999999999,0.97,0.9928000000000001,1000,0.001101299595932006,0.005121163422504744
all,M1,0.1,blurring+noise,0.0,0.0,0.0,0.9321164,0.9096,0.95283,1000,0.0,0.01370187880547772
all,M1,0.1,cropping,0.0008271999999999999,0.0,0.0024000000000000002,0.11359360000000003,0.08600000000000001,0.14121,1000,0.0011326911317742362,0.012299065525477935
all,M1,0.1,cropping+jpeg,0.0007968,0.0,0.0024000000000000002,0.026932,0.014000000000000002,0.04120999999999999,1000,0.0010910963293861821,0.007459648383134421
all,M1,0.1,jpeg+cropping,0.0008044,0.0,0.0024000000000000002,0.0112492,0.0028,0.0212,1000,0.001101851532648569,0.00272408795746393
all,M1,0.1,jpeg_q30,0.0032816,0.0,0.008400000000000001,0.8422688,0.8103899999999999,0.8732200000000001,1000,0.0018401953157205896,0.019119294056005334
all,M1,0.1,jpeg_q50,0.0016108000000000003,0.0,0.004399999999999999,0.9104331999999999,0.884,0.9348000000000001,1000,0.0017044234215710607,0.016103894038399555
all,M1,0.1,jpeg_q70,0.0004124000000000001,0.0,0.0012000000000000001,0.9747199999999999,0.96039,0.98681,1000,0.0009221544339209134,0.005571521336224069
all,M1,0.1,jpeg_q90,0.0007756,0.0,0.0024000000000000002,0.9854936000000001,0.9743999999999999,0.9952,1000,0.0010621190140469193,0.0037317538504033137
all,M1,0.1,noise+blurring+jpeg,0.0,0.0,0.0,0.779542,0.7428,0.8144,1000,0.0,0.022265599205949966
all,M1,0.1,noise_s001,0.0,0.0,0.0,0.9832483999999999,0.9715999999999999,0.9932000000000001,1000,0.0,0.006276578112315677
all,M1,0.1,noise_s003,0.0,0.0,0.0,0.9723976000000001,0.9571999999999999,0.98561,1000,0.0,0.008701526004098445
all,M1,0.1,noise_s005,0.000432,0.0,0.0016,0.9440819999999999,0.9232000000000001,0.96241,1000,0.0009659813662799092,0.006135360462108146
all,M1,0.1,noise_s008,0.000854,0.0,0.002809999999999991,0.8334948000000001,0.8007799999999999,0.86441,1000,0.0011707894772332043,0.016249954129166026
all,M1,0.1,none,0.0007884000000000001,0.0,0.0024000000000000002,0.9843563999999999,0.97319,0.9944,1000,0.0010795613924182356,0.00389630245232577
all,M1,0.1,rotation,0.0,0.0,0.0,0.00041400000000000003,0.0,0.0012000000000000001,1000,0.0,0.000925732142684913
all,M1,0.1,rotation+cropping+jpeg,0.0003956,0.0,0.0012000000000000001,0.00037240000000000005,0.0,0.0012000000000000001,1000,0.0008845884918989168,0.0008327117148209218
all,M2,0.01,blurring,0.0028208000000000005,0.0004,0.0064,0.9885016,0.9783999999999999,0.9972,1000,0.003399378060763469,0.00354901603264908
all,M2,0.01,blurring+noise,0.0024152,0.0004,0.0056,0.9656748,0.9491999999999999,0.9800000000000001,1000,0.0032878082669158194,0.00989503032840225
all,M2,0.01,cropping,0.000796,0.0,0.0024000000000000002,0.2109944,0.176,0.24642,1000,0.001090042201017924,0.043667235483827005
all,M2,0.01,cropping+jpeg,0.0020136,0.0,0.006,0.06085240000000001,0.040799999999999996,0.082,1000,0.001400075997937255,0.01697948717717941
all,M2,0.01,jpeg+cropping,0.0016364000000000003,0.0,0.004399999999999999,0.034182000000000004,0.0196,0.05001999999999999,1000,0.0016924930723639612,0.011025135101213047
all,M2,0.01,jpeg_q30,0.006060400000000001,0.0008,0.0132,0.891428,0.8627900000000001,0.9179999999999999,1000,0.0032160430345379402,0.014442382074990252
all,M2,0.01,jpeg_q50,0.0015824,0.0,0.004399999999999999,0.9456612,0.9259999999999999,0.9648,1000,0.0016825536544193772,0.017502036601492906
all,M2,0.01,jpeg_q70,0.00040159999999999995,0.0,0.0012000000000000001,0.986294,0.9751999999999998,0.9955999999999999,1000,0.0008980048997639155,0.005303844831817821
all,M2,0.01,jpeg_q90,0.0032080000000000003,0.0004,0.006809999999999991,0.9904052,0.9812,0.998,1000,0.004200357365748777,0.0029120094780065602
all,M2,0.01,noise+blurring+jpeg,0.0,0.0,0.0,0.8343052,0.8011900000000001,0.86602,1000,0.0,0.027822918739772832
all,M2,0.01,noise_s001,0.000792,0.0,0.0024000000000000002,0.9896068,0.9800000000000001,0.9972,1000,0.0010848594378996756,0.004826330407255595
all,M2,0.01,noise_s003,0.0011796,0.0,0.0036000000000000003,0.9863668000000001,0.9759800000000001,0.9944,1000,0.0010782155628630112,0.008007320475664752
all,M2,0.01,noise_s005,0.002756,0.0004,0.0068000000000000005,0.9703316000000001,0.9544,0.98361,1000,0.0029400204080924338,0.012805515795937266
all,M2,0.01,noise_s008,0.0031632000000000006,0.0,0.008,0.8927480000000001,0.8652,0.9184000000000001,1000,0.0027154018487141095,0.020898393000419936
all,M2,0.01,none,0.0024416,0.0004,0.005209999999999991,0.9912599999999999,0.9823999999999999,0.9975999999999999,1000,0.003664571844022164,0.0018439235342063082
all,M2,0.01,rotation,0.0004092,0.0,0.0012000000000000001,0.0007792000000000001,0.0,0.0028,1000,0.000914999016392914,0.0010671219236807012
all,M2,0.01,rotation+cropping+jpeg,0.0007936,0.0,0.0024000000000000002,0.0011804,0.0,0.004,1000,0.0010866852350151814,0.001079623452876048
all,M2,0.05,blurring,0.0027484000000000002,0.0004,0.00640999999999999,0.988372,0.9783999999999999,0.99681,1000,0.003294693430351297,0.003631179698114573
all,M2,0.05,blurring+noise,0.0024064000000000004,0.0004,0.005609999999999991,0.9655672,0.9495999999999999,0.9804,1000,0.0033265590029338122,0.00973523750095495
all,M2,0.05,cropping,0.0008116,0.0,0.0024000000000000002,0.21074359999999998,0.1756,0.24600999999999998,1000,0.0011125937263889276,0.04388285235487775
all,M2,0.05,cropping+jpeg,0.0020236,0.0,0.0056,0.060639200000000004,0.0408,0.08120000000000001,1000,0.0014340267779926565,0.016985235506168293
all,M2,0.05,jpeg+cropping,0.0015624000000000002,0.0,0.004399999999999999,0.034100000000000005,0.0196,0.0504,1000,0.0016629169552325818,0.010950412777607978
all,M2,0.05,jpeg_q30,0.0059884000000000005,0.0008,0.0132,0.8914464000000001,0.8640000000000001,0.91761,1000,0.0031939735127267423,0.014346491375942828
all,M2,0.05,jpeg_q50,0.0015948,0.0,0.004399999999999999,0.9459171999999999,0.9256,0.9652,1000,0.001680341393883993,0.017564694850750986
all,M2,0.05,jpeg_q70,0.00040280000000000003,0.0,0.0016,0.9862984000000001,0.9751999999999998,0.9955999999999999,1000,0.0009006881813369153,0.00541826880101015
all,M2,0.05,jpeg_q90,0.0032292,0.0004,0.007200000000000001,0.9904416000000001,0.98119,0.998,1000,0.004153760127884132,0.0028837868853297845
all,M2,0.05,noise+blurring+jpeg,0.0,0.0,0.0,0.8338964000000001,0.8011900000000001,0.86561,1000,0.0,0.028439514426234495
all,M2,0.05,noise_s001,0.0007915999999999999,0.0,0.0024000000000000002,0.9895212000000001,0.9804,0.9972,1000,0.0010840446485269877,0.004856374903155639
all,M2,0.05,noise_s003,0.0011872,0.0,0.0036000000000000003,0.9863872,0.97639,0.99481,1000,0.0010857307216801044,0.007892509816275196
all,M2,0.05,noise_s005,0.0028248,0.0004,0.007200000000000001,0.9703624,0.95479,0.984,1000,0.002995607651212021,0.01298292219802614
all,M2,0.05,noise_s008,0.003202000000000001,0.0,0.008,0.8922155999999999,0.86399,0.91761,1000,0.002703105621317821,0.020966470299027443
all,M2,0.05,none,0.0023900000000000006,0.0004,0.005200000000000001,0.9912468000000001,0.9827999999999999,0.998,1000,0.0035422636830140138,0.0017270405901425733
all,M2,0.05,rotation,0.00040679999999999997,0.0,0.0012000000000000001,0.0007668000000000001,0.0,0.0024000000000000002,1000,0.0009096324532469143,0.0010500129523010658
all,M2,0.05,rotation+cropping+jpeg,0.0008104,0.0,0.0028,0.0011876,0.0,0.0036000000000000003,1000,0.0011106668267306808,0.0010874055361271618
all,M2,0.1,blurring,0.0028188000000000006,0.0004,0.0064,0.9884608,0.97879,0.9968,1000,0.003391758423001261,0.003580824095093233
all,M2,0.1,blurring+noise,0.0023836000000000005,0.0004,0.0056,0.9656483999999999,0.9488,0.9812,1000,0.0032569057094119264,0.009761564567219808
all,M2,0.1,cropping,0.0007708000000000001,0.0,0.0024000000000000002,0.2111336,0.176,0.2464,1000,0.001055660551503181,0.04354864414422108
all,M2,0.1,cropping+jpeg,0.0020328,0.0,0.005609999999999992,0.061126,0.0412,0.08280000000000001,1000,0.0014386358816601231,0.017200050116206057
all,M2,0.1,jpeg+cropping,0.0015604000000000002,0.0,0.004399999999999999,0.034045200000000005,0.0196,0.0508,1000,0.0016288998741481938,0.01089036451180584
all,M2,0.1,jpeg_q30,0.0059824000000000006,0.0008,0.0132,0.8910664,0.8623899999999999,0.91723,1000,0.00315612306477425,0.014700313017075525
all,M2,0.1,jpeg_q50,0.001572,0.0,0.004409999999999991,0.9455743999999999,0.9256,0.9644,1000,0.0016382618838268808,0.017343669415668644
all,M2,0.1,jpeg_q70,0.0004096,0.0,0.0012000000000000001,0.9863616000000001,0.9755900000000001,0.9955999999999999,1000,0.0009158934435839138,0.00531108056801998
all,M2,0.1,jpeg_q90,0.0032324000000000007,0.0004,0.007200000000000001,0.9904248000000001,0.98199,0.9976100000000001,1000,0.00421553066647605,0.002934795597652436
all,M2,0.1,noise+blurring+jpeg,0.0,0.0,0.0,0.8336928,0.8,0.8664099999999999,1000,0.0,0.027930447386320213
all,M2,0.1,noise_s001,0.0008056000000000001,0.0,0.0032,0.9895484,0.9795999999999999,0.9972,1000,0.001103135893713916,0.0048929497033997245
all,M2,0.1,noise_s003,0.001196,0.0,0.0036000000000000003,0.9864376,0.976,0.9948,1000,0.0010926838518070998,0.007907123547789031
all,M2,0.1,noise_s005,0.0027728,0.0004,0.0068000000000000005,0.9703108,0.95479,0.9836,1000,0.0030265930020404136,0.012755660202435529
all,M2,0.1,noise_s008,0.0032432000000000003,0.0,0.008,0.8924628,0.8640000000000001,0.9188000000000001,1000,0.0027479834788440784,0.02058977147031991
all,M2,0.1,none,0.0023927999999999996,0.0004,0.005200000000000001,0.9912259999999999,0.9827999999999999,0.9975999999999999,1000,0.003552055348667867,0.0017879312067303297
all,M2,0.1,rotation,0.0003868,0.0,0.0012000000000000001,0.0007904000000000001,0.0,0.0024000000000000002,1000,0.0008649110936969187,0.0010823006975882443
all,M2,0.1,rotation+cropping+jpeg,0.00076,0.0,0.0024000000000000002,0.0012236,0.0,0.004,1000,0.0010417187720301484,0.0011174420790358668
all,M3,0.01,blurring,0.008335200000000001,0.0028,0.015209999999999991,0.9940552,0.9872,0.9992000000000001,1000,0.008079587811268593,0.0024540059494630433
all,M3,0.01,blurring+noise,0.015538400000000003,0.0068000000000000005,0.026000000000000002,0.9840139999999999,0.9719899999999999,0.9936,1000,0.012785384343069238,0.006837107721836766
all,M3,0.01,cropping,0.006364800000000001,0.0016,0.0132,0.3730252,0.3308,0.4152,1000,0.006047437903773796,0.10852285034590639
all,M3,0.01,cropping+jpeg,0.0056152,0.0004,0.0128,0.15430000000000002,0.124,0.18641,1000,0.002662274065531196,0.06707440328471063
all,M3,0.01,jpeg+cropping,0.0027448000000000004,0.0,0.0076,0.0961732,0.07199,0.12241999999999997,1000,0.0022618694038339174,0.05298877978591316
all,M3,0.01,jpeg_q30,0.010366000000000002,0.0028,0.0196,0.9361195999999999,0.914,0.95601,1000,0.0032118334327919324,0.024017049002739644
all,M3,0.01,jpeg_q50,0.003927600000000001,0.0008,0.008400000000000001,0.9732548,0.9587999999999999,0.986,1000,0.003946773467023412,0.014745783302354624
all,M3,0.01,jpeg_q70,0.0032552000000000006,0.0004,0.007200000000000001,0.9940203999999999,0.98759,0.9987999999999999,1000,0.003729448377441362,0.003995308598844412
all,M3,0.01,jpeg_q90,0.00807,0.0024000000000000002,0.01560999999999999,0.9959624,0.9904,1.0,1000,0.007815990532235821,0.0024513202157204644
all,M3,0.01,noise+blurring+jpeg,0.0008364,0.0,0.002,0.8944428,0.86799,0.9199999999999999,1000,0.0018702472563808241,0.03778462911290784
all,M3,0.01,noise_s001,0.0064752,0.002,0.012,0.9960504,0.9904,0.9996,1000,0.007368371136146714,0.00279272963245638
all,M3,0.01,noise_s003,0.013153600000000005,0.0048000000000000004,0.0236,0.9951639999999999,0.9904,0.9987999999999999,1000,0.009284271581551243,0.006367973460999954
all,M3,0.01,noise_s005,0.013110400000000003,0.0048000000000000004,0.0236,0.9888119999999999,0.9804,0.9960000000000001,1000,0.009151382890033616,0.009241881518392255
all,M3,0.01,noise_s008,0.012920000000000004,0.005200000000000001,0.022409999999999992,0.9486091999999999,0.92879,0.9663999999999999,1000,0.010051858733587537,0.02483906007078363
all,M3,0.01,none,0.0060048,0.0016,0.012,0.9967519999999999,0.9916,1.0,1000,0.006481885620712542,0.002298500815749292
all,M3,0.01,rotation,0.000782,0.0,0.002,0.0043928000000000005,0.0012000000000000001,0.0084,1000,0.0017486051584048356,0.0060550358545594105
all,M3,0.01,rotation+cropping+jpeg,0.0012464000000000002,0.0,0.0036000000000000003,0.0035604000000000005,0.0004,0.008400000000000001,1000,0.0011382876613580594,0.002874722386596661
all,M3,0.05,blurring,0.0335588,0.0188,0.05,0.998738,0.9968,1.0,1000,0.006662244456637717,0.0018512341829169125
all,M3,0.05,blurring+noise,0.06771280000000002,0.04639,0.09001999999999998,0.9975436,0.9936,1.0,1000,0.004268191560836977,0.0022708031178417963
all,M3,0.05,cropping,0.0334824,0.0184,0.0504,0.669944,0.628,0.7100099999999999,1000,0.004120233828316059,0.0268536935262172
all,M3,0.05,cropping+jpeg,0.023465200000000002,0.0112,0.0376,0.4247584000000001,0.3816,0.4680099999999999,1000,0.007116252047250717,0.019453962136284742
all,M3,0.05,jpeg+cropping,0.0148416,0.005200000000000001,0.0264,0.3230404,0.28239000000000003,0.3644,1000,0.0030594376607474775,0.024565949214308814
all,M3,0.05,jpeg_q30,0.028843200000000003,0.0156,0.0448,0.9879196,0.9772000000000001,0.9960000000000001,1000,0.0026161118477618624,0.0033909867000624207
all,M3,0.05,jpeg_q50,0.015627600000000002,0.0056,0.02680999999999999,0.9956032,0.9896,1.0,1000,0.00518924780676352,0.0026030722617706617
all,M3,0.05,jpeg_q70,0.026802400000000004,0.013600000000000001,0.041600000000000005,0.9979571999999999,0.9944,1.0,1000,0.006676880169660079,0.0014704860420963095
all,M3,0.05,jpeg_q90,0.034358400000000004,0.0196,0.0508,0.9996216,0.9987999999999999,1.0,1000,0.006676533741396055,0.0008461281226859143
all,M3,0.05,noise+blurring+jpeg,0.010844000000000001,0.0032,0.0204,0.9675855999999999,0.952,0.982,1000,0.0032873670315314665,0.014298802565249987
all,M3,0.05,noise_s001,0.037352800000000005,0.0216,0.0548,0.9996027999999999,0.9987999999999999,1.0,1000,0.006108529708530524,0.0008881662006629575
all,M3,0.05,noise_s003,0.05309200000000001,0.0348,0.07281999999999998,0.9991792,0.9975999999999999,1.0,1000,0.005663944738430978,0.0011244826365934017
all,M3,0.05,noise_s005,0.063226,0.04318,0.086,0.9983768,0.9955999999999999,1.0,1000,0.005935426859123104,0.001710430121343754
all,M3,0.05,noise_s008,0.060704,0.04079000000000001,0.0828,0.9947987999999999,0.9884000000000001,0.9996,1000,0.008268038703344341,0.0033947446442994496
all,M3,0.05,none,0.0358932,0.0208,0.0528,0.9992208,0.998,1.0,1000,0.004819736424328619,0.0017423441680678642
all,M3,0.05,rotation,0.0019383999999999998,0.0,0.005200000000000001,0.035547600000000006,0.020399999999999998,0.052000000000000005,1000,0.0019347585895919935,0.013264220700817673
all,M3,0.05,rotation+cropping+jpeg,0.008785200000000002,0.0024000000000000002,0.016399999999999998,0.0248232,0.0128,0.0396,1000,0.005453948404596436,0.010459518210701678
all,M3,0.1,blurring,0.07196720000000001,0.04958,0.096,0.9992184,0.9975999999999999,1.0,1000,0.012681056312468611,0.0010706235566248423
all,M3,0.1,blurring+noise,0.1323076,0.1036,0.16161999999999999,1.0,1.0,1.0,1000,0.018257887029993355,0.0
all,M3,0.1,cropping,0.08044200000000001,0.057600000000000005,0.1052,0.8225583999999999,0.7892,0.8552,1000,0.013675875620961165,0.02439050862118294
all,M3,0.1,cropping+jpeg,0.06308920000000001,0.0428,0.08520999999999998,0.6601464,0.61719,0.7008,1000,0.010773300849786014,0.02771386145595744
all,M3,0.1,jpeg+cropping,0.040467600000000006,0.024780000000000003,0.059199999999999996,0.577244,0.53479,0.62241,1000,0.007829929552684373,0.04197063356681669
all,M3,0.1,jpeg_q30,0.056190000000000004,0.03719,0.0772,0.9968292,0.992,1.0,1000,0.009498481878700407,0.0022719131145358487
all,M3,0.1,jpeg_q50,0.05522920000000001,0.03638,0.07561999999999998,0.9995816,0.9987999999999999,1.0,1000,0.009544572551979477,0.0009355708417859494
all,M3,0.1,jpeg_q70,0.07062760000000001,0.04959,0.09361,0.9992004,0.998,1.0,1000,0.012791300746992073,0.0017879599548088977
all,M3,0.1,jpeg_q90,0.08570560000000002,0.0624,0.11120000000000001,0.9995868,0.9987999999999999,1.0,1000,0.015949270415915585,0.0009239432883029435
all,M3,0.1,noise+blurring+jpeg,0.037906800000000004,0.0224,0.0548,0.9880791999999999,0.9783999999999999,0.9956099999999999,1000,0.010966694998950234,0.006358529169548556
all,M3,0.1,noise_s001,0.08494080000000001,0.0612,0.11080000000000001,1.0,1.0,1.0,1000,0.012799950828030551,0.0
all,M3,0.1,noise_s003,0.1162496,0.08879000000000001,0.14440999999999998,1.0,1.0,1.0,1000,0.01924043416350057,0.0
all,M3,0.1,noise_s005,0.1272744,0.0984,0.1568,1.0,1.0,1.0,1000,0.017740906707381095,0.0
all,M3,0.1,noise_s008,0.129938,0.10119,0.16,0.9983724,0.9952,1.0,1000,0.01626650964405085,0.0017048861545569593
all,M3,0.1,none,0.08789320000000002,0.06399,0.1136,0.999616,0.9987999999999999,1.0,1000,0.015399643411455994,0.0008586501033599773
all,M3,0.1,rotation,0.007956800000000002,0.002,0.0156,0.1222304,0.0948,0.1508,1000,0.004655417403412932,0.024049162372107677
all,M3,0.1,rotation+cropping+jpeg,0.020858400000000003,0.00999,0.033600000000000005,0.09359320000000002,0.06919,0.1204,1000,0.009472720031754344,0.014713695837552172
