gen_seed,alpha,method_a,method_b,attack_id,n_items,b_a_correct_b_wrong,c_a_wrong_b_correct,mcnemar_chi2,mcnemar_p
0,0.05,M3,M1,none,1000,5,18,6.260869565217392,0.01234336035345503
0,0.05,M3,M2,none,1000,2,15,8.470588235294118,0.0036093469359454364
0,0.1,M3,M1,none,1000,6,52,34.91379310344828,3.4463078360154972e-09
0,0.1,M3,M2,none,1000,3,49,38.94230769230769,4.3651695094350234e-10
0,0.01,M3,M1,none,1000,5,5,0.1,0.7518296340458492
0,0.01,M3,M2,none,1000,2,2,0.25,0.6170750774519738
1,0.05,M3,M1,none,1000,8,19,3.7037037037037037,0.054291828366854596
1,0.05,M3,M2,none,1000,6,19,5.76,0.016395071849192262
1,0.1,M3,M1,none,1000,8,44,23.557692307692307,1.2122382071479426e-06
1,0.1,M3,M2,none,1000,6,44,27.38,1.6715105790914652e-07
1,0.01,M3,M1,none,1000,7,1,3.125,0.07709987174354177
1,0.01,M3,M2,none,1000,5,1,1.5,0.22067136191984682
2,0.05,M3,M1,none,1000,9,21,4.033333333333333,0.04460971802493963
2,0.05,M3,M2,none,1000,4,21,10.24,0.001374275875831697
2,0.1,M3,M1,none,1000,9,44,21.81132075471698,3.0081996027065346e-06
2,0.1,M3,M2,none,1000,4,44,31.6875,1.8108397774948276e-08
2,0.01,M3,M1,none,1000,7,0,5.142857142857143,0.02334220201289082
2,0.01,M3,M2,none,1000,2,0,0.5,0.4795001221869535
3,0.05,M3,M1,none,1000,5,15,4.05,0.04417134490844261
3,0.05,M3,M2,none,1000,4,14,4.5,0.033894853524689274
3,0.1,M3,M1,none,1000,5,45,30.42,3.479224859723177e-08
3,0.1,M3,M2,none,1000,4,44,31.6875,1.8108397774948276e-08
3,0.01,M3,M1,none,1000,5,6,0.0,1.0
3,0.01,M3,M2,none,1000,4,5,0.0,1.0
4,0.05,M3,M1,none,1000,10,15,0.64,0.4237107971667934
4,0.05,M3,M2,none,1000,4,15,5.2631578947368425,0.021781462791119494
4,0.1,M3,M1,none,1000,10,32,10.5,0.001193745444872006
4,0.1,M3,M2,none,1000,4,32,20.25,6.795346249460123e-06
4,0.01,M3,M1,none,1000,7,1,3.125,0.07709987174354177
4,0.01,M3,M2,none,1000,1,1,0.5,0.4795001221869535
