gen_seed,method,alpha,threshold,V_t,ViolationRate,delta_fpr_OOD_mean,delta_fpr_OOD_max,failing_attacks,V_t_std,ViolationRate_std
0,M1,0.05,-46.22242456245422,0.0,0.0,-0.05,-0.05,,,
0,M2,0.05,-46.80410385131836,0.0,0.0,-0.05,-0.05,,,
0,M3,0.05,-49.37412643432617,4.0,0.23529411764705882,-0.036000000000000004,-0.034,blurring+noise;noise_s003;noise_s005;noise_s008,,
0,M1,0.1,-46.22242456245422,0.0,0.0,-0.1,-0.1,,,
0,M2,0.1,-46.80410385131836,0.0,0.0,-0.1,-0.1,,,
0,M3,0.1,-50.48165893554688,6.0,0.35294117647058826,-0.060000000000000005,-0.05,blurring+noise;jpeg_q90;noise_s003;noise_s005;noise_s008;none,,
0,M1,0.01,-46.22242456245422,0.0,0.0,-0.01,-0.01,,,
0,M2,0.01,-46.80410385131836,0.0,0.0,-0.01,-0.01,,,
0,M3,0.01,-48.126686096191406,10.0,0.5882352941176471,-0.009000000000000001,-0.008,blurring;blurring+noise;cropping;jpeg_q30;jpeg_q90;noise_s001;noise_s003;noise_s005;noise_s008;none,,
1,M1,0.05,-46.14354853057861,0.0,0.0,-0.05,-0.05,,,
1,M2,0.05,-46.52769088745117,0.0,0.0,-0.05,-0.05,,,
1,M3,0.05,-49.068580627441406,3.0,0.17647058823529413,-0.04,-0.04,blurring+noise;noise_s005;noise_s008,,
1,M1,0.1,-46.14354853057861,0.0,0.0,-0.1,-0.1,,,
1,M2,0.1,-46.52769088745117,0.0,0.0,-0.1,-0.1,,,
1,M3,0.1,-50.30912780761719,4.0,0.23529411764705882,-0.07300000000000001,-0.066,blurring+noise;noise_s003;noise_s005;noise_s008,,
1,M1,0.01,-46.14354853057861,0.0,0.0,-0.01,-0.01,,,
1,M2,0.01,-46.52769088745117,0.0,0.0,-0.01,-0.01,,,
1,M3,0.01,-47.264381408691406,1.0,0.058823529411764705,-0.01,-0.01,jpeg_q30,,
2,M1,0.05,-46.10303733253479,0.0,0.0,-0.05,-0.05,,,
2,M2,0.05,-46.79324722290039,0.0,0.0,-0.049,-0.048,,,
2,M3,0.05,-49.36642837524414,4.0,0.23529411764705882,-0.037000000000000005,-0.036000000000000004,blurring+noise;noise_s003;noise_s005;noise_s008,,
2,M1,0.1,-46.10303733253479,0.0,0.0,-0.1,-0.1,,,
2,M2,0.1,-46.79324722290039,0.0,0.0,-0.099,-0.098,,,
2,M3,0.1,-50.4855842590332,4.0,0.23529411764705882,-0.063,-0.054000000000000006,blurring+noise;noise_s003;noise_s005;noise_s008,,
2,M1,0.01,-46.10303733253479,0.0,0.0,-0.01,-0.01,,,
2,M2,0.01,-46.79324722290039,0.0,0.0,-0.009000000000000001,-0.008,,,
2,M3,0.01,-47.328914642333984,0.0,0.0,-0.009000000000000001,-0.008,,,
3,M1,0.05,-46.22236493110657,0.0,0.0,-0.049,-0.048,,,
3,M2,0.05,-47.019813537597656,0.0,0.0,-0.049,-0.048,,,
3,M3,0.05,-49.06353759765625,3.0,0.17647058823529413,-0.042,-0.042,blurring+noise;noise_s005;noise_s008,,
3,M1,0.1,-46.22236493110657,0.0,0.0,-0.099,-0.098,,,
3,M2,0.1,-47.019813537597656,0.0,0.0,-0.099,-0.098,,,
3,M3,0.1,-50.3978271484375,4.0,0.23529411764705882,-0.07100000000000001,-0.062000000000000006,blurring+noise;noise_s003;noise_s005;noise_s008,,
3,M1,0.01,-46.22236493110657,0.0,0.0,-0.009000000000000001,-0.008,,,
3,M2,0.01,-47.019813537597656,0.0,0.0,-0.009000000000000001,-0.008,,,
3,M3,0.01,-48.19476318359375,9.0,0.5294117647058824,-0.007,-0.006,blurring;blurring+noise;jpeg_q30;jpeg_q90;noise_s001;noise_s003;noise_s005;noise_s008;none,,
4,M1,0.05,-46.16457751083374,0.0,0.0,-0.05,-0.05,,,
4,M2,0.05,-46.98226547241211,0.0,0.0,-0.05,-0.05,,,
4,M3,0.05,-49.15279769897461,4.0,0.23529411764705882,-0.046,-0.042,blurring+noise;noise_s003;noise_s005;noise_s008,,
4,M1,0.1,-46.16457751083374,0.0,0.0,-0.1,-0.1,,,
4,M2,0.1,-46.98226547241211,0.0,0.0,-0.1,-0.1,,,
4,M3,0.1,-50.0360107421875,3.0,0.17647058823529413,-0.08600000000000001,-0.07800000000000001,blurring+noise;noise_s005;noise_s008,,
4,M1,0.01,-46.16457751083374,0.0,0.0,-0.01,-0.01,,,
4,M2,0.01,-46.98226547241211,0.0,0.0,-0.01,-0.01,,,
4,M3,0.01,-47.4436149597168,1.0,0.058823529411764705,-0.01,-0.01,noise_s008,,
all,M1,0.01,,0.0,0.0,-0.0098,-0.008,,0.0,0.0
all,M1,0.05,,0.0,0.0,-0.0498,-0.048,,0.0,0.0
all,M1,0.1,,0.0,0.0,-0.0998,-0.098,,0.0,0.0
all,M2,0.01,,0.0,0.0,-0.009600000000000001,-0.008,,0.0,0.0
all,M2,0.05,,0.0,0.0,-0.0496,-0.048,,0.0,0.0
all,M2,0.1,,0.0,0.0,-0.0996,-0.098,,0.0,0.0
all,M3,0.01,,4.2,0.24705882352941178,-0.009,-0.006,,4.868264577855234,0.2863685045797197
all,M3,0.05,,3.6,0.21176470588235294,-0.0402,-0.034,,0.5477225575051661,0.032218973970892115
all,M3,0.1,,4.2,0.24705882352941178,-0.07060000000000001,-0.05,,1.0954451150103324,0.06443794794178426
