method,alpha,strength,n_wm,tpr,tpr_ci_lo,tpr_ci_hi,n_clean,fpr,fpr_ci_lo,fpr_ci_hi,delta_fpr
M3,0.05,0.2,200,0.93,0.8859442178331628,0.9578482170770813,200,0.07,0.04215178292291873,0.11405578216683726,0.020000000000000004
M3,0.05,0.3,200,0.78,0.7176107720803744,0.8318354646053661,200,0.07,0.04215178292291873,0.11405578216683726,0.020000000000000004
M3,0.05,0.5,200,0.345,0.2825968690139029,0.41324539282077655,200,0.09,0.05768697871453362,0.13776674613848952,0.039999999999999994
M3,0.1,0.2,200,0.985,0.9568335194437211,0.9948858548155076,200,0.13,0.09028141365225628,0.18366463072730121,0.03
M3,0.1,0.3,200,0.93,0.8859442178331628,0.9578482170770813,200,0.125,0.0861191515921568,0.1780153528465839,0.024999999999999994
M3,0.1,0.5,200,0.515,0.44610724474630287,0.5833273750761476,200,0.165,0.11996784122663977,0.22265898273863527,0.065
M3,0.01,0.2,200,0.775,0.7122575346140798,0.8273771621308439,200,0.035,0.017055324637357105,0.07047146086668134,0.025
M3,0.01,0.3,200,0.49,0.4215615528275274,0.5588153672908391,200,0.025,0.010724561470787711,0.05717914415161715,0.015000000000000001
M3,0.01,0.5,200,0.165,0.11996784122663977,0.22265898273863527,200,0.035,0.017055324637357105,0.07047146086668134,0.025
