alpha,method,attack_id,fpr_seed_mean,tpr_seed_mean,exceed_seeds
0.01,M3,blurring,0.008400000000000001,0.994,2
0.01,M3,blurring+noise,0.0156,0.984,2
0.01,M3,cropping,0.0064,0.37320000000000003,1
0.01,M3,cropping+jpeg,0.0056,0.1544,0
0.01,M3,jpeg+cropping,0.0028,0.096,0
0.01,M3,jpeg_q30,0.0104,0.9359999999999999,3
0.01,M3,jpeg_q50,0.004,0.9732,0
0.01,M3,jpeg_q70,0.0032,0.994,0
0.01,M3,jpeg_q90,0.008,0.9960000000000001,2
0.01,M3,noise+blurring+jpeg,0.0008,0.8948,0
0.01,M3,noise_s001,0.0064,0.9960000000000001,2
0.01,M3,noise_s003,0.0132,0.9952,2
0.01,M3,noise_s005,0.0132,0.9888,2
0.01,M3,noise_s008,0.0128,0.9488,3
0.01,M3,none,0.006,0.9968,2
0.01,M3,rotation,0.0008,0.004399999999999999,0
0.01,M3,rotation+cropping+jpeg,0.0012000000000000001,0.0036000000000000003,0
0.01,M4-union,blurring,0.0088,0.9955999999999999,1
0.01,M4-union,blurring+noise,0.0188,0.99,5
0.01,M4-union,cropping,0.008400000000000001,0.418,1
0.01,M4-union,cropping+jpeg,0.0076,0.18639999999999998,1
0.01,M4-union,jpeg+cropping,0.0036000000000000003,0.1136,0
0.01,M4-union,jpeg_q30,0.0132,0.9523999999999999,4
0.01,M4-union,jpeg_q50,0.004,0.9795999999999999,0
0.01,M4-union,jpeg_q70,0.006,0.9959999999999999,0
0.01,M4-union,jpeg_q90,0.01,0.9972000000000001,2
0.01,M4-union,noise+blurring+jpeg,0.0012000000000000001,0.9116,0
0.01,M4-union,noise_s001,0.008000000000000002,0.9975999999999999,1
0.01,M4-union,noise_s003,0.016800000000000002,0.9972,5
0.01,M4-union,noise_s005,0.017599999999999998,0.9932000000000001,5
0.01,M4-union,noise_s008,0.0144,0.9663999999999998,3
0.01,M4-union,none,0.0084,0.9972000000000001,1
0.01,M4-union,rotation,0.0008,0.006000000000000001,0
0.01,M4-union,rotation+cropping+jpeg,0.0016,0.005200000000000001,0
0.01,M5a-PAC,blurring,0.0032,0.9836,0
0.01,M5a-PAC,blurring+noise,0.002,0.9464,0
0.01,M5a-PAC,cropping,0.0012000000000000001,0.18239999999999998,0
0.01,M5a-PAC,cropping+jpeg,0.0012000000000000001,0.055600000000000004,0
0.01,M5a-PAC,jpeg+cropping,0.0012000000000000001,0.029200000000000004,0
0.01,M5a-PAC,jpeg_q30,0.0044,0.8695999999999999,0
0.01,M5a-PAC,jpeg_q50,0.002,0.9284000000000001,0
0.01,M5a-PAC,jpeg_q70,0.0016,0.9808,0
0.01,M5a-PAC,jpeg_q90,0.0032,0.9875999999999999,0
0.01,M5a-PAC,noise+blurring+jpeg,0.0,0.8124,0
0.01,M5a-PAC,noise_s001,0.0012000000000000001,0.9872,0
0.01,M5a-PAC,noise_s003,0.0016,0.9788,0
0.01,M5a-PAC,noise_s005,0.0024000000000000002,0.958,0
0.01,M5a-PAC,noise_s008,0.0028,0.8644000000000001,0
0.01,M5a-PAC,none,0.0024000000000000002,0.9884000000000001,0
0.01,M5a-PAC,rotation,0.0004,0.0008,0
0.01,M5a-PAC,rotation+cropping+jpeg,0.0008,0.0008,0
0.01,M5b-oracle,blurring,0.0108,0.9960000000000001,1
0.01,M5b-oracle,blurring+noise,0.005200000000000001,0.9756,1
0.01,M5b-oracle,cropping,0.008000000000000002,0.4404,1
0.01,M5b-oracle,cropping+jpeg,0.0088,0.22479999999999997,2
0.01,M5b-oracle,jpeg+cropping,0.01,0.2888,2
0.01,M5b-oracle,jpeg_q30,0.0104,0.9256,3
0.01,M5b-oracle,jpeg_q50,0.0088,0.9879999999999999,1
0.01,M5b-oracle,jpeg_q70,0.008400000000000001,0.9959999999999999,2
0.01,M5b-oracle,jpeg_q90,0.008799999999999999,0.9948,2
0.01,M5b-oracle,noise+blurring+jpeg,0.01,0.9676,2
0.01,M5b-oracle,noise_s001,0.0064,0.9972,1
0.01,M5b-oracle,noise_s003,0.008400000000000001,0.9944,2
0.01,M5b-oracle,noise_s005,0.007600000000000001,0.9832000000000001,1
0.01,M5b-oracle,noise_s008,0.008400000000000001,0.9544,2
0.01,M5b-oracle,none,0.006,0.9968,2
0.01,M5b-oracle,rotation,0.0056,0.0872,1
0.01,M5b-oracle,rotation+cropping+jpeg,0.009600000000000001,0.0304,2
0.05,M3,blurring,0.033600000000000005,0.9987999999999999,0
0.05,M3,blurring+noise,0.06760000000000001,0.9976,5
0.05,M3,cropping,0.033600000000000005,0.67,0
0.05,M3,cropping+jpeg,0.0236,0.4248,0
0.05,M3,jpeg+cropping,0.014799999999999999,0.3228,0
0.05,M3,jpeg_q30,0.0288,0.9879999999999999,0
0.05,M3,jpeg_q50,0.015599999999999998,0.9955999999999999,0
0.05,M3,jpeg_q70,0.0268,0.998,0
0.05,M3,jpeg_q90,0.0344,0.9996,0
0.05,M3,noise+blurring+jpeg,0.0108,0.9675999999999998,0
0.05,M3,noise_s001,0.03760000000000001,0.9996,0
0.05,M3,noise_s003,0.053200000000000004,0.9992000000000001,3
0.05,M3,noise_s005,0.0632,0.9984,5
0.05,M3,noise_s008,0.0608,0.9948,5
0.05,M3,none,0.036,0.9992000000000001,0
0.05,M3,rotation,0.002,0.0356,0
0.05,M3,rotation+cropping+jpeg,0.008799999999999999,0.0248,0
0.05,M4-union,blurring,0.048799999999999996,0.9987999999999999,3
0.05,M4-union,blurring+noise,0.09,0.9992000000000001,5
0.05,M4-union,cropping,0.046,0.7368,1
0.05,M4-union,cropping+jpeg,0.0368,0.5124000000000001,0
0.05,M4-union,jpeg+cropping,0.022000000000000002,0.4168,0
0.05,M4-union,jpeg_q30,0.038,0.9916,0
0.05,M4-union,jpeg_q50,0.027599999999999996,0.998,0
0.05,M4-union,jpeg_q70,0.044,0.9992000000000001,2
0.05,M4-union,jpeg_q90,0.0556,0.9996,4
0.05,M4-union,noise+blurring+jpeg,0.016399999999999998,0.9776,0
0.05,M4-union,noise_s001,0.0524,0.9996,2
0.05,M4-union,noise_s003,0.0748,0.9996,5
0.05,M4-union,noise_s005,0.0856,0.9987999999999999,5
0.05,M4-union,noise_s008,0.08399999999999999,0.9972,5
0.05,M4-union,none,0.05399999999999999,0.9992000000000001,3
0.05,M4-union,rotation,0.004,0.057600000000000005,0
0.05,M4-union,rotation+cropping+jpeg,0.0124,0.041600000000000005,0
0.05,M5a-PAC,blurring,0.029599999999999998,0.9976,0
0.05,M5a-PAC,blurring+noise,0.056799999999999996,0.9964000000000001,4
0.05,M5a-PAC,cropping,0.027199999999999995,0.6324,0
0.05,M5a-PAC,cropping+jpeg,0.019200000000000002,0.3724,0
0.05,M5a-PAC,jpeg+cropping,0.0108,0.2676,0
0.05,M5a-PAC,jpeg_q30,0.0228,0.9843999999999999,0
0.05,M5a-PAC,jpeg_q50,0.012,0.994,0
0.05,M5a-PAC,jpeg_q70,0.0208,0.998,0
0.05,M5a-PAC,jpeg_q90,0.029599999999999998,0.9996,0
0.05,M5a-PAC,noise+blurring+jpeg,0.0084,0.96,0
0.05,M5a-PAC,noise_s001,0.029599999999999998,0.9992000000000001,0
0.05,M5a-PAC,noise_s003,0.0432,0.9992000000000001,0
0.05,M5a-PAC,noise_s005,0.0504,0.9984,3
0.05,M5a-PAC,noise_s008,0.0488,0.9924,1
0.05,M5a-PAC,none,0.0308,0.9987999999999999,0
0.05,M5a-PAC,rotation,0.0012000000000000001,0.0252,0
0.05,M5a-PAC,rotation+cropping+jpeg,0.006,0.017599999999999998,0
0.05,M5b-oracle,blurring,0.0436,0.9987999999999999,2
0.05,M5b-oracle,blurring+noise,0.046400000000000004,0.9955999999999999,1
0.05,M5b-oracle,cropping,0.042800000000000005,0.7328,0
0.05,M5b-oracle,cropping+jpeg,0.0484,0.5896,1
0.05,M5b-oracle,jpeg+cropping,0.048,0.6184000000000001,2
0.05,M5b-oracle,jpeg_q30,0.0396,0.9928000000000001,0
0.05,M5b-oracle,jpeg_q50,0.04240000000000001,0.9987999999999999,2
0.05,M5b-oracle,jpeg_q70,0.047200000000000006,0.9992000000000001,2
0.05,M5b-oracle,jpeg_q90,0.0364,0.9996,0
0.05,M5b-oracle,noise+blurring+jpeg,0.0436,0.99,1
0.05,M5b-oracle,noise_s001,0.0436,0.9996,2
0.05,M5b-oracle,noise_s003,0.0444,0.9992000000000001,1
0.05,M5b-oracle,noise_s005,0.0448,0.998,1
0.05,M5b-oracle,noise_s008,0.048400000000000006,0.9908000000000001,2
0.05,M5b-oracle,none,0.036,0.9992000000000001,0
0.05,M5b-oracle,rotation,0.039599999999999996,0.34199999999999997,0
0.05,M5b-oracle,rotation+cropping+jpeg,0.0468,0.2124,2
0.1,M3,blurring,0.072,0.9992000000000001,0
0.1,M3,blurring+noise,0.13240000000000002,1.0,5
0.1,M3,cropping,0.0804,0.8224,0
0.1,M3,cropping+jpeg,0.0628,0.6596000000000001,0
0.1,M3,jpeg+cropping,0.040400000000000005,0.5772,0
0.1,M3,jpeg_q30,0.05639999999999999,0.9968,0
0.1,M3,jpeg_q50,0.05519999999999999,0.9996,0
0.1,M3,jpeg_q70,0.07039999999999999,0.9992000000000001,0
0.1,M3,jpeg_q90,0.086,0.9996,1
0.1,M3,noise+blurring+jpeg,0.038,0.9879999999999999,0
0.1,M3,noise_s001,0.0848,1.0,0
0.1,M3,noise_s003,0.11599999999999999,1.0,4
0.1,M3,noise_s005,0.1272,1.0,5
0.1,M3,noise_s008,0.13,0.9984,5
0.1,M3,none,0.0876,0.9996,1
0.1,M3,rotation,0.008,0.1224,0
0.1,M3,rotation+cropping+jpeg,0.020800000000000003,0.0936,0
0.1,M4-union,blurring,0.0892,0.9996,1
0.1,M4-union,blurring+noise,0.1532,1.0,5
0.1,M4-union,cropping,0.09999999999999999,0.8572,2
0.1,M4-union,cropping+jpeg,0.0812,0.7127999999999999,0
0.1,M4-union,jpeg+cropping,0.05639999999999999,0.6472,0
0.1,M4-union,jpeg_q30,0.0724,0.9984,0
0.1,M4-union,jpeg_q50,0.0732,0.9996,0
0.1,M4-union,jpeg_q70,0.08720000000000001,0.9992000000000001,1
0.1,M4-union,jpeg_q90,0.10999999999999999,0.9996,3
0.1,M4-union,noise+blurring+jpeg,0.0508,0.9924,0
0.1,M4-union,noise_s001,0.10839999999999998,1.0,3
0.1,M4-union,noise_s003,0.1348,1.0,5
0.1,M4-union,noise_s005,0.1492,1.0,5
0.1,M4-union,noise_s008,0.156,0.9987999999999999,5
0.1,M4-union,none,0.10759999999999999,0.9996,3
0.1,M4-union,rotation,0.0128,0.1708,0
0.1,M4-union,rotation+cropping+jpeg,0.03,0.1336,0
0.1,M5a-PAC,blurring,0.0568,0.9987999999999999,0
0.1,M5a-PAC,blurring+noise,0.10600000000000001,0.9992000000000001,4
0.1,M5a-PAC,cropping,0.0624,0.78,0
0.1,M5a-PAC,cropping+jpeg,0.0472,0.5804,0
0.1,M5a-PAC,jpeg+cropping,0.029199999999999997,0.4892,0
0.1,M5a-PAC,jpeg_q30,0.045200000000000004,0.994,0
0.1,M5a-PAC,jpeg_q50,0.038799999999999994,0.9992000000000001,0
0.1,M5a-PAC,jpeg_q70,0.054000000000000006,0.9992000000000001,0
0.1,M5a-PAC,jpeg_q90,0.066,0.9996,0
0.1,M5a-PAC,noise+blurring+jpeg,0.0252,0.9812,0
0.1,M5a-PAC,noise_s001,0.0648,0.9996,0
0.1,M5a-PAC,noise_s003,0.0932,0.9996,1
0.1,M5a-PAC,noise_s005,0.1044,0.9996,4
0.1,M5a-PAC,noise_s008,0.10719999999999999,0.998,4
0.1,M5a-PAC,none,0.0684,0.9996,0
0.1,M5a-PAC,rotation,0.0048000000000000004,0.08399999999999999,0
0.1,M5a-PAC,rotation+cropping+jpeg,0.0164,0.0628,0
0.1,M5b-oracle,blurring,0.07880000000000001,0.9996,0
0.1,M5b-oracle,blurring+noise,0.09640000000000001,0.9992000000000001,1
0.1,M5b-oracle,cropping,0.09280000000000002,0.844,1
0.1,M5b-oracle,cropping+jpeg,0.0912,0.7444000000000001,1
0.1,M5b-oracle,jpeg+cropping,0.0968,0.7684,3
0.1,M5b-oracle,jpeg_q30,0.0864,0.9996,0
0.1,M5b-oracle,jpeg_q50,0.09559999999999999,1.0,1
0.1,M5b-oracle,jpeg_q70,0.08760000000000001,0.9992000000000001,1
0.1,M5b-oracle,jpeg_q90,0.0884,0.9996,1
0.1,M5b-oracle,noise+blurring+jpeg,0.09079999999999999,0.9963999999999998,0
0.1,M5b-oracle,noise_s001,0.088,1.0,1
0.1,M5b-oracle,noise_s003,0.0996,0.9996,3
0.1,M5b-oracle,noise_s005,0.096,0.9987999999999999,2
0.1,M5b-oracle,noise_s008,0.0928,0.9972,1
0.1,M5b-oracle,none,0.0876,0.9996,1
0.1,M5b-oracle,rotation,0.0896,0.538,1
0.1,M5b-oracle,rotation+cropping+jpeg,0.0864,0.38760000000000006,1
