alpha,attack_id,obs_seed_mean,resplit_mean,resplit_p2_5,resplit_p97_5,obs_percentile,resplit_p_mean_gt_alpha,obs_exceed_seeds,resplit_mean_exceed_seeds
0.01,blurring,0.008400000000000001,0.009269600000000001,0.004000000000000001,0.0156,43.6,0.361,2,1.817
0.01,blurring+noise,0.0156,0.019212,0.01159,0.030000000000000006,23.400000000000002,0.994,2,3.856
0.01,cropping,0.0064,0.007602,0.0035900000000000007,0.0132,36.4,0.151,1,1.036
0.01,cropping+jpeg,0.0056,0.006334800000000001,0.0031900000000000006,0.0108,39.4,0.041,0,0.591
0.01,jpeg+cropping,0.0028,0.0033924000000000003,0.0012000000000000001,0.006,38.3,0.0,0,0.025
0.01,jpeg_q30,0.0104,0.0113996,0.0068000000000000005,0.0164,35.3,0.672,3,2.621
0.01,jpeg_q50,0.004,0.004067200000000001,0.002,0.0068000000000000005,51.7,0.0,0,0.119
0.01,jpeg_q70,0.0032,0.006404,0.0024000000000000002,0.011200000000000002,7.7,0.072,0,0.831
0.01,jpeg_q90,0.008,0.0109224,0.0064,0.017599999999999998,17.0,0.558,2,2.314
0.01,noise+blurring+jpeg,0.0008,0.0009228000000000001,0.0,0.0024000000000000002,60.8,0.0,0,0.0
0.01,noise_s001,0.0064,0.008976400000000002,0.0036000000000000003,0.0164,24.0,0.313,2,1.78
0.01,noise_s003,0.0132,0.0164228,0.0084,0.0268,27.200000000000003,0.917,2,3.337
0.01,noise_s005,0.0132,0.017908,0.010400000000000001,0.027600000000000003,15.4,0.98,2,3.867
0.01,noise_s008,0.0128,0.014332000000000001,0.0076,0.023600000000000003,41.0,0.83,3,2.789
0.01,none,0.006,0.0100396,0.004399999999999999,0.01720999999999999,10.5,0.442,2,1.874
0.01,rotation,0.0008,0.0005436000000000001,0.0,0.0012000000000000001,88.8,0.0,0,0.0
0.01,rotation+cropping+jpeg,0.0012000000000000001,0.0015964,0.0004,0.0032,40.5,0.0,0,0.002
0.05,blurring,0.033600000000000005,0.043506,0.0316,0.058399999999999994,7.7,0.183,0,1.335
0.05,blurring+noise,0.06760000000000001,0.0765424,0.05920000000000001,0.09601,17.4,0.999,5,4.817
0.05,cropping,0.033600000000000005,0.0402692,0.0288,0.05440999999999999,15.9,0.074,0,0.841
0.05,cropping+jpeg,0.0236,0.0276984,0.0188,0.03920999999999999,22.900000000000002,0.0,0,0.057
0.05,jpeg+cropping,0.014799999999999999,0.016199199999999997,0.010799999999999999,0.024,38.6,0.0,0,0.0
0.05,jpeg_q30,0.0288,0.0349932,0.0248,0.0468,13.100000000000001,0.005,0,0.277
0.05,jpeg_q50,0.015599999999999998,0.021870800000000003,0.013989999999999999,0.032,6.2,0.0,0,0.016
0.05,jpeg_q70,0.0268,0.034994,0.02359,0.0492,9.5,0.018,0,0.511
0.05,jpeg_q90,0.0344,0.0485304,0.0344,0.06520000000000001,2.8000000000000003,0.386,0,1.972
0.05,noise+blurring+jpeg,0.0108,0.0135532,0.00799,0.0212,24.3,0.0,0,0.0
0.05,noise_s001,0.03760000000000001,0.0462988,0.033999999999999996,0.0624,10.4,0.281,0,1.633
0.05,noise_s003,0.053200000000000004,0.06496080000000001,0.0492,0.084,8.3,0.963,3,4.092
0.05,noise_s005,0.0632,0.0725244,0.05600000000000001,0.09241,16.2,0.997,5,4.663
0.05,noise_s008,0.0608,0.07172200000000001,0.05519999999999999,0.0928,13.100000000000001,0.997,5,4.539
0.05,none,0.036,0.049684799999999994,0.03560000000000001,0.06720000000000001,2.7,0.436,0,2.206
0.05,rotation,0.002,0.004156399999999999,0.0016,0.007200000000000001,7.8,0.0,0,0.0
0.05,rotation+cropping+jpeg,0.008799999999999999,0.00965,0.0059900000000000005,0.014000000000000002,35.699999999999996,0.0,0,0.0
0.1,blurring,0.072,0.08632959999999999,0.0656,0.1092,8.9,0.118,0,1.03
0.1,blurring+noise,0.13240000000000002,0.1406856,0.11359999999999999,0.17120999999999997,30.2,0.998,5,4.834
0.1,cropping,0.0804,0.09040320000000002,0.068,0.11679999999999999,22.3,0.203,0,1.41
0.1,cropping+jpeg,0.0628,0.0691908,0.04999000000000001,0.09081,29.2,0.001,0,0.168
0.1,jpeg+cropping,0.040400000000000005,0.045877600000000004,0.0316,0.06280999999999999,28.000000000000004,0.0,0,0.0
0.1,jpeg_q30,0.05639999999999999,0.06649560000000002,0.0488,0.08600999999999999,13.700000000000001,0.0,0,0.06
0.1,jpeg_q50,0.05519999999999999,0.0613056,0.04519000000000001,0.08161,27.0,0.0,0,0.117
0.1,jpeg_q70,0.07039999999999999,0.0792668,0.058399999999999994,0.1044,24.6,0.054,0,0.63
0.1,jpeg_q90,0.086,0.0988784,0.07639,0.1264,15.9,0.42,1,1.977
0.1,noise+blurring+jpeg,0.038,0.0439076,0.030789999999999994,0.05960000000000001,22.6,0.0,0,0.001
0.1,noise_s001,0.0848,0.0956708,0.0736,0.1212,19.900000000000002,0.343,0,1.847
0.1,noise_s003,0.11599999999999999,0.12409440000000001,0.09919,0.154,29.9,0.971,4,4.318
0.1,noise_s005,0.1272,0.1373132,0.11000000000000001,0.1696,27.700000000000003,0.997,5,4.772
0.1,noise_s008,0.13,0.1411124,0.11319,0.17400000000000002,26.400000000000002,0.999,5,4.749
0.1,none,0.0876,0.09950919999999999,0.0776,0.12600999999999998,16.2,0.438,1,2.231
0.1,rotation,0.008,0.012572400000000001,0.00759,0.018809999999999993,5.3,0.0,0,0.0
0.1,rotation+cropping+jpeg,0.020800000000000003,0.0250156,0.0164,0.036,20.4,0.0,0,0.0
