detector,method,alpha,attack_id,n_clean,n_wm,empirical_fpr,fpr_ci_lo,fpr_ci_hi,empirical_tpr,tpr_ci_lo,tpr_ci_hi,calibration_error,delta_fpr,fpr_violation
dwtdctsvd,M3,0.05,none,500,500,0.03,0.018263049234083534,0.04890409218496562,1.0,0.9923753814690964,0.9999999999999999,0.020000000000000004,-0.020000000000000004,0
dwtdctsvd,M3,0.05,jpeg_q50,500,500,0.038,0.024459922123289107,0.0585852253992656,0.736,0.6956683729184137,0.7727328071349999,0.012000000000000004,-0.012000000000000004,0
dwtdctsvd,M3,0.05,cropping,500,500,0.042,0.027632099334746148,0.06335205123956134,0.004,0.0010976075412372681,0.014466014041418871,0.008,-0.008,0
dwtdctsvd,M3,0.1,none,500,500,0.052,0.03573001990962654,0.07510163829406287,1.0,0.9923753814690964,0.9999999999999999,0.04800000000000001,-0.04800000000000001,0
dwtdctsvd,M3,0.1,jpeg_q50,500,500,0.054,0.03737409848513375,0.07742706124443205,0.75,0.7102355648988187,0.7859521258357297,0.046000000000000006,-0.046000000000000006,0
dwtdctsvd,M3,0.1,cropping,500,500,0.064,0.045695733565557124,0.08895293379339062,0.008,0.0031152647975077885,0.020387359836901122,0.036000000000000004,-0.036000000000000004,0
dwtdctsvd,M3,0.01,none,500,500,0.006,0.002042559297638913,0.017490563810893606,1.0,0.9923753814690964,0.9999999999999999,0.004,-0.004,0
dwtdctsvd,M3,0.01,jpeg_q50,500,500,0.012,0.0055109199671753584,0.025930707718986326,0.722,0.6811506232701695,0.7594640461021093,0.002,0.002,1
dwtdctsvd,M3,0.01,cropping,500,500,0.01,0.004278690781520357,0.023193435378764938,0.002,0.000353127309584542,0.011240992747195207,0.0,0.0,0
