detector,alpha,attack_id,exceed_freq
Tree-Ring,0.01,none,0.368
Tree-Ring,0.01,blurring,0.083
Tree-Ring,0.01,blurring+noise,0.158
Tree-Ring,0.01,cropping,0.373
Tree-Ring,0.01,cropping+jpeg,0.121
Tree-Ring,0.01,jpeg+cropping,0.018
Tree-Ring,0.01,jpeg_q30,0.002
Tree-Ring,0.01,jpeg_q50,0.075
Tree-Ring,0.01,jpeg_q70,0.29
Tree-Ring,0.01,jpeg_q90,0.414
Tree-Ring,0.01,noise+blurring+jpeg,0.011
Tree-Ring,0.01,noise_s001,0.119
Tree-Ring,0.01,noise_s003,0.194
Tree-Ring,0.01,noise_s005,0.172
Tree-Ring,0.01,noise_s008,0.13
Tree-Ring,0.01,rotation,0.019
Tree-Ring,0.01,rotation+cropping+jpeg,0.0
Tree-Ring,0.05,none,0.424
Tree-Ring,0.05,blurring,0.184
Tree-Ring,0.05,blurring+noise,0.021
Tree-Ring,0.05,cropping,0.08
Tree-Ring,0.05,cropping+jpeg,0.001
Tree-Ring,0.05,jpeg+cropping,0.004
Tree-Ring,0.05,jpeg_q30,0.002
Tree-Ring,0.05,jpeg_q50,0.002
Tree-Ring,0.05,jpeg_q70,0.073
Tree-Ring,0.05,jpeg_q90,0.326
Tree-Ring,0.05,noise+blurring+jpeg,0.001
Tree-Ring,0.05,noise_s001,0.173
Tree-Ring,0.05,noise_s003,0.048
Tree-Ring,0.05,noise_s005,0.002
Tree-Ring,0.05,noise_s008,0.003
Tree-Ring,0.05,rotation,0.0
Tree-Ring,0.05,rotation+cropping+jpeg,0.0
Tree-Ring,0.1,none,0.443
Tree-Ring,0.1,blurring,0.023
Tree-Ring,0.1,blurring+noise,0.0
Tree-Ring,0.1,cropping,0.122
Tree-Ring,0.1,cropping+jpeg,0.0
Tree-Ring,0.1,jpeg+cropping,0.0
Tree-Ring,0.1,jpeg_q30,0.0
Tree-Ring,0.1,jpeg_q50,0.0
Tree-Ring,0.1,jpeg_q70,0.039
Tree-Ring,0.1,jpeg_q90,0.42
Tree-Ring,0.1,noise+blurring+jpeg,0.0
Tree-Ring,0.1,noise_s001,0.08
Tree-Ring,0.1,noise_s003,0.017
Tree-Ring,0.1,noise_s005,0.0
Tree-Ring,0.1,noise_s008,0.0
Tree-Ring,0.1,rotation,0.0
Tree-Ring,0.1,rotation+cropping+jpeg,0.0
ROBIN,0.01,none,0.367
ROBIN,0.01,blurring,0.503
ROBIN,0.01,blurring+noise,0.597
ROBIN,0.01,cropping,0.427
ROBIN,0.01,cropping+jpeg,0.096
ROBIN,0.01,jpeg+cropping,0.01
ROBIN,0.01,jpeg_q30,0.255
ROBIN,0.01,jpeg_q50,0.005
ROBIN,0.01,jpeg_q70,0.122
ROBIN,0.01,jpeg_q90,0.301
ROBIN,0.01,noise+blurring+jpeg,0.0
ROBIN,0.01,noise_s001,0.254
ROBIN,0.01,noise_s003,0.515
ROBIN,0.01,noise_s005,0.661
ROBIN,0.01,noise_s008,0.503
ROBIN,0.01,rotation,0.0
ROBIN,0.01,rotation+cropping+jpeg,0.0
ROBIN,0.05,none,0.453
ROBIN,0.05,blurring,0.161
ROBIN,0.05,blurring+noise,0.964
ROBIN,0.05,cropping,0.123
ROBIN,0.05,cropping+jpeg,0.007
ROBIN,0.05,jpeg+cropping,0.0
ROBIN,0.05,jpeg_q30,0.016
ROBIN,0.05,jpeg_q50,0.0
ROBIN,0.05,jpeg_q70,0.031
ROBIN,0.05,jpeg_q90,0.224
ROBIN,0.05,noise+blurring+jpeg,0.0
ROBIN,0.05,noise_s001,0.168
ROBIN,0.05,noise_s003,0.811
ROBIN,0.05,noise_s005,0.94
ROBIN,0.05,noise_s008,0.96
ROBIN,0.05,rotation,0.0
ROBIN,0.05,rotation+cropping+jpeg,0.0
ROBIN,0.1,none,0.454
ROBIN,0.1,blurring,0.184
ROBIN,0.1,blurring+noise,0.957
ROBIN,0.1,cropping,0.264
ROBIN,0.1,cropping+jpeg,0.013
ROBIN,0.1,jpeg+cropping,0.0
ROBIN,0.1,jpeg_q30,0.0
ROBIN,0.1,jpeg_q50,0.0
ROBIN,0.1,jpeg_q70,0.094
ROBIN,0.1,jpeg_q90,0.38
ROBIN,0.1,noise+blurring+jpeg,0.0
ROBIN,0.1,noise_s001,0.256
ROBIN,0.1,noise_s003,0.894
ROBIN,0.1,noise_s005,0.96
ROBIN,0.1,noise_s008,0.958
ROBIN,0.1,rotation,0.0
ROBIN,0.1,rotation+cropping+jpeg,0.0
