detector,alpha,attack_id,tau,m,fp,fpr,wilson_lo,wilson_hi,p_exceed_one_sided,ks_vs_none,tpr_none
Tree-Ring,0.01,none,-76.0335464477539,500,6,0.012,0.0055109199671753584,0.025930707718986326,0.38403786817854724,0.0,0.98
Tree-Ring,0.01,blurring,-76.0335464477539,500,5,0.01,0.004278690781520357,0.023193435378764938,0.5603889132519009,0.082,0.98
Tree-Ring,0.01,blurring+noise,-76.0335464477539,500,3,0.006,0.002042559297638913,0.017490563810893606,0.8766142256464192,0.127,0.98
Tree-Ring,0.01,cropping,-76.0335464477539,500,4,0.008,0.0031152647975077885,0.020387359836901122,0.7363844118634078,0.055,0.98
Tree-Ring,0.01,cropping+jpeg,-76.0335464477539,500,3,0.006,0.002042559297638913,0.017490563810893606,0.8766142256464192,0.091,0.98
Tree-Ring,0.01,jpeg+cropping,-76.0335464477539,500,3,0.006,0.002042559297638913,0.017490563810893606,0.8766142256464192,0.13,0.98
Tree-Ring,0.01,jpeg_q30,-76.0335464477539,500,2,0.004,0.0010976075412372681,0.014466014041418871,0.9602452591676128,0.113,0.98
Tree-Ring,0.01,jpeg_q50,-76.0335464477539,500,3,0.006,0.002042559297638913,0.017490563810893606,0.8766142256464192,0.098,0.98
Tree-Ring,0.01,jpeg_q70,-76.0335464477539,500,8,0.016,0.008129155320203278,0.03125147541771118,0.13231986613181088,0.066,0.98
Tree-Ring,0.01,jpeg_q90,-76.0335464477539,500,7,0.014,0.006797703071787358,0.02861342614025071,0.237078663950756,0.019,0.98
Tree-Ring,0.01,noise+blurring+jpeg,-76.0335464477539,500,1,0.002,0.000353127309584542,0.011240992747195207,0.9934295169575854,0.087,0.98
Tree-Ring,0.01,noise_s001,-76.0335464477539,500,4,0.008,0.0031152647975077885,0.020387359836901122,0.7363844118634078,0.06,0.98
Tree-Ring,0.01,noise_s003,-76.0335464477539,500,5,0.01,0.004278690781520357,0.023193435378764938,0.5603889132519009,0.076,0.98
Tree-Ring,0.01,noise_s005,-76.0335464477539,500,4,0.008,0.0031152647975077885,0.020387359836901122,0.7363844118634078,0.09,0.98
Tree-Ring,0.01,noise_s008,-76.0335464477539,500,3,0.006,0.002042559297638913,0.017490563810893606,0.8766142256464192,0.125,0.98
Tree-Ring,0.01,rotation,-76.0335464477539,500,2,0.004,0.0010976075412372681,0.014466014041418871,0.9602452591676128,0.139,0.98
Tree-Ring,0.01,rotation+cropping+jpeg,-76.0335464477539,500,3,0.006,0.002042559297638913,0.017490563810893606,0.8766142256464192,0.181,0.98
Tree-Ring,0.05,none,-77.58490753173828,500,26,0.052,0.03573001990962654,0.07510163829406287,0.44706114359124727,0.0,0.994
Tree-Ring,0.05,blurring,-77.58490753173828,500,21,0.042,0.027632099334746148,0.06335205123956134,0.8211492835543023,0.082,0.994
Tree-Ring,0.05,blurring+noise,-77.58490753173828,500,14,0.028,0.01675081930862122,0.04644682058455155,0.9944922453082683,0.127,0.994
Tree-Ring,0.05,cropping,-77.58490753173828,500,19,0.038,0.024459922123289107,0.0585852253992656,0.9135433412966055,0.055,0.994
Tree-Ring,0.05,cropping+jpeg,-77.58490753173828,500,8,0.016,0.008129155320203278,0.03125147541771118,0.9999837318467703,0.091,0.994
Tree-Ring,0.05,jpeg+cropping,-77.58490753173828,500,16,0.032,0.01979134135128301,0.05134530159364255,0.9801416228369934,0.13,0.994
Tree-Ring,0.05,jpeg_q30,-77.58490753173828,500,17,0.034,0.02133433944461342,0.053771805026188516,0.9657098134016044,0.113,0.994
Tree-Ring,0.05,jpeg_q50,-77.58490753173828,500,20,0.04,0.026040593951356387,0.06097405509707471,0.8727654760909432,0.098,0.994
Tree-Ring,0.05,jpeg_q70,-77.58490753173828,500,20,0.04,0.026040593951356387,0.06097405509707471,0.8727654760909432,0.066,0.994
Tree-Ring,0.05,jpeg_q90,-77.58490753173828,500,24,0.048,0.03246497509125218,0.07042768006068446,0.6100659620209476,0.019,0.994
Tree-Ring,0.05,noise+blurring+jpeg,-77.58490753173828,500,12,0.024,0.013781177149521824,0.04147745969189818,0.9988562118663982,0.087,0.994
Tree-Ring,0.05,noise_s001,-77.58490753173828,500,21,0.042,0.027632099334746148,0.06335205123956134,0.8211492835543023,0.06,0.994
Tree-Ring,0.05,noise_s003,-77.58490753173828,500,15,0.03,0.018263049234083534,0.04890409218496562,0.9891875405037114,0.076,0.994
Tree-Ring,0.05,noise_s005,-77.58490753173828,500,13,0.026,0.0152562373229252,0.04397190104437119,0.9973896816080878,0.09,0.994
Tree-Ring,0.05,noise_s008,-77.58490753173828,500,11,0.022,0.01232788016714588,0.03896125514839773,0.999539992845733,0.125,0.994
Tree-Ring,0.05,rotation,-77.58490753173828,500,12,0.024,0.013781177149521824,0.04147745969189818,0.9988562118663982,0.139,0.994
Tree-Ring,0.05,rotation+cropping+jpeg,-77.58490753173828,500,10,0.02,0.010899065235569357,0.03642056855409787,0.9998316463654902,0.181,0.994
Tree-Ring,0.1,none,-78.6942138671875,500,57,0.114,0.08903649378821105,0.14484971171764635,0.16585275956277964,0.0,1.0
Tree-Ring,0.1,blurring,-78.6942138671875,500,41,0.082,0.06101875732494105,0.10935542376689417,0.9249107103409568,0.082,1.0
Tree-Ring,0.1,blurring+noise,-78.6942138671875,500,34,0.068,0.04906621332682857,0.09352145708387197,0.9950531783230674,0.127,1.0
Tree-Ring,0.1,cropping,-78.6942138671875,500,55,0.11,0.08549101658817662,0.140456185865928,0.2476933007765621,0.055,1.0
Tree-Ring,0.1,cropping+jpeg,-78.6942138671875,500,35,0.07,0.05075944317125315,0.09579772876532376,0.9920795672645006,0.091,1.0
Tree-Ring,0.1,jpeg+cropping,-78.6942138671875,500,29,0.058,0.040683464783922846,0.08205669799739573,0.999706574965425,0.13,1.0
Tree-Ring,0.1,jpeg_q30,-78.6942138671875,500,35,0.07,0.05075944317125315,0.09579772876532376,0.9920795672645006,0.113,1.0
Tree-Ring,0.1,jpeg_q50,-78.6942138671875,500,39,0.078,0.057581071819524224,0.10485410622055823,0.9606603456839481,0.098,1.0
Tree-Ring,0.1,jpeg_q70,-78.6942138671875,500,47,0.094,0.07142604659353205,0.12276514365356148,0.693956282875466,0.066,1.0
Tree-Ring,0.1,jpeg_q90,-78.6942138671875,500,61,0.122,0.0961588543796491,0.15360535722971383,0.06182547718699955,0.019,1.0
Tree-Ring,0.1,noise+blurring+jpeg,-78.6942138671875,500,35,0.07,0.05075944317125315,0.09579772876532376,0.9920795672645006,0.087,1.0
Tree-Ring,0.1,noise_s001,-78.6942138671875,500,45,0.09,0.0679421955899675,0.11830999160537325,0.7920376515623755,0.06,1.0
Tree-Ring,0.1,noise_s003,-78.6942138671875,500,41,0.082,0.06101875732494105,0.10935542376689417,0.9249107103409568,0.076,1.0
Tree-Ring,0.1,noise_s005,-78.6942138671875,500,34,0.068,0.04906621332682857,0.09352145708387197,0.9950531783230674,0.09,1.0
Tree-Ring,0.1,noise_s008,-78.6942138671875,500,30,0.06,0.042348086000950205,0.08436157830624476,0.9994481894568812,0.125,1.0
Tree-Ring,0.1,rotation,-78.6942138671875,500,36,0.072,0.05245772605354006,0.09806894740891321,0.9876805109048431,0.139,1.0
Tree-Ring,0.1,rotation+cropping+jpeg,-78.6942138671875,500,23,0.046,0.030844883399787512,0.06807827022627275,0.9999970256311357,0.181,1.0
ROBIN,0.01,none,-48.126686096191406,500,6,0.012,0.0055109199671753584,0.025930707718986326,0.38403786817854724,0.0,0.996
ROBIN,0.01,blurring,-48.126686096191406,500,9,0.018,0.009498085051756854,0.03385204721203399,0.06711015991370486,0.076,0.996
ROBIN,0.01,blurring+noise,-48.126686096191406,500,10,0.02,0.010899065235569357,0.03642056855409787,0.031102106648487914,0.045,0.996
ROBIN,0.01,cropping,-48.126686096191406,500,8,0.016,0.008129155320203278,0.03125147541771118,0.13231986613181088,0.025,0.996
ROBIN,0.01,cropping+jpeg,-48.126686096191406,500,5,0.01,0.004278690781520357,0.023193435378764938,0.5603889132519009,0.06,0.996
ROBIN,0.01,jpeg+cropping,-48.126686096191406,500,3,0.006,0.002042559297638913,0.017490563810893606,0.8766142256464192,0.106,0.996
ROBIN,0.01,jpeg_q30,-48.126686096191406,500,7,0.014,0.006797703071787358,0.02861342614025071,0.237078663950756,0.086,0.996
ROBIN,0.01,jpeg_q50,-48.126686096191406,500,4,0.008,0.0031152647975077885,0.020387359836901122,0.7363844118634078,0.077,0.996
ROBIN,0.01,jpeg_q70,-48.126686096191406,500,4,0.008,0.0031152647975077885,0.020387359836901122,0.7363844118634078,0.044,0.996
ROBIN,0.01,jpeg_q90,-48.126686096191406,500,7,0.014,0.006797703071787358,0.02861342614025071,0.237078663950756,0.015,0.996
ROBIN,0.01,noise+blurring+jpeg,-48.126686096191406,500,0,0.0,0.0,0.007624618530903363,1.0,0.104,0.996
ROBIN,0.01,noise_s001,-48.126686096191406,500,6,0.012,0.0055109199671753584,0.025930707718986326,0.38403786817854724,0.032,0.996
ROBIN,0.01,noise_s003,-48.126686096191406,500,11,0.022,0.01232788016714588,0.03896125514839773,0.013243567099779436,0.038,0.996
ROBIN,0.01,noise_s005,-48.126686096191406,500,12,0.024,0.013781177149521824,0.04147745969189818,0.0052080442541713266,0.058,0.996
ROBIN,0.01,noise_s008,-48.126686096191406,500,12,0.024,0.013781177149521824,0.04147745969189818,0.0052080442541713266,0.082,0.996
ROBIN,0.01,rotation,-48.126686096191406,500,0,0.0,0.0,0.007624618530903363,1.0,0.251,0.996
ROBIN,0.01,rotation+cropping+jpeg,-48.126686096191406,500,1,0.002,0.000353127309584542,0.011240992747195207,0.9934295169575854,0.18,0.996
ROBIN,0.05,none,-49.37412643432617,500,19,0.038,0.024459922123289107,0.0585852253992656,0.9135433412966055,0.0,0.996
ROBIN,0.05,blurring,-49.37412643432617,500,20,0.04,0.026040593951356387,0.06097405509707471,0.8727654760909432,0.076,0.996
ROBIN,0.05,blurring+noise,-49.37412643432617,500,33,0.066,0.04737823802541255,0.09123993085941157,0.06637079335565349,0.045,0.996
ROBIN,0.05,cropping,-49.37412643432617,500,20,0.04,0.026040593951356387,0.06097405509707471,0.8727654760909432,0.025,0.996
ROBIN,0.05,cropping+jpeg,-49.37412643432617,500,16,0.032,0.01979134135128301,0.05134530159364255,0.9801416228369934,0.06,0.996
ROBIN,0.05,jpeg+cropping,-49.37412643432617,500,8,0.016,0.008129155320203278,0.03125147541771118,0.9999837318467703,0.106,0.996
ROBIN,0.05,jpeg_q30,-49.37412643432617,500,14,0.028,0.01675081930862122,0.04644682058455155,0.9944922453082683,0.086,0.996
ROBIN,0.05,jpeg_q50,-49.37412643432617,500,11,0.022,0.01232788016714588,0.03896125514839773,0.999539992845733,0.077,0.996
ROBIN,0.05,jpeg_q70,-49.37412643432617,500,13,0.026,0.0152562373229252,0.04397190104437119,0.9973896816080878,0.044,0.996
ROBIN,0.05,jpeg_q90,-49.37412643432617,500,17,0.034,0.02133433944461342,0.053771805026188516,0.9657098134016044,0.015,0.996
ROBIN,0.05,noise+blurring+jpeg,-49.37412643432617,500,8,0.016,0.008129155320203278,0.03125147541771118,0.9999837318467703,0.104,0.996
ROBIN,0.05,noise_s001,-49.37412643432617,500,21,0.042,0.027632099334746148,0.06335205123956134,0.8211492835543023,0.032,0.996
ROBIN,0.05,noise_s003,-49.37412643432617,500,30,0.06,0.042348086000950205,0.08436157830624476,0.17647074265671397,0.038,0.996
ROBIN,0.05,noise_s005,-49.37412643432617,500,32,0.064,0.045695733565557124,0.08895293379339062,0.09445048289059951,0.058,0.996
ROBIN,0.05,noise_s008,-49.37412643432617,500,34,0.068,0.04906621332682857,0.09352145708387197,0.045411790640574094,0.082,0.996
ROBIN,0.05,rotation,-49.37412643432617,500,1,0.002,0.000353127309584542,0.011240992747195207,0.9999999999927255,0.251,0.996
ROBIN,0.05,rotation+cropping+jpeg,-49.37412643432617,500,6,0.012,0.0055109199671753584,0.025930707718986326,0.9999990818191732,0.18,0.996
ROBIN,0.1,none,-50.48165893554688,500,53,0.106,0.08195666053446124,0.1360515388678906,0.34838119949983,0.0,0.998
ROBIN,0.1,blurring,-50.48165893554688,500,42,0.084,0.06274379952220428,0.11159988309550732,0.8998864730243298,0.076,0.998
ROBIN,0.1,blurring+noise,-50.48165893554688,500,72,0.144,0.11593760751948218,0.177491120874521,0.0011438142380757745,0.045,0.998
ROBIN,0.1,cropping,-50.48165893554688,500,46,0.092,0.0696823665014548,0.12053932221976234,0.7453107394376565,0.025,0.998
ROBIN,0.1,cropping+jpeg,-50.48165893554688,500,34,0.068,0.04906621332682857,0.09352145708387197,0.9950531783230674,0.06,0.998
ROBIN,0.1,jpeg+cropping,-50.48165893554688,500,21,0.042,0.027632099334746148,0.06335205123956134,0.9999995442519194,0.106,0.998
ROBIN,0.1,jpeg_q30,-50.48165893554688,500,31,0.062,0.04401893261361028,0.08666023321946106,0.9989974502919771,0.086,0.998
ROBIN,0.1,jpeg_q50,-50.48165893554688,500,28,0.056,0.03902536261505807,0.07974529864038413,0.9998494533928189,0.077,0.998
ROBIN,0.1,jpeg_q70,-50.48165893554688,500,44,0.088,0.06620563711739778,0.11607704855206659,0.8335385274626187,0.044,0.998
ROBIN,0.1,jpeg_q90,-50.48165893554688,500,51,0.102,0.07843397139617729,0.1316352249544218,0.4624311924569362,0.015,0.998
ROBIN,0.1,noise+blurring+jpeg,-50.48165893554688,500,25,0.05,0.03409350665098192,0.07276865002683111,0.9999838234203564,0.104,0.998
ROBIN,0.1,noise_s001,-50.48165893554688,500,49,0.098,0.07492354740061163,0.1272066458982347,0.5810408907134257,0.032,0.998
ROBIN,0.1,noise_s003,-50.48165893554688,500,68,0.136,0.10871499179718816,0.1688357304933095,0.00604785079010989,0.038,0.998
ROBIN,0.1,noise_s005,-50.48165893554688,500,66,0.132,0.10511627994905025,0.16449543928969462,0.01269429303601632,0.058,0.998
ROBIN,0.1,noise_s008,-50.48165893554688,500,71,0.142,0.1141288975465133,0.17533032932161352,0.0017740936881418946,0.082,0.998
ROBIN,0.1,rotation,-50.48165893554688,500,6,0.012,0.0055109199671753584,0.025930707718986326,0.9999999999999999,0.251,0.998
ROBIN,0.1,rotation+cropping+jpeg,-50.48165893554688,500,15,0.03,0.018263049234083534,0.04890409218496562,0.999999999549526,0.18,0.998
